dataset,model,prosedur,config,split,accuracy,balanced_accuracy,precision,recall,f1,roc_auc,average_precision
HCV,NB,P-A,utama,0,0.9105691056910569,0.8629629629629629,0.6,0.8,0.6857142857142857,0.9527777777777778,0.6327620539907067
HCV,NB,P-A,utama,1,0.9349593495934959,0.8768518518518519,0.7058823529411765,0.8,0.75,0.8895061728395062,0.7050325382678324
HCV,NB,P-A,utama,2,0.9349593495934959,0.7907407407407407,0.8181818181818182,0.6,0.6923076923076923,0.8975308641975309,0.790420408051987
HCV,NB,P-A,utama,3,0.9349593495934959,0.7907407407407407,0.8181818181818182,0.6,0.6923076923076923,0.8308641975308643,0.5925961601193313
HCV,NB,P-A,utama,4,0.926829268292683,0.7574074074074074,0.8,0.5333333333333333,0.64,0.9407407407407408,0.8088112115305097
HCV,NB,P-A,utama,5,0.926829268292683,0.7861111111111111,0.75,0.6,0.6666666666666666,0.8743827160493827,0.6445907772083584
HCV,NB,P-A,utama,6,0.9186991869918699,0.7814814814814814,0.6923076923076923,0.6,0.6428571428571429,0.9009259259259259,0.651156010780424
HCV,NB,P-A,utama,7,0.9024390243902439,0.7722222222222221,0.6,0.6,0.6,0.8962962962962964,0.7298742697504308
HCV,NB,P-A,utama,8,0.959349593495935,0.8620370370370369,0.9166666666666666,0.7333333333333333,0.8148148148148148,0.9552469135802469,0.7792517488273608
HCV,NB,P-A,utama,9,0.943089430894309,0.8527777777777777,0.7857142857142857,0.7333333333333333,0.7586206896551724,0.9682098765432099,0.7511875989193476
HCV,NB,P-A,utama,10,0.959349593495935,0.8333333333333333,1.0,0.6666666666666666,0.8,0.9518518518518518,0.8590246354952238
HCV,NB,P-A,utama,11,0.926829268292683,0.8722222222222222,0.6666666666666666,0.8,0.7272727272727273,0.9456790123456791,0.7076941015640706
HCV,NB,P-A,utama,12,0.8861788617886179,0.7055555555555555,0.5384615384615384,0.4666666666666667,0.5,0.8435185185185184,0.5989740725839124
HCV,NB,P-A,utama,13,0.9349593495934959,0.8194444444444444,0.7692307692307693,0.6666666666666666,0.7142857142857143,0.9074074074074074,0.7632839725928686
HCV,NB,P-A,utama,14,0.8943089430894309,0.7101851851851853,0.5833333333333334,0.4666666666666667,0.5185185185185185,0.8364197530864197,0.5790952352899141
HCV,NB,P-A,utama,15,0.943089430894309,0.9101851851851852,0.7222222222222222,0.8666666666666667,0.7878787878787878,0.9629629629629629,0.8790173898389033
HCV,NB,P-A,utama,16,0.926829268292683,0.7287037037037036,0.875,0.4666666666666667,0.6086956521739131,0.9160493827160494,0.7825280538041843
HCV,NB,P-A,utama,17,0.8943089430894309,0.7675925925925926,0.5625,0.6,0.5806451612903226,0.9191358024691357,0.5494608230259104
HCV,NB,P-A,utama,18,0.9105691056910569,0.7194444444444444,0.7,0.4666666666666667,0.56,0.8824074074074074,0.6361882561882561
HCV,NB,P-A,utama,19,0.943089430894309,0.8527777777777777,0.7857142857142857,0.7333333333333333,0.7586206896551724,0.8972222222222223,0.7067296992296993
HCV,NB,P-A,utama,20,0.926829268292683,0.8435185185185186,0.6875,0.7333333333333333,0.7096774193548387,0.929320987654321,0.7221283541020384
HCV,NB,P-A,utama,21,0.9349593495934959,0.7907407407407407,0.8181818181818182,0.6,0.6923076923076923,0.8944444444444445,0.7197187446844198
HCV,NB,P-A,utama,22,0.926829268292683,0.7287037037037036,0.875,0.4666666666666667,0.6086956521739131,0.9595679012345679,0.7489818303330298
HCV,NB,P-A,utama,23,0.8943089430894309,0.7388888888888889,0.5714285714285714,0.5333333333333333,0.5517241379310345,0.8638888888888889,0.5931220067232669
HCV,NB,P-A,utama,24,0.9349593495934959,0.8768518518518519,0.7058823529411765,0.8,0.75,0.9512345679012346,0.6918470219545488
HCV,NB,P-A,utama,25,0.9105691056910569,0.8055555555555556,0.625,0.6666666666666666,0.6451612903225806,0.9209876543209877,0.7545267195003806
HCV,NB,P-A,utama,26,0.943089430894309,0.8814814814814815,0.75,0.8,0.7741935483870968,0.9549382716049383,0.7919023569023569
HCV,NB,P-A,utama,27,0.9186991869918699,0.7527777777777778,0.7272727272727273,0.5333333333333333,0.6153846153846154,0.8567901234567901,0.669922051729344
HCV,NB,P-A,utama,28,0.9349593495934959,0.7907407407407407,0.8181818181818182,0.6,0.6923076923076923,0.9206790123456791,0.7223210572787326
HCV,NB,P-A,utama,29,0.9186991869918699,0.8101851851851851,0.6666666666666666,0.6666666666666666,0.6666666666666666,0.8820987654320988,0.6194140615549396
HCV,NB,P-A,utama,30,0.9024390243902439,0.7722222222222221,0.6,0.6,0.6,0.9253086419753087,0.748368943605636
HCV,NB,P-A,utama,31,0.9349593495934959,0.8194444444444444,0.7692307692307693,0.6666666666666666,0.7142857142857143,0.8589506172839505,0.6470807240071703
HCV,NB,P-A,utama,32,0.926829268292683,0.8148148148148148,0.7142857142857143,0.6666666666666666,0.6896551724137931,0.9345679012345679,0.7168117716047283
HCV,NB,P-A,utama,33,0.943089430894309,0.8240740740740741,0.8333333333333334,0.6666666666666666,0.7407407407407407,0.9222222222222223,0.7814808586757481
HCV,NB,P-A,utama,34,0.926829268292683,0.7861111111111111,0.75,0.6,0.6666666666666666,0.8765432098765432,0.5980360541230108
HCV,NB,P-A,utama,35,0.9186991869918699,0.8675925925925927,0.631578947368421,0.8,0.7058823529411765,0.9209876543209877,0.7326250327336017
HCV,NB,P-A,utama,36,0.9186991869918699,0.7240740740740741,0.7777777777777778,0.4666666666666667,0.5833333333333334,0.8395061728395061,0.6957768157768158
HCV,NB,P-A,utama,37,0.926829268292683,0.7574074074074074,0.8,0.5333333333333333,0.64,0.9209876543209876,0.7584465534465534
HCV,NB,P-A,utama,38,0.943089430894309,0.8240740740740741,0.8333333333333334,0.6666666666666666,0.7407407407407407,0.9660493827160495,0.8736072261072261
HCV,NB,P-A,utama,39,0.9024390243902439,0.7722222222222221,0.6,0.6,0.6,0.9083333333333332,0.5805331705331704
HCV,NB,P-A,utama,40,0.926829268292683,0.8148148148148148,0.7142857142857143,0.6666666666666666,0.6896551724137931,0.9320987654320988,0.7840740740740741
HCV,NB,P-A,utama,41,0.9186991869918699,0.7527777777777778,0.7272727272727273,0.5333333333333333,0.6153846153846154,0.8805555555555555,0.6675975453648626
HCV,NB,P-A,utama,42,0.943089430894309,0.7666666666666666,1.0,0.5333333333333333,0.6956521739130435,0.9006172839506174,0.79959509278578
HCV,NB,P-A,utama,43,0.9186991869918699,0.8388888888888888,0.6470588235294118,0.7333333333333333,0.6875,0.9469135802469135,0.6537787026143467
HCV,NB,P-A,utama,44,0.943089430894309,0.8527777777777777,0.7857142857142857,0.7333333333333333,0.7586206896551724,0.967283950617284,0.827564719231386
HCV,NB,P-A,utama,45,0.9512195121951219,0.8287037037037037,0.9090909090909091,0.6666666666666666,0.7692307692307693,0.941358024691358,0.8408130999435346
HCV,NB,P-A,utama,46,0.9024390243902439,0.8296296296296296,0.5789473684210527,0.7333333333333333,0.6470588235294118,0.933641975308642,0.7186402579049638
HCV,NB,P-A,utama,47,0.9105691056910569,0.7194444444444444,0.7,0.4666666666666667,0.56,0.8635802469135802,0.6718021768967395
HCV,NB,P-A,utama,48,0.8861788617886179,0.6768518518518518,0.5454545454545454,0.4,0.46153846153846156,0.8351851851851853,0.45944136619073545
HCV,NB,P-A,utama,49,0.967479674796748,0.924074074074074,0.8666666666666667,0.8666666666666667,0.8666666666666667,0.9311728395061729,0.8314132900858564
HCV,NB,P-C,utama,0,0.8943089430894309,0.8824074074074074,0.5416666666666666,0.8666666666666667,0.6666666666666666,0.9521604938271605,0.6317539894745776
HCV,NB,P-C,utama,1,0.9349593495934959,0.8768518518518519,0.7058823529411765,0.8,0.75,0.8932098765432098,0.7090103728799381
HCV,NB,P-C,utama,2,0.9349593495934959,0.7907407407407407,0.8181818181818182,0.6,0.6923076923076923,0.9024691358024691,0.8079829341236873
HCV,NB,P-C,utama,3,0.926829268292683,0.7861111111111111,0.75,0.6,0.6666666666666666,0.8277777777777777,0.5904342185895584
HCV,NB,P-C,utama,4,0.926829268292683,0.7861111111111111,0.75,0.6,0.6666666666666666,0.932716049382716,0.8034839508412478
HCV,NB,P-C,utama,5,0.9186991869918699,0.7814814814814814,0.6923076923076923,0.6,0.6428571428571429,0.8842592592592593,0.6496344241116717
HCV,NB,P-C,utama,6,0.9186991869918699,0.8101851851851851,0.6666666666666666,0.6666666666666666,0.6666666666666666,0.8929012345679013,0.648617101852396
HCV,NB,P-C,utama,7,0.8943089430894309,0.7675925925925926,0.5625,0.6,0.5806451612903226,0.8981481481481481,0.7313197197252925
HCV,NB,P-C,utama,8,0.967479674796748,0.8953703703703704,0.9230769230769231,0.8,0.8571428571428571,0.958641975308642,0.7907153149107172
HCV,NB,P-C,utama,9,0.943089430894309,0.8814814814814815,0.75,0.8,0.7741935483870968,0.967283950617284,0.7288710548710549
HCV,NB,P-C,utama,10,0.959349593495935,0.8620370370370369,0.9166666666666666,0.7333333333333333,0.8148148148148148,0.9351851851851852,0.8555458820164703
HCV,NB,P-C,utama,11,0.926829268292683,0.8722222222222222,0.6666666666666666,0.8,0.7272727272727273,0.9481481481481481,0.7105446623093683
HCV,NB,P-C,utama,12,0.8943089430894309,0.7101851851851853,0.5833333333333334,0.4666666666666667,0.5185185185185185,0.8466049382716049,0.6169836644836646
HCV,NB,P-C,utama,13,0.943089430894309,0.8527777777777777,0.7857142857142857,0.7333333333333333,0.7586206896551724,0.9101851851851852,0.712886187886188
HCV,NB,P-C,utama,14,0.8861788617886179,0.7055555555555555,0.5384615384615384,0.4666666666666667,0.5,0.8351851851851853,0.580501248001248
HCV,NB,P-C,utama,15,0.943089430894309,0.9101851851851852,0.7222222222222222,0.8666666666666667,0.7878787878787878,0.9611111111111111,0.8775007063201975
HCV,NB,P-C,utama,16,0.9349593495934959,0.7907407407407407,0.8181818181818182,0.6,0.6923076923076923,0.9123456790123456,0.7925584795321637
HCV,NB,P-C,utama,17,0.8943089430894309,0.7675925925925926,0.5625,0.6,0.5806451612903226,0.9194444444444444,0.5305908748261907
HCV,NB,P-C,utama,18,0.9186991869918699,0.7527777777777778,0.7272727272727273,0.5333333333333333,0.6153846153846154,0.8830246913580246,0.6287291800195027
HCV,NB,P-C,utama,19,0.9349593495934959,0.8481481481481481,0.7333333333333333,0.7333333333333333,0.7333333333333333,0.888888888888889,0.7107706672412555
HCV,NB,P-C,utama,20,0.926829268292683,0.8435185185185186,0.6875,0.7333333333333333,0.7096774193548387,0.9299382716049382,0.7179942688945068
HCV,NB,P-C,utama,21,0.943089430894309,0.8240740740740741,0.8333333333333334,0.6666666666666666,0.7407407407407407,0.9018518518518519,0.7406544321485296
HCV,NB,P-C,utama,22,0.943089430894309,0.7953703703703703,0.9,0.6,0.72,0.962962962962963,0.7755321977902623
HCV,NB,P-C,utama,23,0.9024390243902439,0.8009259259259259,0.5882352941176471,0.6666666666666666,0.625,0.8589506172839506,0.5914458946019817
HCV,NB,P-C,utama,24,0.926829268292683,0.8722222222222222,0.6666666666666666,0.8,0.7272727272727273,0.9518518518518517,0.703247104109173
HCV,NB,P-C,utama,25,0.9105691056910569,0.8055555555555556,0.625,0.6666666666666666,0.6451612903225806,0.9209876543209876,0.7634230047133272
HCV,NB,P-C,utama,26,0.943089430894309,0.8814814814814815,0.75,0.8,0.7741935483870968,0.9537037037037037,0.7876097413053935
HCV,NB,P-C,utama,27,0.9105691056910569,0.7768518518518519,0.6428571428571429,0.6,0.6206896551724138,0.8685185185185186,0.6792603197112015
HCV,NB,P-C,utama,28,0.9349593495934959,0.8194444444444444,0.7692307692307693,0.6666666666666666,0.7142857142857143,0.9212962962962963,0.7229097948834792
HCV,NB,P-C,utama,29,0.9186991869918699,0.8101851851851851,0.6666666666666666,0.6666666666666666,0.6666666666666666,0.8783950617283951,0.6180470395533509
HCV,NB,P-C,utama,30,0.9024390243902439,0.7722222222222221,0.6,0.6,0.6,0.9271604938271605,0.7547831564259111
HCV,NB,P-C,utama,31,0.9105691056910569,0.8055555555555556,0.625,0.6666666666666666,0.6451612903225806,0.8574074074074074,0.619301176654871
HCV,NB,P-C,utama,32,0.926829268292683,0.8722222222222222,0.6666666666666666,0.8,0.7272727272727273,0.9382716049382717,0.718100851676703
HCV,NB,P-C,utama,33,0.9349593495934959,0.8194444444444444,0.7692307692307693,0.6666666666666666,0.7142857142857143,0.8993827160493827,0.762621554131175
HCV,NB,P-C,utama,34,0.926829268292683,0.7861111111111111,0.75,0.6,0.6666666666666666,0.875925925925926,0.6046811791750109
HCV,NB,P-C,utama,35,0.9105691056910569,0.8629629629629629,0.6,0.8,0.6857142857142857,0.921604938271605,0.7310978028625088
HCV,NB,P-C,utama,36,0.9186991869918699,0.7527777777777778,0.7272727272727273,0.5333333333333333,0.6153846153846154,0.8407407407407408,0.6964352242597981
HCV,NB,P-C,utama,37,0.9186991869918699,0.7527777777777778,0.7272727272727273,0.5333333333333333,0.6153846153846154,0.9117283950617283,0.7507038567933273
HCV,NB,P-C,utama,38,0.9512195121951219,0.8574074074074074,0.8461538461538461,0.7333333333333333,0.7857142857142857,0.9666666666666668,0.8981801222513297
HCV,NB,P-C,utama,39,0.8861788617886179,0.762962962962963,0.5294117647058824,0.6,0.5625,0.9095679012345679,0.5822398492845523
HCV,NB,P-C,utama,40,0.9186991869918699,0.8101851851851851,0.6666666666666666,0.6666666666666666,0.6666666666666666,0.9271604938271605,0.7809907902554961
HCV,NB,P-C,utama,41,0.9186991869918699,0.7527777777777778,0.7272727272727273,0.5333333333333333,0.6153846153846154,0.8703703703703705,0.6260291241769276
HCV,NB,P-C,utama,42,0.943089430894309,0.8240740740740741,0.8333333333333334,0.6666666666666666,0.7407407407407407,0.9018518518518518,0.80333103164367
HCV,NB,P-C,utama,43,0.9186991869918699,0.8388888888888888,0.6470588235294118,0.7333333333333333,0.6875,0.9487654320987654,0.6611912900269341
HCV,NB,P-C,utama,44,0.9349593495934959,0.8481481481481481,0.7333333333333333,0.7333333333333333,0.7333333333333333,0.9598765432098765,0.8227147344889281
HCV,NB,P-C,utama,45,0.9512195121951219,0.8861111111111111,0.8,0.8,0.8,0.9370370370370371,0.8412585061996827
HCV,NB,P-C,utama,46,0.9024390243902439,0.8296296296296296,0.5789473684210527,0.7333333333333333,0.6470588235294118,0.9385802469135802,0.7287376351506786
HCV,NB,P-C,utama,47,0.9024390243902439,0.7435185185185185,0.6153846153846154,0.5333333333333333,0.5714285714285714,0.8672839506172839,0.6770460926310232
HCV,NB,P-C,utama,48,0.8861788617886179,0.6768518518518518,0.5454545454545454,0.4,0.46153846153846156,0.8290123456790124,0.4513930412150477
HCV,NB,P-C,utama,49,0.975609756097561,0.9574074074074075,0.875,0.9333333333333333,0.9032258064516129,0.9302469135802469,0.8420615080959908
HCV,DT,P-A,utama,0,0.943089430894309,0.9101851851851852,0.7222222222222222,0.8666666666666667,0.7878787878787878,0.946604938271605,0.7781580925052948
HCV,DT,P-A,utama,1,0.926829268292683,0.9009259259259259,0.65,0.8666666666666667,0.7428571428571429,0.9141975308641975,0.7993595778063044
HCV,DT,P-A,utama,2,0.9512195121951219,0.8287037037037037,0.9090909090909091,0.6666666666666666,0.7692307692307693,0.9206790123456791,0.7880912944327579
HCV,DT,P-A,utama,3,0.9349593495934959,0.7620370370370371,0.8888888888888888,0.5333333333333333,0.6666666666666666,0.7675925925925926,0.5595934959349593
HCV,DT,P-A,utama,4,0.9512195121951219,0.8861111111111111,0.8,0.8,0.8,0.9469135802469137,0.7958405190112507
HCV,DT,P-A,utama,5,0.959349593495935,0.8333333333333333,1.0,0.6666666666666666,0.8,0.8666666666666667,0.7658536585365854
HCV,DT,P-A,utama,6,0.959349593495935,0.8333333333333333,1.0,0.6666666666666666,0.8,0.8932098765432098,0.80534262485482
HCV,DT,P-A,utama,7,0.926829268292683,0.7861111111111111,0.75,0.6,0.6666666666666666,0.8817901234567901,0.6629183824305775
HCV,DT,P-A,utama,8,0.9512195121951219,0.8287037037037037,0.9090909090909091,0.6666666666666666,0.7692307692307693,0.8438271604938271,0.691151937493401
HCV,DT,P-A,utama,9,0.9024390243902439,0.8009259259259259,0.5882352941176471,0.6666666666666666,0.625,0.9324074074074074,0.674241192411924
HCV,DT,P-A,utama,10,0.959349593495935,0.8333333333333333,1.0,0.6666666666666666,0.8,0.8777777777777779,0.7691136878581901
HCV,DT,P-A,utama,11,0.9349593495934959,0.8768518518518519,0.7058823529411765,0.8,0.75,0.8419753086419752,0.6021523194643712
HCV,DT,P-A,utama,12,0.9512195121951219,0.8574074074074074,0.8461538461538461,0.7333333333333333,0.7857142857142857,0.879320987654321,0.6849030644152595
HCV,DT,P-A,utama,13,0.967479674796748,0.8666666666666667,1.0,0.7333333333333333,0.8461538461538461,0.9317901234567901,0.8393266624973942
HCV,DT,P-A,utama,14,0.8861788617886179,0.7342592592592593,0.5333333333333333,0.5333333333333333,0.5333333333333333,0.7740740740740741,0.5129471544715447
HCV,DT,P-A,utama,15,0.983739837398374,0.9333333333333333,1.0,0.8666666666666667,0.9285714285714286,0.9623456790123457,0.9214634146341464
HCV,DT,P-A,utama,16,0.9349593495934959,0.7907407407407407,0.8181818181818182,0.6,0.6923076923076923,0.9500000000000001,0.8286156504820343
HCV,DT,P-A,utama,17,0.926829268292683,0.7574074074074074,0.8,0.5333333333333333,0.64,0.9444444444444445,0.8235549179021202
HCV,DT,P-A,utama,18,0.9349593495934959,0.7907407407407407,0.8181818181818182,0.6,0.6923076923076923,0.9077160493827161,0.6762998744706061
HCV,DT,P-A,utama,19,0.9349593495934959,0.8768518518518519,0.7058823529411765,0.8,0.75,0.9395061728395062,0.7439967445001333
HCV,DT,P-A,utama,20,0.959349593495935,0.8620370370370369,0.9166666666666666,0.7333333333333333,0.8148148148148148,0.9530864197530865,0.8259060869715554
HCV,DT,P-A,utama,21,0.975609756097561,0.9287037037037037,0.9285714285714286,0.8666666666666667,0.896551724137931,0.928395061728395,0.8166264629679264
HCV,DT,P-A,utama,22,0.9349593495934959,0.7620370370370371,0.8888888888888888,0.5333333333333333,0.6666666666666666,0.9046296296296297,0.7063342366757001
HCV,DT,P-A,utama,23,0.959349593495935,0.8620370370370369,0.9166666666666666,0.7333333333333333,0.8148148148148148,0.9725308641975309,0.8837301587301587
HCV,DT,P-A,utama,24,0.983739837398374,0.9333333333333333,1.0,0.8666666666666667,0.9285714285714286,0.9632716049382716,0.933130081300813
HCV,DT,P-A,utama,25,0.959349593495935,0.8907407407407408,0.8571428571428571,0.8,0.8275862068965517,0.9771604938271604,0.7887667887667887
HCV,DT,P-A,utama,26,0.959349593495935,0.8333333333333333,1.0,0.6666666666666666,0.8,0.9891975308641976,0.9191979949874687
HCV,DT,P-A,utama,27,0.9349593495934959,0.7907407407407407,0.8181818181818182,0.6,0.6923076923076923,0.8583333333333334,0.722731118713902
HCV,DT,P-A,utama,28,0.926829268292683,0.7861111111111111,0.75,0.6,0.6666666666666666,0.9314814814814815,0.74324107739007
HCV,DT,P-A,utama,29,0.959349593495935,0.8333333333333333,1.0,0.6666666666666666,0.8,0.9166666666666667,0.8108857664663603
HCV,DT,P-A,utama,30,0.926829268292683,0.8435185185185186,0.6875,0.7333333333333333,0.7096774193548387,0.909567901234568,0.7349273247470489
HCV,DT,P-A,utama,31,0.9349593495934959,0.7620370370370371,0.8888888888888888,0.5333333333333333,0.6666666666666666,0.8132716049382716,0.6349973850615699
HCV,DT,P-A,utama,32,0.9512195121951219,0.8861111111111111,0.8,0.8,0.8,0.9796296296296296,0.7767057740970784
HCV,DT,P-A,utama,33,0.943089430894309,0.8240740740740741,0.8333333333333334,0.6666666666666666,0.7407407407407407,0.9324074074074074,0.7202801534508851
HCV,DT,P-A,utama,34,0.959349593495935,0.8907407407407408,0.8571428571428571,0.8,0.8275862068965517,0.8919753086419754,0.8148664343786295
HCV,DT,P-A,utama,35,0.9186991869918699,0.925,0.6086956521739131,0.9333333333333333,0.7368421052631579,0.9299382716049382,0.6084814207825873
HCV,DT,P-A,utama,36,0.9186991869918699,0.6953703703703704,0.8571428571428571,0.4,0.5454545454545454,0.7101851851851853,0.5492081710733073
HCV,DT,P-A,utama,37,0.967479674796748,0.8666666666666667,1.0,0.7333333333333333,0.8461538461538461,0.854320987654321,0.7658536585365854
HCV,DT,P-A,utama,38,0.9512195121951219,0.8861111111111111,0.8,0.8,0.8,0.9429012345679012,0.8585805317512635
HCV,DT,P-A,utama,39,0.9349593495934959,0.7620370370370371,0.8888888888888888,0.5333333333333333,0.6666666666666666,0.9046296296296296,0.6928983392398026
HCV,DT,P-A,utama,40,0.9349593495934959,0.8768518518518519,0.7058823529411765,0.8,0.75,0.9503086419753087,0.8577431832465721
HCV,DT,P-A,utama,41,0.9512195121951219,0.8,1.0,0.6,0.75,0.925,0.8065659980467283
HCV,DT,P-A,utama,42,0.9512195121951219,0.8287037037037037,0.9090909090909091,0.6666666666666666,0.7692307692307693,0.8802469135802469,0.7016880338318079
HCV,DT,P-A,utama,43,0.9349593495934959,0.8768518518518519,0.7058823529411765,0.8,0.75,0.9518518518518518,0.8687041744858452
HCV,DT,P-A,utama,44,0.9512195121951219,0.8574074074074074,0.8461538461538461,0.7333333333333333,0.7857142857142857,0.9549382716049383,0.876725345685551
HCV,DT,P-A,utama,45,0.959349593495935,0.8907407407407408,0.8571428571428571,0.8,0.8275862068965517,0.9401234567901234,0.7929272594313246
HCV,DT,P-A,utama,46,0.967479674796748,0.9527777777777777,0.8235294117647058,0.9333333333333333,0.875,0.9910493827160495,0.8920255183413077
HCV,DT,P-A,utama,47,0.926829268292683,0.7287037037037036,0.875,0.4666666666666667,0.6086956521739131,0.8580246913580247,0.7421162847992115
HCV,DT,P-A,utama,48,0.9512195121951219,0.8,1.0,0.6,0.75,0.7907407407407409,0.648780487804878
HCV,DT,P-A,utama,49,0.9105691056910569,0.8342592592592593,0.6111111111111112,0.7333333333333333,0.6666666666666666,0.9441358024691359,0.8374020111253744
HCV,DT,P-B,utama,0,0.943089430894309,0.9675925925925926,0.6818181818181818,1.0,0.8108108108108109,0.9836419753086421,0.8232134222846297
HCV,DT,P-B,utama,1,0.8699186991869918,0.8685185185185185,0.48148148148148145,0.8666666666666667,0.6190476190476191,0.9108024691358024,0.7943906740654708
HCV,DT,P-B,utama,2,0.926829268292683,0.9009259259259259,0.65,0.8666666666666667,0.7428571428571429,0.9240740740740742,0.8338775125719171
HCV,DT,P-B,utama,3,0.9024390243902439,0.8296296296296296,0.5789473684210527,0.7333333333333333,0.6470588235294118,0.8910493827160494,0.5666461275139067
HCV,DT,P-B,utama,4,0.9186991869918699,0.925,0.6086956521739131,0.9333333333333333,0.7368421052631579,0.9503086419753086,0.7998209025568517
HCV,DT,P-B,utama,5,0.9349593495934959,0.9055555555555556,0.6842105263157895,0.8666666666666667,0.7647058823529411,0.9151234567901234,0.7040653398804875
HCV,DT,P-B,utama,6,0.9349593495934959,0.9055555555555556,0.6842105263157895,0.8666666666666667,0.7647058823529411,0.9182098765432098,0.7449435162849797
HCV,DT,P-B,utama,7,0.926829268292683,0.9009259259259259,0.65,0.8666666666666667,0.7428571428571429,0.9228395061728396,0.8408215661103979
HCV,DT,P-B,utama,8,0.8780487804878049,0.787037037037037,0.5,0.6666666666666666,0.5714285714285714,0.8003086419753086,0.47129368135786615
HCV,DT,P-B,utama,9,0.9024390243902439,0.8870370370370371,0.5652173913043478,0.8666666666666667,0.6842105263157895,0.9033950617283951,0.6161059308684469
HCV,DT,P-B,utama,10,0.8943089430894309,0.8537037037037037,0.5454545454545454,0.8,0.6486486486486487,0.8808641975308643,0.7527766722888674
HCV,DT,P-B,utama,11,0.8943089430894309,0.8824074074074074,0.5416666666666666,0.8666666666666667,0.6666666666666666,0.8895061728395062,0.5220914073802392
HCV,DT,P-B,utama,12,0.9186991869918699,0.8962962962962964,0.6190476190476191,0.8666666666666667,0.7222222222222222,0.9694444444444444,0.746031746031746
HCV,DT,P-B,utama,13,0.9186991869918699,0.8962962962962964,0.6190476190476191,0.8666666666666667,0.7222222222222222,0.9200617283950618,0.8130855594270229
HCV,DT,P-B,utama,14,0.9349593495934959,0.8481481481481481,0.7333333333333333,0.7333333333333333,0.7333333333333333,0.9361111111111111,0.6679202695570982
HCV,DT,P-B,utama,15,0.943089430894309,0.9388888888888889,0.7,0.9333333333333333,0.8,0.9941358024691358,0.9615656565656565
HCV,DT,P-B,utama,16,0.9349593495934959,0.8481481481481481,0.7333333333333333,0.7333333333333333,0.7333333333333333,0.8608024691358026,0.755597248280175
HCV,DT,P-B,utama,17,0.8780487804878049,0.7296296296296296,0.5,0.5333333333333333,0.5161290322580645,0.7376543209876543,0.44327420546932744
HCV,DT,P-B,utama,18,0.8780487804878049,0.8157407407407407,0.5,0.7333333333333333,0.5945945945945946,0.8280864197530865,0.6047425474254743
HCV,DT,P-B,utama,19,0.8699186991869918,0.8685185185185185,0.48148148148148145,0.8666666666666667,0.6190476190476191,0.917283950617284,0.8388351185099152
HCV,DT,P-B,utama,20,0.9349593495934959,0.9342592592592593,0.6666666666666666,0.9333333333333333,0.7777777777777778,0.9518518518518518,0.8063565770273088
HCV,DT,P-B,utama,21,0.9186991869918699,0.8962962962962964,0.6190476190476191,0.8666666666666667,0.7222222222222222,0.9209876543209877,0.7745172432116478
HCV,DT,P-B,utama,22,0.9024390243902439,0.9157407407407407,0.56,0.9333333333333333,0.7,0.9459876543209877,0.7653691385398702
HCV,DT,P-B,utama,23,0.9105691056910569,0.9490740740740741,0.5769230769230769,1.0,0.7317073170731707,0.9669753086419753,0.7624904997536577
HCV,DT,P-B,utama,24,0.9186991869918699,0.8962962962962964,0.6190476190476191,0.8666666666666667,0.7222222222222222,0.9762345679012345,0.8685215167973789
HCV,DT,P-B,utama,25,0.943089430894309,0.9675925925925926,0.6818181818181818,1.0,0.8108108108108109,0.9830246913580247,0.8060185185185186
HCV,DT,P-B,utama,26,0.9186991869918699,0.925,0.6086956521739131,0.9333333333333333,0.7368421052631579,0.9484567901234567,0.7592411924119242
HCV,DT,P-B,utama,27,0.8943089430894309,0.825,0.55,0.7333333333333333,0.6285714285714286,0.8537037037037036,0.745507338190265
HCV,DT,P-B,utama,28,0.926829268292683,0.8722222222222222,0.6666666666666666,0.8,0.7272727272727273,0.8854938271604937,0.744390243902439
HCV,DT,P-B,utama,29,0.9024390243902439,0.8583333333333334,0.5714285714285714,0.8,0.6666666666666666,0.8746913580246913,0.6241948837070788
HCV,DT,P-B,utama,30,0.8536585365853658,0.8592592592592593,0.4482758620689655,0.8666666666666667,0.5909090909090909,0.899074074074074,0.7665213956214797
HCV,DT,P-B,utama,31,0.943089430894309,0.8527777777777777,0.7857142857142857,0.7333333333333333,0.7586206896551724,0.8583333333333333,0.7103462030291299
HCV,DT,P-B,utama,32,0.926829268292683,0.9583333333333333,0.625,1.0,0.7692307692307693,0.9716049382716049,0.7261544011544011
HCV,DT,P-B,utama,33,0.9186991869918699,0.8388888888888888,0.6470588235294118,0.7333333333333333,0.6875,0.854320987654321,0.7232766277242604
HCV,DT,P-B,utama,34,0.943089430894309,0.8814814814814815,0.75,0.8,0.7741935483870968,0.8944444444444445,0.8055013550135501
HCV,DT,P-B,utama,35,0.8861788617886179,0.8777777777777778,0.52,0.8666666666666667,0.65,0.912962962962963,0.7218157181571816
HCV,DT,P-B,utama,36,0.9105691056910569,0.8916666666666666,0.5909090909090909,0.8666666666666667,0.7027027027027027,0.9086419753086419,0.6987238976969401
HCV,DT,P-B,utama,37,0.8861788617886179,0.8490740740740741,0.5217391304347826,0.8,0.631578947368421,0.878395061728395,0.7412036872605049
HCV,DT,P-B,utama,38,0.967479674796748,0.924074074074074,0.8666666666666667,0.8666666666666667,0.8666666666666667,0.9320987654320988,0.8829268292682927
HCV,DT,P-B,utama,39,0.9024390243902439,0.8870370370370371,0.5652173913043478,0.8666666666666667,0.6842105263157895,0.895679012345679,0.5902030675227918
HCV,DT,P-B,utama,40,0.9349593495934959,0.9342592592592593,0.6666666666666666,0.9333333333333333,0.7777777777777778,0.9595679012345679,0.8951009807717125
HCV,DT,P-B,utama,41,0.8699186991869918,0.8111111111111111,0.4782608695652174,0.7333333333333333,0.5789473684210527,0.8487654320987654,0.7339092140921409
HCV,DT,P-B,utama,42,0.8536585365853658,0.8305555555555556,0.4444444444444444,0.8,0.5714285714285714,0.8728395061728396,0.7300061859314245
HCV,DT,P-B,utama,43,0.9512195121951219,0.9435185185185185,0.7368421052631579,0.9333333333333333,0.8235294117647058,0.958641975308642,0.8930423620025674
HCV,DT,P-B,utama,44,0.9024390243902439,0.9157407407407407,0.56,0.9333333333333333,0.7,0.9530864197530864,0.8408098198629046
HCV,DT,P-B,utama,45,0.9349593495934959,0.9055555555555556,0.6842105263157895,0.8666666666666667,0.7647058823529411,0.9290123456790123,0.8734030197444832
HCV,DT,P-B,utama,46,0.9024390243902439,0.9444444444444444,0.5555555555555556,1.0,0.7142857142857143,0.9882716049382716,0.8840192830904905
HCV,DT,P-B,utama,47,0.9186991869918699,0.8675925925925927,0.631578947368421,0.8,0.7058823529411765,0.8888888888888888,0.7537553232675184
HCV,DT,P-B,utama,48,0.9186991869918699,0.8962962962962964,0.6190476190476191,0.8666666666666667,0.7222222222222222,0.9237654320987655,0.8493370856785492
HCV,DT,P-B,utama,49,0.9186991869918699,0.925,0.6086956521739131,0.9333333333333333,0.7368421052631579,0.9293209876543209,0.6439860837808564
HCV,DT,P-C,utama,0,0.8699186991869918,0.9259259259259259,0.4838709677419355,1.0,0.6521739130434783,0.9527777777777777,0.6105408927989573
HCV,DT,P-C,utama,1,0.8943089430894309,0.8537037037037037,0.5454545454545454,0.8,0.6486486486486487,0.8848765432098766,0.5494803097436747
HCV,DT,P-C,utama,2,0.9512195121951219,0.8861111111111111,0.8,0.8,0.8,0.8833333333333333,0.6643902439024392
HCV,DT,P-C,utama,3,0.9024390243902439,0.8583333333333334,0.5714285714285714,0.8,0.6666666666666666,0.9287037037037036,0.6442106673813991
HCV,DT,P-C,utama,4,0.943089430894309,0.9101851851851852,0.7222222222222222,0.8666666666666667,0.7878787878787878,0.9469135802469135,0.7415347158819183
HCV,DT,P-C,utama,5,0.9186991869918699,0.8675925925925927,0.631578947368421,0.8,0.7058823529411765,0.8722222222222221,0.6220510626158893
HCV,DT,P-C,utama,6,0.975609756097561,0.9287037037037037,0.9285714285714286,0.8666666666666667,0.896551724137931,0.9876543209876543,0.8879506458453827
HCV,DT,P-C,utama,7,0.9349593495934959,0.8768518518518519,0.7058823529411765,0.8,0.75,0.8805555555555555,0.6539140534262485
HCV,DT,P-C,utama,8,0.8861788617886179,0.7342592592592593,0.5333333333333333,0.5333333333333333,0.5333333333333333,0.7441358024691358,0.32894151840069125
HCV,DT,P-C,utama,9,0.8455284552845529,0.825925925925926,0.42857142857142855,0.8,0.5581395348837209,0.8725308641975308,0.7180499819776522
HCV,DT,P-C,utama,10,0.926829268292683,0.8722222222222222,0.6666666666666666,0.8,0.7272727272727273,0.8737654320987654,0.6740634465168182
HCV,DT,P-C,utama,11,0.9105691056910569,0.9490740740740741,0.5769230769230769,1.0,0.7317073170731707,0.970679012345679,0.7059259259259258
HCV,DT,P-C,utama,12,0.9349593495934959,0.9055555555555556,0.6842105263157895,0.8666666666666667,0.7647058823529411,0.942283950617284,0.7980831107275266
HCV,DT,P-C,utama,13,0.943089430894309,0.8814814814814815,0.75,0.8,0.7741935483870968,0.9138888888888889,0.7295002558417193
HCV,DT,P-C,utama,14,0.8943089430894309,0.7962962962962963,0.5555555555555556,0.6666666666666666,0.6060606060606061,0.784567901234568,0.4199493483030068
HCV,DT,P-C,utama,15,0.9349593495934959,0.962962962962963,0.6521739130434783,1.0,0.7894736842105263,0.9848765432098766,0.8405103668261562
HCV,DT,P-C,utama,16,0.943089430894309,0.8814814814814815,0.75,0.8,0.7741935483870968,0.8641975308641976,0.8077235772357724
HCV,DT,P-C,utama,17,0.8861788617886179,0.7342592592592593,0.5333333333333333,0.5333333333333333,0.5333333333333333,0.7675925925925926,0.4877668425807065
HCV,DT,P-C,utama,18,0.8780487804878049,0.787037037037037,0.5,0.6666666666666666,0.5714285714285714,0.9234567901234567,0.706628834010092
HCV,DT,P-C,utama,19,0.8617886178861789,0.8638888888888889,0.4642857142857143,0.8666666666666667,0.6046511627906976,0.8919753086419754,0.5527680991095625
HCV,DT,P-C,utama,20,0.9186991869918699,0.8962962962962964,0.6190476190476191,0.8666666666666667,0.7222222222222222,0.9305555555555556,0.5975042501358291
HCV,DT,P-C,utama,21,0.959349593495935,0.8620370370370369,0.9166666666666666,0.7333333333333333,0.8148148148148148,0.9570987654320988,0.8811098792806109
HCV,DT,P-C,utama,22,0.9105691056910569,0.8916666666666666,0.5909090909090909,0.8666666666666667,0.7027027027027027,0.8987654320987655,0.6119539425059323
HCV,DT,P-C,utama,23,0.9105691056910569,0.8916666666666666,0.5909090909090909,0.8666666666666667,0.7027027027027027,0.9663580246913581,0.7024074074074074
HCV,DT,P-C,utama,24,0.9512195121951219,0.9148148148148147,0.7647058823529411,0.8666666666666667,0.8125,0.9194444444444445,0.8210220673635308
HCV,DT,P-C,utama,25,0.943089430894309,0.9675925925925926,0.6818181818181818,1.0,0.8108108108108109,0.9574074074074074,0.627936507936508
HCV,DT,P-C,utama,26,0.926829268292683,0.8722222222222222,0.6666666666666666,0.8,0.7272727272727273,0.8679012345679012,0.5881624194393205
HCV,DT,P-C,utama,27,0.8943089430894309,0.8537037037037037,0.5454545454545454,0.8,0.6486486486486487,0.874074074074074,0.6929761024882978
HCV,DT,P-C,utama,28,0.8780487804878049,0.8444444444444444,0.5,0.8,0.6153846153846154,0.9425925925925925,0.8363352095059412
HCV,DT,P-C,utama,29,0.8943089430894309,0.8824074074074074,0.5416666666666666,0.8666666666666667,0.6666666666666666,0.9305555555555556,0.6462804080981988
HCV,DT,P-C,utama,30,0.8861788617886179,0.8203703703703704,0.5238095238095238,0.7333333333333333,0.6111111111111112,0.8114197530864199,0.5671234998064266
HCV,DT,P-C,utama,31,0.9349593495934959,0.8194444444444444,0.7692307692307693,0.6666666666666666,0.7142857142857143,0.879320987654321,0.6772188967310918
HCV,DT,P-C,utama,32,0.967479674796748,0.9814814814814814,0.7894736842105263,1.0,0.8823529411764706,0.9882716049382716,0.856374269005848
HCV,DT,P-C,utama,33,0.926829268292683,0.9009259259259259,0.65,0.8666666666666667,0.7428571428571429,0.9111111111111111,0.6939597591866715
HCV,DT,P-C,utama,34,0.9512195121951219,0.8861111111111111,0.8,0.8,0.8,0.9546296296296296,0.8354805086512404
HCV,DT,P-C,utama,35,0.8861788617886179,0.8203703703703704,0.5238095238095238,0.7333333333333333,0.6111111111111112,0.8938271604938272,0.5736675700090335
HCV,DT,P-C,utama,36,0.9105691056910569,0.7481481481481481,0.6666666666666666,0.5333333333333333,0.5925925925925926,0.7666666666666667,0.4514705462844102
HCV,DT,P-C,utama,37,0.9186991869918699,0.8388888888888888,0.6470588235294118,0.7333333333333333,0.6875,0.8765432098765433,0.7411941654710665
HCV,DT,P-C,utama,38,0.9186991869918699,0.925,0.6086956521739131,0.9333333333333333,0.7368421052631579,0.9376543209876543,0.7480104907464398
HCV,DT,P-C,utama,39,0.9105691056910569,0.8916666666666666,0.5909090909090909,0.8666666666666667,0.7027027027027027,0.9416666666666668,0.7097640682289176
HCV,DT,P-C,utama,40,0.943089430894309,0.8814814814814815,0.75,0.8,0.7741935483870968,0.9234567901234567,0.8505258968673604
HCV,DT,P-C,utama,41,0.9105691056910569,0.8629629629629629,0.6,0.8,0.6857142857142857,0.8827160493827161,0.743671289654073
HCV,DT,P-C,utama,42,0.8780487804878049,0.9018518518518519,0.5,0.9333333333333333,0.6511627906976745,0.9336419753086419,0.6772483898928059
HCV,DT,P-C,utama,43,0.926829268292683,0.8435185185185186,0.6875,0.7333333333333333,0.7096774193548387,0.9345679012345679,0.6859606951314268
HCV,DT,P-C,utama,44,0.943089430894309,0.9675925925925926,0.6818181818181818,1.0,0.8108108108108109,0.9675925925925926,0.6863636363636364
HCV,DT,P-C,utama,45,0.9024390243902439,0.8583333333333334,0.5714285714285714,0.8,0.6666666666666666,0.9074074074074074,0.7148937029742968
HCV,DT,P-C,utama,46,0.959349593495935,0.9768518518518519,0.75,1.0,0.8571428571428571,0.9833333333333334,0.8090686274509804
HCV,DT,P-C,utama,47,0.943089430894309,0.9101851851851852,0.7222222222222222,0.8666666666666667,0.7878787878787878,0.9274691358024691,0.8454268292682927
HCV,DT,P-C,utama,48,0.8943089430894309,0.825,0.55,0.7333333333333333,0.6285714285714286,0.932716049382716,0.6918602400309717
HCV,DT,P-C,utama,49,0.9024390243902439,0.8583333333333334,0.5714285714285714,0.8,0.6666666666666666,0.8932098765432098,0.5485112448527083
HCV,KNN,P-A,utama,0,0.9186991869918699,0.7240740740740741,0.7777777777777778,0.4666666666666667,0.5833333333333334,0.975925925925926,0.8134884287825465
HCV,KNN,P-A,utama,1,0.926829268292683,0.7287037037037036,0.875,0.4666666666666667,0.6086956521739131,0.8820987654320988,0.7191192597288489
HCV,KNN,P-A,utama,2,0.9349593495934959,0.7333333333333334,1.0,0.4666666666666667,0.6363636363636364,0.9197530864197532,0.8007046070460704
HCV,KNN,P-A,utama,3,0.9186991869918699,0.6953703703703704,0.8571428571428571,0.4,0.5454545454545454,0.895679012345679,0.6106252419667054
HCV,KNN,P-A,utama,4,0.926829268292683,0.7,1.0,0.4,0.5714285714285714,0.8709876543209877,0.7308447089775938
HCV,KNN,P-A,utama,5,0.9349593495934959,0.7333333333333334,1.0,0.4666666666666667,0.6363636363636364,0.942283950617284,0.8062253193960511
HCV,KNN,P-A,utama,6,0.9512195121951219,0.8,1.0,0.6,0.75,0.8666666666666667,0.7366092077343062
HCV,KNN,P-A,utama,7,0.943089430894309,0.7666666666666666,1.0,0.5333333333333333,0.6956521739130435,0.9435185185185184,0.8466485998193316
HCV,KNN,P-A,utama,8,0.9105691056910569,0.662037037037037,0.8333333333333334,0.3333333333333333,0.47619047619047616,0.9416666666666668,0.6860136791844109
HCV,KNN,P-A,utama,9,0.9512195121951219,0.8,1.0,0.6,0.75,0.9925925925925926,0.9358187134502923
HCV,KNN,P-A,utama,10,0.9186991869918699,0.6666666666666666,1.0,0.3333333333333333,0.5,0.9382716049382716,0.7824157955865273
HCV,KNN,P-A,utama,11,0.9349593495934959,0.7907407407407407,0.8181818181818182,0.6,0.6923076923076923,0.9324074074074074,0.7084875016582334
HCV,KNN,P-A,utama,12,0.926829268292683,0.7,1.0,0.4,0.5714285714285714,0.8348765432098766,0.673525616208543
HCV,KNN,P-A,utama,13,0.943089430894309,0.7666666666666666,1.0,0.5333333333333333,0.6956521739130435,0.8827160493827161,0.7862950058072009
HCV,KNN,P-A,utama,14,0.926829268292683,0.7,1.0,0.4,0.5714285714285714,0.884567901234568,0.6798876135820182
HCV,KNN,P-A,utama,15,0.967479674796748,0.8666666666666667,1.0,0.7333333333333333,0.8461538461538461,0.9740740740740741,0.8670833333333333
HCV,KNN,P-A,utama,16,0.926829268292683,0.7,1.0,0.4,0.5714285714285714,0.8978395061728396,0.7043554006968642
HCV,KNN,P-A,utama,17,0.926829268292683,0.7287037037037036,0.875,0.4666666666666667,0.6086956521739131,0.8456790123456791,0.6118650545479813
HCV,KNN,P-A,utama,18,0.9105691056910569,0.6333333333333333,1.0,0.26666666666666666,0.42105263157894735,0.9080246913580247,0.7249268292682927
HCV,KNN,P-A,utama,19,0.943089430894309,0.7953703703703703,0.9,0.6,0.72,0.9058641975308642,0.6937403213317848
HCV,KNN,P-A,utama,20,0.926829268292683,0.7287037037037036,0.875,0.4666666666666667,0.6086956521739131,0.9706790123456791,0.8130555555555556
HCV,KNN,P-A,utama,21,0.926829268292683,0.7,1.0,0.4,0.5714285714285714,0.9138888888888889,0.7801490514905149
HCV,KNN,P-A,utama,22,0.9186991869918699,0.6953703703703704,0.8571428571428571,0.4,0.5454545454545454,0.9058641975308641,0.6698474641889276
HCV,KNN,P-A,utama,23,0.943089430894309,0.7666666666666666,1.0,0.5333333333333333,0.6956521739130435,0.8987654320987655,0.72870255891499
HCV,KNN,P-A,utama,24,0.943089430894309,0.7953703703703703,0.9,0.6,0.72,0.9358024691358025,0.7978523035230353
HCV,KNN,P-A,utama,25,0.943089430894309,0.7666666666666666,1.0,0.5333333333333333,0.6956521739130435,0.9135802469135802,0.7932782062863364
HCV,KNN,P-A,utama,26,0.943089430894309,0.7953703703703703,0.9,0.6,0.72,0.9104938271604939,0.7306885039864892
HCV,KNN,P-A,utama,27,0.9349593495934959,0.7333333333333334,1.0,0.4666666666666667,0.6363636363636364,0.9145061728395062,0.7970220296380028
HCV,KNN,P-A,utama,28,0.9349593495934959,0.7333333333333334,1.0,0.4666666666666667,0.6363636363636364,0.8848765432098765,0.7992268452096286
HCV,KNN,P-A,utama,29,0.9105691056910569,0.6907407407407408,0.75,0.4,0.5217391304347826,0.8833333333333334,0.5644307524750023
HCV,KNN,P-A,utama,30,0.943089430894309,0.7666666666666666,1.0,0.5333333333333333,0.6956521739130435,0.8549382716049383,0.6849963045084997
HCV,KNN,P-A,utama,31,0.9186991869918699,0.6953703703703704,0.8571428571428571,0.4,0.5454545454545454,0.8385802469135801,0.6200787667616936
HCV,KNN,P-A,utama,32,0.926829268292683,0.7287037037037036,0.875,0.4666666666666667,0.6086956521739131,0.9601851851851851,0.7693602693602692
HCV,KNN,P-A,utama,33,0.9349593495934959,0.7333333333333334,1.0,0.4666666666666667,0.6363636363636364,0.9123456790123456,0.7803005666420301
HCV,KNN,P-A,utama,34,0.926829268292683,0.7574074074074074,0.8,0.5333333333333333,0.64,0.8391975308641976,0.6622367199196467
HCV,KNN,P-A,utama,35,0.943089430894309,0.7953703703703703,0.9,0.6,0.72,0.9632716049382717,0.7225718725718726
HCV,KNN,P-A,utama,36,0.9186991869918699,0.6666666666666666,1.0,0.3333333333333333,0.5,0.8592592592592593,0.6243902439024391
HCV,KNN,P-A,utama,37,0.926829268292683,0.7,1.0,0.4,0.5714285714285714,0.8734567901234569,0.7622107567229519
HCV,KNN,P-A,utama,38,0.9349593495934959,0.7333333333333334,1.0,0.4666666666666667,0.6363636363636364,0.9185185185185185,0.8189268292682926
HCV,KNN,P-A,utama,39,0.9186991869918699,0.7240740740740741,0.7777777777777778,0.4666666666666667,0.5833333333333334,0.9271604938271605,0.7013239244946562
HCV,KNN,P-A,utama,40,0.9512195121951219,0.8,1.0,0.6,0.75,0.921604938271605,0.8457986241400876
HCV,KNN,P-A,utama,41,0.9349593495934959,0.7620370370370371,0.8888888888888888,0.5333333333333333,0.6666666666666666,0.9666666666666667,0.8146594146594146
HCV,KNN,P-A,utama,42,0.926829268292683,0.7,1.0,0.4,0.5714285714285714,0.9095679012345679,0.6710930442637759
HCV,KNN,P-A,utama,43,0.9024390243902439,0.6574074074074074,0.7142857142857143,0.3333333333333333,0.45454545454545453,0.9314814814814816,0.6463215194922513
HCV,KNN,P-A,utama,44,0.926829268292683,0.7,1.0,0.4,0.5714285714285714,0.9101851851851852,0.7607046070460705
HCV,KNN,P-A,utama,45,0.9512195121951219,0.8,1.0,0.6,0.75,0.987962962962963,0.9121933621933622
HCV,KNN,P-A,utama,46,0.9512195121951219,0.8287037037037037,0.9090909090909091,0.6666666666666666,0.7692307692307693,0.9141975308641976,0.8078186041600677
HCV,KNN,P-A,utama,47,0.926829268292683,0.7,1.0,0.4,0.5714285714285714,0.8475308641975309,0.7372822299651567
HCV,KNN,P-A,utama,48,0.8861788617886179,0.562037037037037,0.6666666666666666,0.13333333333333333,0.2222222222222222,0.7567901234567902,0.3545392953929539
HCV,KNN,P-A,utama,49,0.967479674796748,0.8666666666666667,1.0,0.7333333333333333,0.8461538461538461,0.9564814814814816,0.9097173828881147
HCV,KNN,P-C,utama,0,0.8943089430894309,0.8824074074074074,0.5416666666666666,0.8666666666666667,0.6666666666666666,0.9429012345679013,0.5701098901098901
HCV,KNN,P-C,utama,1,0.8211382113821138,0.7833333333333333,0.3793103448275862,0.7333333333333333,0.5,0.8864197530864197,0.6509141247427511
HCV,KNN,P-C,utama,2,0.9512195121951219,0.8861111111111111,0.8,0.8,0.8,0.9496913580246914,0.8670125568499553
HCV,KNN,P-C,utama,3,0.9105691056910569,0.8055555555555556,0.625,0.6666666666666666,0.6451612903225806,0.9228395061728395,0.6500229840557847
HCV,KNN,P-C,utama,4,0.926829268292683,0.8435185185185186,0.6875,0.7333333333333333,0.7096774193548387,0.8990740740740741,0.7933343796758431
HCV,KNN,P-C,utama,5,0.9105691056910569,0.8916666666666666,0.5909090909090909,0.8666666666666667,0.7027027027027027,0.980246913580247,0.8797699214365882
HCV,KNN,P-C,utama,6,0.9105691056910569,0.8629629629629629,0.6,0.8,0.6857142857142857,0.9234567901234568,0.7251671183378501
HCV,KNN,P-C,utama,7,0.9024390243902439,0.8870370370370371,0.5652173913043478,0.8666666666666667,0.6842105263157895,0.954320987654321,0.8374993081746088
HCV,KNN,P-C,utama,8,0.9349593495934959,0.8481481481481481,0.7333333333333333,0.7333333333333333,0.7333333333333333,0.9370370370370371,0.7296069619081285
HCV,KNN,P-C,utama,9,0.8699186991869918,0.9259259259259259,0.4838709677419355,1.0,0.6521739130434783,0.9595679012345679,0.7200234932682751
HCV,KNN,P-C,utama,10,0.9349593495934959,0.8768518518518519,0.7058823529411765,0.8,0.75,0.9382716049382717,0.7922808630527942
HCV,KNN,P-C,utama,11,0.9349593495934959,0.9342592592592593,0.6666666666666666,0.9333333333333333,0.7777777777777778,0.9734567901234568,0.7766369578134285
HCV,KNN,P-C,utama,12,0.8780487804878049,0.787037037037037,0.5,0.6666666666666666,0.5714285714285714,0.867283950617284,0.587237503578967
HCV,KNN,P-C,utama,13,0.8943089430894309,0.8537037037037037,0.5454545454545454,0.8,0.6486486486486487,0.8907407407407408,0.8008063214907135
HCV,KNN,P-C,utama,14,0.8699186991869918,0.8398148148148148,0.48,0.8,0.6,0.9077160493827161,0.6724040633574038
HCV,KNN,P-C,utama,15,0.9349593495934959,0.9342592592592593,0.6666666666666666,0.9333333333333333,0.7777777777777778,0.9737654320987653,0.7730417730417731
HCV,KNN,P-C,utama,16,0.9024390243902439,0.8870370370370371,0.5652173913043478,0.8666666666666667,0.6842105263157895,0.9623456790123457,0.7978464472217333
HCV,KNN,P-C,utama,17,0.9105691056910569,0.8342592592592593,0.6111111111111112,0.7333333333333333,0.6666666666666666,0.8388888888888889,0.661539454222381
HCV,KNN,P-C,utama,18,0.8780487804878049,0.7583333333333333,0.5,0.6,0.5454545454545454,0.8817901234567901,0.674569754244551
HCV,KNN,P-C,utama,19,0.8943089430894309,0.8537037037037037,0.5454545454545454,0.8,0.6486486486486487,0.8981481481481481,0.7092313889061856
HCV,KNN,P-C,utama,20,0.9105691056910569,0.8916666666666666,0.5909090909090909,0.8666666666666667,0.7027027027027027,0.9663580246913581,0.7435482558063203
HCV,KNN,P-C,utama,21,0.959349593495935,0.9194444444444445,0.8125,0.8666666666666667,0.8387096774193549,0.9583333333333334,0.9191576502231188
HCV,KNN,P-C,utama,22,0.8780487804878049,0.8444444444444444,0.5,0.8,0.6153846153846154,0.9543209876543209,0.6885288831109264
HCV,KNN,P-C,utama,23,0.9105691056910569,0.8629629629629629,0.6,0.8,0.6857142857142857,0.9651234567901235,0.8286243386243386
HCV,KNN,P-C,utama,24,0.926829268292683,0.9009259259259259,0.65,0.8666666666666667,0.7428571428571429,0.932716049382716,0.6893599923633813
HCV,KNN,P-C,utama,25,0.9349593495934959,0.8768518518518519,0.7058823529411765,0.8,0.75,0.9148148148148149,0.8376887340301975
HCV,KNN,P-C,utama,26,0.9024390243902439,0.8009259259259259,0.5882352941176471,0.6666666666666666,0.625,0.966358024691358,0.7599761349761349
HCV,KNN,P-C,utama,27,0.926829268292683,0.9009259259259259,0.65,0.8666666666666667,0.7428571428571429,0.9342592592592592,0.7644104286337918
HCV,KNN,P-C,utama,28,0.9105691056910569,0.8629629629629629,0.6,0.8,0.6857142857142857,0.8737654320987653,0.784390243902439
HCV,KNN,P-C,utama,29,0.8861788617886179,0.8490740740740741,0.5217391304347826,0.8,0.631578947368421,0.9172839506172838,0.653304554310231
HCV,KNN,P-C,utama,30,0.8943089430894309,0.825,0.55,0.7333333333333333,0.6285714285714286,0.8679012345679012,0.6583986311418467
HCV,KNN,P-C,utama,31,0.9105691056910569,0.8342592592592593,0.6111111111111112,0.7333333333333333,0.6666666666666666,0.8716049382716049,0.6984643179765131
HCV,KNN,P-C,utama,32,0.8943089430894309,0.8824074074074074,0.5416666666666666,0.8666666666666667,0.6666666666666666,0.975925925925926,0.8656349206349206
HCV,KNN,P-C,utama,33,0.9186991869918699,0.8675925925925927,0.631578947368421,0.8,0.7058823529411765,0.9089506172839507,0.7935675219089854
HCV,KNN,P-C,utama,34,0.926829268292683,0.8435185185185186,0.6875,0.7333333333333333,0.7096774193548387,0.8712962962962963,0.6497765732593567
HCV,KNN,P-C,utama,35,0.8780487804878049,0.9018518518518519,0.5,0.9333333333333333,0.6511627906976745,0.9799382716049383,0.8618307140887786
HCV,KNN,P-C,utama,36,0.8780487804878049,0.7296296296296296,0.5,0.5333333333333333,0.5161290322580645,0.8746913580246913,0.6609454845418499
HCV,KNN,P-C,utama,37,0.8617886178861789,0.8351851851851853,0.46153846153846156,0.8,0.5853658536585366,0.8941358024691359,0.7478951942366576
HCV,KNN,P-C,utama,38,0.926829268292683,0.8722222222222222,0.6666666666666666,0.8,0.7272727272727273,0.9339506172839507,0.8260248181429183
HCV,KNN,P-C,utama,39,0.926829268292683,0.9009259259259259,0.65,0.8666666666666667,0.7428571428571429,0.9395061728395061,0.7319287517661501
HCV,KNN,P-C,utama,40,0.926829268292683,0.8722222222222222,0.6666666666666666,0.8,0.7272727272727273,0.9490740740740742,0.8757291488998806
HCV,KNN,P-C,utama,41,0.8861788617886179,0.8490740740740741,0.5217391304347826,0.8,0.631578947368421,0.9472222222222222,0.8198667837798272
HCV,KNN,P-C,utama,42,0.8699186991869918,0.8398148148148148,0.48,0.8,0.6,0.905246913580247,0.5409335001042318
HCV,KNN,P-C,utama,43,0.9105691056910569,0.8342592592592593,0.6111111111111112,0.7333333333333333,0.6666666666666666,0.931172839506173,0.6779012052386035
HCV,KNN,P-C,utama,44,0.9349593495934959,0.8481481481481481,0.7333333333333333,0.7333333333333333,0.7333333333333333,0.8996913580246915,0.6438897922312556
HCV,KNN,P-C,utama,45,0.9186991869918699,0.8962962962962964,0.6190476190476191,0.8666666666666667,0.7222222222222222,0.9790123456790123,0.9028188286808977
HCV,KNN,P-C,utama,46,0.943089430894309,0.9101851851851852,0.7222222222222222,0.8666666666666667,0.7878787878787878,0.9820987654320987,0.9007966490725112
HCV,KNN,P-C,utama,47,0.9105691056910569,0.8342592592592593,0.6111111111111112,0.7333333333333333,0.6666666666666666,0.8641975308641976,0.6631107826229777
HCV,KNN,P-C,utama,48,0.8699186991869918,0.6962962962962963,0.4666666666666667,0.4666666666666667,0.4666666666666667,0.7527777777777777,0.3749639681860477
HCV,KNN,P-C,utama,49,0.8943089430894309,0.9111111111111111,0.5384615384615384,0.9333333333333333,0.6829268292682927,0.9401234567901234,0.7481941838649157
HCV,RF,P-A,utama,0,0.943089430894309,0.8814814814814815,0.75,0.8,0.7741935483870968,0.9888888888888889,0.9303229793941867
HCV,RF,P-A,utama,1,0.9349593495934959,0.8481481481481481,0.7333333333333333,0.7333333333333333,0.7333333333333333,0.9623456790123457,0.8774291938997821
HCV,RF,P-A,utama,2,0.967479674796748,0.8953703703703704,0.9230769230769231,0.8,0.8571428571428571,0.9404320987654322,0.9144792876500194
HCV,RF,P-A,utama,3,0.926829268292683,0.7574074074074074,0.8,0.5333333333333333,0.64,0.9824074074074075,0.885599619964945
HCV,RF,P-A,utama,4,0.967479674796748,0.8953703703703704,0.9230769230769231,0.8,0.8571428571428571,0.9734567901234568,0.9162581699346405
HCV,RF,P-A,utama,5,0.967479674796748,0.8666666666666667,1.0,0.7333333333333333,0.8461538461538461,0.9382716049382716,0.8970723408925656
HCV,RF,P-A,utama,6,0.9512195121951219,0.8574074074074074,0.8461538461538461,0.7333333333333333,0.7857142857142857,0.9876543209876543,0.9271455505279034
HCV,RF,P-A,utama,7,0.959349593495935,0.8620370370370369,0.9166666666666666,0.7333333333333333,0.8148148148148148,0.95,0.8981318681318681
HCV,RF,P-A,utama,8,0.943089430894309,0.7953703703703703,0.9,0.6,0.72,0.9919753086419754,0.9433956892780422
HCV,RF,P-A,utama,9,0.943089430894309,0.8527777777777777,0.7857142857142857,0.7333333333333333,0.7586206896551724,0.9888888888888889,0.9223330811488706
HCV,RF,P-A,utama,10,0.975609756097561,0.9,1.0,0.8,0.8888888888888888,0.9959876543209877,0.975
HCV,RF,P-A,utama,11,0.9349593495934959,0.8768518518518519,0.7058823529411765,0.8,0.75,0.9858024691358025,0.9227375201288244
HCV,RF,P-A,utama,12,0.943089430894309,0.7953703703703703,0.9,0.6,0.72,0.9302469135802469,0.8258394589288898
HCV,RF,P-A,utama,13,0.967479674796748,0.8666666666666667,1.0,0.7333333333333333,0.8461538461538461,0.9555555555555556,0.9015899660112183
HCV,RF,P-A,utama,14,0.9186991869918699,0.7527777777777778,0.7272727272727273,0.5333333333333333,0.6153846153846154,0.942283950617284,0.7807304108308412
HCV,RF,P-A,utama,15,0.983739837398374,0.9333333333333333,1.0,0.8666666666666667,0.9285714285714286,0.9950617283950618,0.9711500974658869
HCV,RF,P-A,utama,16,0.959349593495935,0.8620370370370369,0.9166666666666666,0.7333333333333333,0.8148148148148148,0.9703703703703703,0.9229807442102523
HCV,RF,P-A,utama,17,0.959349593495935,0.8333333333333333,1.0,0.6666666666666666,0.8,0.9916666666666667,0.9464312648136177
HCV,RF,P-A,utama,18,0.943089430894309,0.7953703703703703,0.9,0.6,0.72,0.9425925925925925,0.8330447120708748
HCV,RF,P-A,utama,19,0.959349593495935,0.8907407407407408,0.8571428571428571,0.8,0.8275862068965517,0.9296296296296297,0.8792566467715681
HCV,RF,P-A,utama,20,0.9512195121951219,0.8861111111111111,0.8,0.8,0.8,0.9669753086419753,0.9001759205706574
HCV,RF,P-A,utama,21,0.975609756097561,0.9,1.0,0.8,0.8888888888888888,0.9447530864197531,0.9266485998193315
HCV,RF,P-A,utama,22,0.943089430894309,0.7953703703703703,0.9,0.6,0.72,0.9759259259259259,0.8761133502512812
HCV,RF,P-A,utama,23,0.9512195121951219,0.8574074074074074,0.8461538461538461,0.7333333333333333,0.7857142857142857,0.9910493827160494,0.9403844578767179
HCV,RF,P-A,utama,24,0.967479674796748,0.8953703703703704,0.9230769230769231,0.8,0.8571428571428571,0.991358024691358,0.954346405228758
HCV,RF,P-A,utama,25,0.959349593495935,0.8620370370370369,0.9166666666666666,0.7333333333333333,0.8148148148148148,0.9796296296296296,0.9196302880126408
HCV,RF,P-A,utama,26,0.9512195121951219,0.8574074074074074,0.8461538461538461,0.7333333333333333,0.7857142857142857,0.9907407407407408,0.9338935685917109
HCV,RF,P-A,utama,27,0.943089430894309,0.7953703703703703,0.9,0.6,0.72,0.941358024691358,0.8331713221419104
HCV,RF,P-A,utama,28,0.975609756097561,0.9,1.0,0.8,0.8888888888888888,0.9515432098765433,0.9084021005251313
HCV,RF,P-A,utama,29,0.943089430894309,0.8240740740740741,0.8333333333333334,0.6666666666666666,0.7407407407407407,0.9679012345679012,0.8706554166381999
HCV,RF,P-A,utama,30,0.959349593495935,0.8620370370370369,0.9166666666666666,0.7333333333333333,0.8148148148148148,0.9827160493827161,0.9287280040221217
HCV,RF,P-A,utama,31,0.943089430894309,0.7953703703703703,0.9,0.6,0.72,0.9064814814814816,0.8298049249756567
HCV,RF,P-A,utama,32,0.967479674796748,0.8953703703703704,0.9230769230769231,0.8,0.8571428571428571,0.9895061728395061,0.9416395294255706
HCV,RF,P-A,utama,33,0.943089430894309,0.8527777777777777,0.7857142857142857,0.7333333333333333,0.7586206896551724,0.9888888888888889,0.928540746033006
HCV,RF,P-A,utama,34,0.9512195121951219,0.8574074074074074,0.8461538461538461,0.7333333333333333,0.7857142857142857,0.9679012345679012,0.8786511527687999
HCV,RF,P-A,utama,35,0.943089430894309,0.9388888888888889,0.7,0.9333333333333333,0.8,0.9666666666666666,0.9078207689609419
HCV,RF,P-A,utama,36,0.943089430894309,0.7953703703703703,0.9,0.6,0.72,0.8617283950617285,0.7987837259947546
HCV,RF,P-A,utama,37,0.959349593495935,0.8333333333333333,1.0,0.6666666666666666,0.8,0.9530864197530865,0.9062406296851574
HCV,RF,P-A,utama,38,0.983739837398374,0.9333333333333333,1.0,0.8666666666666667,0.9285714285714286,0.9987654320987656,0.9916666666666667
HCV,RF,P-A,utama,39,0.926829268292683,0.7861111111111111,0.75,0.6,0.6666666666666666,0.9771604938271605,0.8840692331404405
HCV,RF,P-A,utama,40,0.975609756097561,0.9,1.0,0.8,0.8888888888888888,0.9907407407407408,0.9494967793880837
HCV,RF,P-A,utama,41,0.967479674796748,0.8666666666666667,1.0,0.7333333333333333,0.8461538461538461,0.9419753086419753,0.8988766788766789
HCV,RF,P-A,utama,42,0.959349593495935,0.8620370370370369,0.9166666666666666,0.7333333333333333,0.8148148148148148,0.9222222222222224,0.8510635308254356
HCV,RF,P-A,utama,43,0.959349593495935,0.9194444444444445,0.8125,0.8666666666666667,0.8387096774193549,0.9895061728395061,0.936363523754828
HCV,RF,P-A,utama,44,0.9512195121951219,0.8574074074074074,0.8461538461538461,0.7333333333333333,0.7857142857142857,0.9919753086419753,0.942394468276821
HCV,RF,P-A,utama,45,0.975609756097561,0.9287037037037037,0.9285714285714286,0.8666666666666667,0.896551724137931,0.9756172839506173,0.9419841269841269
HCV,RF,P-A,utama,46,0.983739837398374,0.962037037037037,0.9333333333333333,0.9333333333333333,0.9333333333333333,0.9975308641975308,0.981498778998779
HCV,RF,P-A,utama,47,0.967479674796748,0.8666666666666667,1.0,0.7333333333333333,0.8461538461538461,0.9354938271604939,0.8632478632478633
HCV,RF,P-A,utama,48,0.9105691056910569,0.6907407407407408,0.75,0.4,0.5217391304347826,0.975925925925926,0.8429811854811855
HCV,RF,P-A,utama,49,0.9512195121951219,0.8861111111111111,0.8,0.8,0.8,0.9611111111111112,0.9050749457839009
HCV,RF,P-B,utama,0,0.983739837398374,0.9907407407407407,0.8823529411764706,1.0,0.9375,1.0,1.0
HCV,RF,P-B,utama,1,0.9512195121951219,0.9148148148148147,0.7647058823529411,0.8666666666666667,0.8125,0.9765432098765432,0.8615194022610901
HCV,RF,P-B,utama,2,0.991869918699187,0.9666666666666667,1.0,0.9333333333333333,0.9655172413793104,0.9722222222222221,0.95
HCV,RF,P-B,utama,3,0.943089430894309,0.8527777777777777,0.7857142857142857,0.7333333333333333,0.7586206896551724,0.9641975308641976,0.820034817034817
HCV,RF,P-B,utama,4,0.967479674796748,0.9527777777777777,0.8235294117647058,0.9333333333333333,0.875,0.9830246913580247,0.9565891472868215
HCV,RF,P-B,utama,5,0.9512195121951219,0.8574074074074074,0.8461538461538461,0.7333333333333333,0.7857142857142857,0.9564814814814815,0.88997113997114
HCV,RF,P-B,utama,6,0.975609756097561,0.9574074074074075,0.875,0.9333333333333333,0.9032258064516129,0.9916666666666667,0.9408241758241758
HCV,RF,P-B,utama,7,0.943089430894309,0.9101851851851852,0.7222222222222222,0.8666666666666667,0.7878787878787878,0.9808641975308643,0.9333333333333333
HCV,RF,P-B,utama,8,0.943089430894309,0.8814814814814815,0.75,0.8,0.7741935483870968,0.9771604938271605,0.8815173237753883
HCV,RF,P-B,utama,9,0.959349593495935,0.9194444444444445,0.8125,0.8666666666666667,0.8387096774193549,0.987962962962963,0.9200171904119272
HCV,RF,P-B,utama,10,0.975609756097561,0.9287037037037037,0.9285714285714286,0.8666666666666667,0.896551724137931,0.9975308641975309,0.9817765567765567
HCV,RF,P-B,utama,11,0.943089430894309,0.9101851851851852,0.7222222222222222,0.8666666666666667,0.7878787878787878,0.9839506172839506,0.9378136200716847
HCV,RF,P-B,utama,12,0.959349593495935,0.8907407407407408,0.8571428571428571,0.8,0.8275862068965517,0.9487654320987654,0.8934338863750628
HCV,RF,P-B,utama,13,0.959349593495935,0.9194444444444445,0.8125,0.8666666666666667,0.8387096774193549,0.9753086419753088,0.9229601316557838
HCV,RF,P-B,utama,14,0.9186991869918699,0.8101851851851851,0.6666666666666666,0.6666666666666666,0.6666666666666666,0.9537037037037036,0.8043752044387841
HCV,RF,P-B,utama,15,0.983739837398374,0.9907407407407407,0.8823529411764706,1.0,0.9375,0.9999999999999999,1.0
HCV,RF,P-B,utama,16,0.959349593495935,0.8907407407407408,0.8571428571428571,0.8,0.8275862068965517,0.9858024691358025,0.9357303807303807
HCV,RF,P-B,utama,17,0.967479674796748,0.924074074074074,0.8666666666666667,0.8666666666666667,0.8666666666666667,0.995679012345679,0.9716666666666667
HCV,RF,P-B,utama,18,0.943089430894309,0.8814814814814815,0.75,0.8,0.7741935483870968,0.9469135802469136,0.817058682058682
HCV,RF,P-B,utama,19,0.9186991869918699,0.8962962962962964,0.6190476190476191,0.8666666666666667,0.7222222222222222,0.95,0.8799302744039585
HCV,RF,P-B,utama,20,0.959349593495935,0.9194444444444445,0.8125,0.8666666666666667,0.8387096774193549,0.9753086419753086,0.9149074074074073
HCV,RF,P-B,utama,21,0.975609756097561,0.9,1.0,0.8,0.8888888888888888,0.9611111111111111,0.9217391304347826
HCV,RF,P-B,utama,22,0.9512195121951219,0.8574074074074074,0.8461538461538461,0.7333333333333333,0.7857142857142857,0.9882716049382716,0.9236283015230382
HCV,RF,P-B,utama,23,0.959349593495935,0.9481481481481482,0.7777777777777778,0.9333333333333333,0.8484848484848485,0.9938271604938271,0.95921888053467
HCV,RF,P-B,utama,24,0.967479674796748,0.9527777777777777,0.8235294117647058,0.9333333333333333,0.875,0.9941358024691358,0.9553496503496504
HCV,RF,P-B,utama,25,0.991869918699187,0.9666666666666667,1.0,0.9333333333333333,0.9655172413793104,0.9944444444444445,0.975
HCV,RF,P-B,utama,26,0.975609756097561,0.9861111111111112,0.8333333333333334,1.0,0.9090909090909091,0.991358024691358,0.933805742188095
HCV,RF,P-B,utama,27,0.943089430894309,0.8240740740740741,0.8333333333333334,0.6666666666666666,0.7407407407407407,0.9592592592592593,0.8823545735310441
HCV,RF,P-B,utama,28,0.9512195121951219,0.9148148148148147,0.7647058823529411,0.8666666666666667,0.8125,0.9524691358024692,0.9064957264957265
HCV,RF,P-B,utama,29,0.959349593495935,0.8907407407407408,0.8571428571428571,0.8,0.8275862068965517,0.9679012345679013,0.843405117917313
HCV,RF,P-B,utama,30,0.9186991869918699,0.8675925925925927,0.631578947368421,0.8,0.7058823529411765,0.9722222222222222,0.8926471007672342
HCV,RF,P-B,utama,31,0.9512195121951219,0.8287037037037037,0.9090909090909091,0.6666666666666666,0.7692307692307693,0.9490740740740741,0.8523816392810013
HCV,RF,P-B,utama,32,0.975609756097561,0.9574074074074075,0.875,0.9333333333333333,0.9032258064516129,0.9962962962962962,0.9788888888888889
HCV,RF,P-B,utama,33,0.9512195121951219,0.8861111111111111,0.8,0.8,0.8,0.9885802469135802,0.9274907353854722
HCV,RF,P-B,utama,34,0.9512195121951219,0.8574074074074074,0.8461538461538461,0.7333333333333333,0.7857142857142857,0.9768518518518519,0.8920083184789067
HCV,RF,P-B,utama,35,0.9349593495934959,0.9055555555555556,0.6842105263157895,0.8666666666666667,0.7647058823529411,0.9728395061728394,0.9009026920791626
HCV,RF,P-B,utama,36,0.9512195121951219,0.8861111111111111,0.8,0.8,0.8,0.9302469135802469,0.8432647907647908
HCV,RF,P-B,utama,37,0.959349593495935,0.8907407407407408,0.8571428571428571,0.8,0.8275862068965517,0.9512345679012345,0.8907967032967032
HCV,RF,P-B,utama,38,0.975609756097561,0.9287037037037037,0.9285714285714286,0.8666666666666667,0.896551724137931,0.9941358024691358,0.9637163561076604
HCV,RF,P-B,utama,39,0.9512195121951219,0.8861111111111111,0.8,0.8,0.8,0.9808641975308642,0.8908615340706725
HCV,RF,P-B,utama,40,0.975609756097561,0.9287037037037037,0.9285714285714286,0.8666666666666667,0.896551724137931,0.9851851851851853,0.9314463314463315
HCV,RF,P-B,utama,41,0.975609756097561,0.9,1.0,0.8,0.8888888888888888,0.9518518518518518,0.9132827606723188
HCV,RF,P-B,utama,42,0.926829268292683,0.8435185185185186,0.6875,0.7333333333333333,0.7096774193548387,0.9530864197530865,0.850294476765065
HCV,RF,P-B,utama,43,0.959349593495935,0.8907407407407408,0.8571428571428571,0.8,0.8275862068965517,0.9919753086419753,0.9508903133903134
HCV,RF,P-B,utama,44,0.975609756097561,0.9574074074074075,0.875,0.9333333333333333,0.9032258064516129,0.995679012345679,0.9683778639660993
HCV,RF,P-B,utama,45,0.967479674796748,0.924074074074074,0.8666666666666667,0.8666666666666667,0.8666666666666667,0.987037037037037,0.9496498599439775
HCV,RF,P-B,utama,46,0.975609756097561,0.9574074074074075,0.875,0.9333333333333333,0.9032258064516129,0.9975308641975309,0.9838235294117647
HCV,RF,P-B,utama,47,0.975609756097561,0.9,1.0,0.8,0.8888888888888888,0.9632716049382717,0.917782227307399
HCV,RF,P-B,utama,48,0.967479674796748,0.8953703703703704,0.9230769230769231,0.8,0.8571428571428571,0.9839506172839506,0.9235162180814355
HCV,RF,P-B,utama,49,0.943089430894309,0.9388888888888889,0.7,0.9333333333333333,0.8,0.9598765432098766,0.8787591891539259
HCV,RF,P-C,utama,0,0.975609756097561,0.9861111111111112,0.8333333333333334,1.0,0.9090909090909091,1.0,1.0
HCV,RF,P-C,utama,1,0.943089430894309,0.9388888888888889,0.7,0.9333333333333333,0.8,0.9790123456790123,0.8807835057099763
HCV,RF,P-C,utama,2,0.959349593495935,0.9194444444444445,0.8125,0.8666666666666667,0.8387096774193549,0.9679012345679012,0.9367201426024956
HCV,RF,P-C,utama,3,0.9349593495934959,0.8481481481481481,0.7333333333333333,0.7333333333333333,0.7333333333333333,0.9648148148148148,0.8091045555751437
HCV,RF,P-C,utama,4,0.975609756097561,0.9287037037037037,0.9285714285714286,0.8666666666666667,0.896551724137931,0.9799382716049383,0.9412457912457912
HCV,RF,P-C,utama,5,0.967479674796748,0.924074074074074,0.8666666666666667,0.8666666666666667,0.8666666666666667,0.9712962962962963,0.9097215856039385
HCV,RF,P-C,utama,6,0.967479674796748,0.9527777777777777,0.8235294117647058,0.9333333333333333,0.875,0.9901234567901234,0.9287709311622356
HCV,RF,P-C,utama,7,0.959349593495935,0.9194444444444445,0.8125,0.8666666666666667,0.8387096774193549,0.9771604938271605,0.9313687600644122
HCV,RF,P-C,utama,8,0.926829268292683,0.8148148148148148,0.7142857142857143,0.6666666666666666,0.6896551724137931,0.9654320987654321,0.8394111595825182
HCV,RF,P-C,utama,9,0.9512195121951219,0.9148148148148147,0.7647058823529411,0.8666666666666667,0.8125,0.9858024691358025,0.9168203708915783
HCV,RF,P-C,utama,10,0.9349593495934959,0.9055555555555556,0.6842105263157895,0.8666666666666667,0.7647058823529411,0.9888888888888888,0.9405722779635823
HCV,RF,P-C,utama,11,0.9349593495934959,0.9055555555555556,0.6842105263157895,0.8666666666666667,0.7647058823529411,0.9842592592592592,0.9262834699866184
HCV,RF,P-C,utama,12,0.967479674796748,0.8666666666666667,1.0,0.7333333333333333,0.8461538461538461,0.9660493827160495,0.8987164881901724
HCV,RF,P-C,utama,13,0.967479674796748,0.9527777777777777,0.8235294117647058,0.9333333333333333,0.875,0.9734567901234568,0.9305464420891723
HCV,RF,P-C,utama,14,0.926829268292683,0.7861111111111111,0.75,0.6,0.6666666666666666,0.9561728395061728,0.7518269552085342
HCV,RF,P-C,utama,15,0.983739837398374,0.9907407407407407,0.8823529411764706,1.0,0.9375,0.9987654320987654,0.9916666666666667
HCV,RF,P-C,utama,16,0.975609756097561,0.9287037037037037,0.9285714285714286,0.8666666666666667,0.896551724137931,0.9901234567901235,0.9538437597261127
HCV,RF,P-C,utama,17,0.983739837398374,0.962037037037037,0.9333333333333333,0.9333333333333333,0.9333333333333333,0.9950617283950617,0.968998778998779
HCV,RF,P-C,utama,18,0.943089430894309,0.8814814814814815,0.75,0.8,0.7741935483870968,0.9456790123456791,0.8114423376188082
HCV,RF,P-C,utama,19,0.9349593495934959,0.8768518518518519,0.7058823529411765,0.8,0.75,0.9490740740740741,0.8850440917107583
HCV,RF,P-C,utama,20,0.9512195121951219,0.9148148148148147,0.7647058823529411,0.8666666666666667,0.8125,0.9722222222222222,0.9126851851851852
HCV,RF,P-C,utama,21,0.967479674796748,0.8666666666666667,1.0,0.7333333333333333,0.8461538461538461,0.9604938271604938,0.904111979974049
HCV,RF,P-C,utama,22,0.9512195121951219,0.9148148148148147,0.7647058823529411,0.8666666666666667,0.8125,0.9882716049382716,0.9265143044090411
HCV,RF,P-C,utama,23,0.959349593495935,0.9481481481481482,0.7777777777777778,0.9333333333333333,0.8484848484848485,0.9907407407407408,0.9336036186036185
HCV,RF,P-C,utama,24,0.959349593495935,0.9481481481481482,0.7777777777777778,0.9333333333333333,0.8484848484848485,0.9910493827160494,0.9336036186036185
HCV,RF,P-C,utama,25,0.967479674796748,0.9527777777777777,0.8235294117647058,0.9333333333333333,0.875,0.9938271604938271,0.9627289377289378
HCV,RF,P-C,utama,26,0.967479674796748,0.9527777777777777,0.8235294117647058,0.9333333333333333,0.875,0.9888888888888888,0.9118894177717707
HCV,RF,P-C,utama,27,0.959349593495935,0.8620370370370369,0.9166666666666666,0.7333333333333333,0.8148148148148148,0.9604938271604938,0.8875078227762325
HCV,RF,P-C,utama,28,0.9105691056910569,0.8916666666666666,0.5909090909090909,0.8666666666666667,0.7027027027027027,0.9456790123456791,0.8798844500810259
HCV,RF,P-C,utama,29,0.926829268292683,0.8722222222222222,0.6666666666666666,0.8,0.7272727272727273,0.9648148148148148,0.8333006606314877
HCV,RF,P-C,utama,30,0.9512195121951219,0.8861111111111111,0.8,0.8,0.8,0.9746913580246913,0.8986192696192696
HCV,RF,P-C,utama,31,0.9512195121951219,0.8287037037037037,0.9090909090909091,0.6666666666666666,0.7692307692307693,0.9506172839506173,0.8385441247205953
HCV,RF,P-C,utama,32,0.967479674796748,0.9527777777777777,0.8235294117647058,0.9333333333333333,0.875,0.9962962962962962,0.9788888888888889
HCV,RF,P-C,utama,33,0.967479674796748,0.9527777777777777,0.8235294117647058,0.9333333333333333,0.875,0.991358024691358,0.9439499389499388
HCV,RF,P-C,utama,34,0.943089430894309,0.8527777777777777,0.7857142857142857,0.7333333333333333,0.7586206896551724,0.9783950617283951,0.9007770785659802
HCV,RF,P-C,utama,35,0.9186991869918699,0.8962962962962964,0.6190476190476191,0.8666666666666667,0.7222222222222222,0.9746913580246913,0.9067134674111418
HCV,RF,P-C,utama,36,0.943089430894309,0.8240740740740741,0.8333333333333334,0.6666666666666666,0.7407407407407407,0.9197530864197531,0.8211213511027026
HCV,RF,P-C,utama,37,0.943089430894309,0.8527777777777777,0.7857142857142857,0.7333333333333333,0.7586206896551724,0.9601851851851851,0.8872590716243967
HCV,RF,P-C,utama,38,0.959349593495935,0.9194444444444445,0.8125,0.8666666666666667,0.8387096774193549,0.9907407407407408,0.9498989898989898
HCV,RF,P-C,utama,39,0.9349593495934959,0.9342592592592593,0.6666666666666666,0.9333333333333333,0.7777777777777778,0.980246913580247,0.8595335057099762
HCV,RF,P-C,utama,40,0.967479674796748,0.924074074074074,0.8666666666666667,0.8666666666666667,0.8666666666666667,0.9833333333333334,0.9228074539839245
HCV,RF,P-C,utama,41,0.959349593495935,0.8907407407407408,0.8571428571428571,0.8,0.8275862068965517,0.9759259259259261,0.9281771805400025
HCV,RF,P-C,utama,42,0.9024390243902439,0.8870370370370371,0.5652173913043478,0.8666666666666667,0.6842105263157895,0.9623456790123457,0.8215783090783091
HCV,RF,P-C,utama,43,0.967479674796748,0.8953703703703704,0.9230769230769231,0.8,0.8571428571428571,0.9932098765432098,0.9592975651799182
HCV,RF,P-C,utama,44,0.9512195121951219,0.9435185185185185,0.7368421052631579,0.9333333333333333,0.8235294117647058,0.9901234567901235,0.9246048396048396
HCV,RF,P-C,utama,45,0.975609756097561,0.9287037037037037,0.9285714285714286,0.8666666666666667,0.896551724137931,0.9790123456790124,0.9415146909827761
HCV,RF,P-C,utama,46,0.975609756097561,0.9574074074074075,0.875,0.9333333333333333,0.9032258064516129,0.9950617283950617,0.9677414690572586
HCV,RF,P-C,utama,47,0.975609756097561,0.9,1.0,0.8,0.8888888888888888,0.9404320987654322,0.924241192411924
HCV,RF,P-C,utama,48,0.967479674796748,0.8953703703703704,0.9230769230769231,0.8,0.8571428571428571,0.9814814814814815,0.9177022499603145
HCV,RF,P-C,utama,49,0.9349593495934959,0.8768518518518519,0.7058823529411765,0.8,0.75,0.9626543209876544,0.8123450188156072
HCV,GB,P-A,utama,0,0.967479674796748,0.924074074074074,0.8666666666666667,0.8666666666666667,0.8666666666666667,0.9919753086419753,0.9404286563110091
HCV,GB,P-A,utama,1,0.943089430894309,0.8814814814814815,0.75,0.8,0.7741935483870968,0.9771604938271605,0.9034965034965035
HCV,GB,P-A,utama,2,0.967479674796748,0.8953703703703704,0.9230769230769231,0.8,0.8571428571428571,0.980246913580247,0.9319005847953217
HCV,GB,P-A,utama,3,0.9512195121951219,0.8861111111111111,0.8,0.8,0.8,0.9808641975308643,0.9089486461251166
HCV,GB,P-A,utama,4,0.9512195121951219,0.8861111111111111,0.8,0.8,0.8,0.9262345679012346,0.8953492179376562
HCV,GB,P-A,utama,5,0.959349593495935,0.8620370370370369,0.9166666666666666,0.7333333333333333,0.8148148148148148,0.9543209876543209,0.9018876678876678
HCV,GB,P-A,utama,6,0.959349593495935,0.8907407407407408,0.8571428571428571,0.8,0.8275862068965517,0.9820987654320987,0.9247882526829895
HCV,GB,P-A,utama,7,0.959349593495935,0.8907407407407408,0.8571428571428571,0.8,0.8275862068965517,0.9734567901234568,0.8986252593669473
HCV,GB,P-A,utama,8,0.943089430894309,0.7953703703703703,0.9,0.6,0.72,0.9759259259259259,0.8644277676514518
HCV,GB,P-A,utama,9,0.9349593495934959,0.8194444444444444,0.7692307692307693,0.6666666666666666,0.7142857142857143,0.980246913580247,0.8530210944836062
HCV,GB,P-A,utama,10,0.975609756097561,0.9287037037037037,0.9285714285714286,0.8666666666666667,0.896551724137931,0.9969135802469136,0.9778223084105436
HCV,GB,P-A,utama,11,0.9512195121951219,0.9148148148148147,0.7647058823529411,0.8666666666666667,0.8125,0.9932098765432099,0.9586500974658869
HCV,GB,P-A,utama,12,0.9349593495934959,0.8194444444444444,0.7692307692307693,0.6666666666666666,0.7142857142857143,0.9530864197530865,0.8579142300194931
HCV,GB,P-A,utama,13,0.983739837398374,0.9333333333333333,1.0,0.8666666666666667,0.9285714285714286,0.9814814814814815,0.9374269005847953
HCV,GB,P-A,utama,14,0.9186991869918699,0.7814814814814814,0.6923076923076923,0.6,0.6428571428571429,0.9660493827160493,0.8391746969920344
HCV,GB,P-A,utama,15,0.983739837398374,0.962037037037037,0.9333333333333333,0.9333333333333333,0.9333333333333333,0.9981481481481481,0.9866269841269841
HCV,GB,P-A,utama,16,0.959349593495935,0.8333333333333333,1.0,0.6666666666666666,0.8,0.9697530864197531,0.9146765271765271
HCV,GB,P-A,utama,17,0.967479674796748,0.8666666666666667,1.0,0.7333333333333333,0.8461538461538461,1.0,1.0
HCV,GB,P-A,utama,18,0.9186991869918699,0.7240740740740741,0.7777777777777778,0.4666666666666667,0.5833333333333334,0.95,0.8080602636534839
HCV,GB,P-A,utama,19,0.9512195121951219,0.8861111111111111,0.8,0.8,0.8,0.9561728395061729,0.8962173533380964
HCV,GB,P-A,utama,20,0.959349593495935,0.9194444444444445,0.8125,0.8666666666666667,0.8387096774193549,0.962962962962963,0.9074757758581287
HCV,GB,P-A,utama,21,0.983739837398374,0.9333333333333333,1.0,0.8666666666666667,0.9285714285714286,0.9598765432098766,0.9142351900972591
HCV,GB,P-A,utama,22,0.943089430894309,0.7953703703703703,0.9,0.6,0.72,0.9685185185185186,0.8675032553653244
HCV,GB,P-A,utama,23,0.959349593495935,0.8907407407407408,0.8571428571428571,0.8,0.8275862068965517,0.9938271604938271,0.9617002063983489
HCV,GB,P-A,utama,24,0.983739837398374,0.9333333333333333,1.0,0.8666666666666667,0.9285714285714286,0.995679012345679,0.9765079365079364
HCV,GB,P-A,utama,25,0.959349593495935,0.8907407407407408,0.8571428571428571,0.8,0.8275862068965517,0.9919753086419754,0.9550841750841751
HCV,GB,P-A,utama,26,0.959349593495935,0.8907407407407408,0.8571428571428571,0.8,0.8275862068965517,0.9950617283950617,0.9642508798391152
HCV,GB,P-A,utama,27,0.959349593495935,0.8620370370370369,0.9166666666666666,0.7333333333333333,0.8148148148148148,0.9697530864197531,0.8693734505296372
HCV,GB,P-A,utama,28,0.9512195121951219,0.8574074074074074,0.8461538461538461,0.7333333333333333,0.7857142857142857,0.9592592592592593,0.8944107744107743
HCV,GB,P-A,utama,29,0.9349593495934959,0.8194444444444444,0.7692307692307693,0.6666666666666666,0.7142857142857143,0.9364197530864198,0.8429753579753578
HCV,GB,P-A,utama,30,0.959349593495935,0.8907407407407408,0.8571428571428571,0.8,0.8275862068965517,0.9895061728395061,0.9377686202686203
HCV,GB,P-A,utama,31,0.9512195121951219,0.8287037037037037,0.9090909090909091,0.6666666666666666,0.7692307692307693,0.967283950617284,0.8667492529257236
HCV,GB,P-A,utama,32,0.959349593495935,0.9481481481481482,0.7777777777777778,0.9333333333333333,0.8484848484848485,0.9925925925925926,0.9496438259596154
HCV,GB,P-A,utama,33,0.959349593495935,0.8907407407407408,0.8571428571428571,0.8,0.8275862068965517,0.9814814814814815,0.9034567475946785
HCV,GB,P-A,utama,34,0.9512195121951219,0.8287037037037037,0.9090909090909091,0.6666666666666666,0.7692307692307693,0.9666666666666668,0.887304856343758
HCV,GB,P-A,utama,35,0.926829268292683,0.9296296296296296,0.6363636363636364,0.9333333333333333,0.7567567567567568,0.9574074074074075,0.8880976952184382
HCV,GB,P-A,utama,36,0.9349593495934959,0.7907407407407407,0.8181818181818182,0.6,0.6923076923076923,0.9222222222222224,0.7936531440162271
HCV,GB,P-A,utama,37,0.959349593495935,0.8333333333333333,1.0,0.6666666666666666,0.8,0.9444444444444444,0.9166584846997217
HCV,GB,P-A,utama,38,0.983739837398374,0.9333333333333333,1.0,0.8666666666666667,0.9285714285714286,0.9956790123456791,0.9742002063983488
HCV,GB,P-A,utama,39,0.9512195121951219,0.8287037037037037,0.9090909090909091,0.6666666666666666,0.7692307692307693,0.9796296296296296,0.9029737854737854
HCV,GB,P-A,utama,40,0.983739837398374,0.9333333333333333,1.0,0.8666666666666667,0.9285714285714286,0.9814814814814815,0.9555555555555555
HCV,GB,P-A,utama,41,0.959349593495935,0.8620370370370369,0.9166666666666666,0.7333333333333333,0.8148148148148148,0.982716049382716,0.9255836755836755
HCV,GB,P-A,utama,42,0.959349593495935,0.8620370370370369,0.9166666666666666,0.7333333333333333,0.8148148148148148,0.9691358024691359,0.8952836251557479
HCV,GB,P-A,utama,43,0.967479674796748,0.924074074074074,0.8666666666666667,0.8666666666666667,0.8666666666666667,0.9876543209876544,0.9490647872052046
HCV,GB,P-A,utama,44,0.975609756097561,0.9287037037037037,0.9285714285714286,0.8666666666666667,0.896551724137931,0.9987654320987656,0.9913888888888889
HCV,GB,P-A,utama,45,0.975609756097561,0.9287037037037037,0.9285714285714286,0.8666666666666667,0.896551724137931,0.9864197530864197,0.9566666666666667
HCV,GB,P-A,utama,46,0.983739837398374,0.9907407407407407,0.8823529411764706,1.0,0.9375,0.9944444444444445,0.94747520997521
HCV,GB,P-A,utama,47,0.967479674796748,0.8666666666666667,1.0,0.7333333333333333,0.8461538461538461,0.9774691358024692,0.9209035409035409
HCV,GB,P-A,utama,48,0.9186991869918699,0.7240740740740741,0.7777777777777778,0.4666666666666667,0.5833333333333334,0.9783950617283952,0.876745521503586
HCV,GB,P-A,utama,49,0.9512195121951219,0.8861111111111111,0.8,0.8,0.8,0.9734567901234568,0.9102928509905255
HCV,GB,P-C,utama,0,0.967479674796748,0.9527777777777777,0.8235294117647058,0.9333333333333333,0.875,0.995679012345679,0.9787878787878788
HCV,GB,P-C,utama,1,0.9186991869918699,0.925,0.6086956521739131,0.9333333333333333,0.7368421052631579,0.9790123456790124,0.8948356780125106
HCV,GB,P-C,utama,2,0.975609756097561,0.9574074074074075,0.875,0.9333333333333333,0.9032258064516129,0.9790123456790124,0.9383333333333332
HCV,GB,P-C,utama,3,0.9349593495934959,0.9342592592592593,0.6666666666666666,0.9333333333333333,0.7777777777777778,0.9722222222222222,0.8559552321317028
HCV,GB,P-C,utama,4,0.9349593495934959,0.9055555555555556,0.6842105263157895,0.8666666666666667,0.7647058823529411,0.9456790123456791,0.9178846746839346
HCV,GB,P-C,utama,5,0.967479674796748,0.924074074074074,0.8666666666666667,0.8666666666666667,0.8666666666666667,0.9685185185185186,0.9252950752950753
HCV,GB,P-C,utama,6,0.9512195121951219,0.9435185185185185,0.7368421052631579,0.9333333333333333,0.8235294117647058,0.9901234567901235,0.9594827586206895
HCV,GB,P-C,utama,7,0.991869918699187,0.9666666666666667,1.0,0.9333333333333333,0.9655172413793104,0.9888888888888889,0.9636363636363636
HCV,GB,P-C,utama,8,0.926829268292683,0.8148148148148148,0.7142857142857143,0.6666666666666666,0.6896551724137931,0.9358024691358025,0.8089997707694616
HCV,GB,P-C,utama,9,0.926829268292683,0.8722222222222222,0.6666666666666666,0.8,0.7272727272727273,0.9827160493827161,0.8946938441675283
HCV,GB,P-C,utama,10,0.967479674796748,0.924074074074074,0.8666666666666667,0.8666666666666667,0.8666666666666667,0.9950617283950617,0.962317257905493
HCV,GB,P-C,utama,11,0.9349593495934959,0.9342592592592593,0.6666666666666666,0.9333333333333333,0.7777777777777778,0.9833333333333333,0.9327012383900929
HCV,GB,P-C,utama,12,0.967479674796748,0.9527777777777777,0.8235294117647058,0.9333333333333333,0.875,0.9691358024691357,0.9235364541296744
HCV,GB,P-C,utama,13,0.959349593495935,0.9481481481481482,0.7777777777777778,0.9333333333333333,0.8484848484848485,0.9833333333333334,0.9368464052287582
HCV,GB,P-C,utama,14,0.926829268292683,0.8148148148148148,0.7142857142857143,0.6666666666666666,0.6896551724137931,0.9746913580246914,0.8559125669651985
HCV,GB,P-C,utama,15,0.983739837398374,0.9907407407407407,0.8823529411764706,1.0,0.9375,0.9993827160493827,0.9958333333333333
HCV,GB,P-C,utama,16,0.943089430894309,0.9388888888888889,0.7,0.9333333333333333,0.8,0.9771604938271604,0.9419767907162864
HCV,GB,P-C,utama,17,0.967479674796748,0.8953703703703704,0.9230769230769231,0.8,0.8571428571428571,0.9938271604938271,0.961062271062271
HCV,GB,P-C,utama,18,0.9105691056910569,0.7768518518518519,0.6428571428571429,0.6,0.6206896551724138,0.9351851851851852,0.774934067996465
HCV,GB,P-C,utama,19,0.943089430894309,0.9101851851851852,0.7222222222222222,0.8666666666666667,0.7878787878787878,0.9567901234567902,0.9109803921568628
HCV,GB,P-C,utama,20,0.967479674796748,0.924074074074074,0.8666666666666667,0.8666666666666667,0.8666666666666667,0.9351851851851851,0.9147489213162245
HCV,GB,P-C,utama,21,0.983739837398374,0.9333333333333333,1.0,0.8666666666666667,0.9285714285714286,0.975925925925926,0.9236111111111112
HCV,GB,P-C,utama,22,0.926829268292683,0.9009259259259259,0.65,0.8666666666666667,0.7428571428571429,0.9783950617283951,0.8773113487819371
HCV,GB,P-C,utama,23,0.9512195121951219,0.9722222222222222,0.7142857142857143,1.0,0.8333333333333334,0.9969135802469136,0.9833333333333332
HCV,GB,P-C,utama,24,0.967479674796748,0.9527777777777777,0.8235294117647058,0.9333333333333333,0.875,0.9913580246913579,0.9600301659125188
HCV,GB,P-C,utama,25,0.975609756097561,0.9574074074074075,0.875,0.9333333333333333,0.9032258064516129,0.995679012345679,0.9765079365079364
HCV,GB,P-C,utama,26,0.9512195121951219,0.9435185185185185,0.7368421052631579,0.9333333333333333,0.8235294117647058,0.995679012345679,0.9741269841269842
HCV,GB,P-C,utama,27,0.959349593495935,0.9194444444444445,0.8125,0.8666666666666667,0.8387096774193549,0.9598765432098766,0.9037058497058497
HCV,GB,P-C,utama,28,0.943089430894309,0.9388888888888889,0.7,0.9333333333333333,0.8,0.9555555555555556,0.8974511353458721
HCV,GB,P-C,utama,29,0.9186991869918699,0.8962962962962964,0.6190476190476191,0.8666666666666667,0.7222222222222222,0.9580246913580247,0.8854870509607351
HCV,GB,P-C,utama,30,0.943089430894309,0.9101851851851852,0.7222222222222222,0.8666666666666667,0.7878787878787878,0.9851851851851852,0.9167012617012618
HCV,GB,P-C,utama,31,0.9349593495934959,0.8194444444444444,0.7692307692307693,0.6666666666666666,0.7142857142857143,0.9703703703703704,0.8673007384772091
HCV,GB,P-C,utama,32,0.975609756097561,0.9861111111111112,0.8333333333333334,1.0,0.9090909090909091,0.9987654320987654,0.9921568627450981
HCV,GB,P-C,utama,33,0.9512195121951219,0.9148148148148147,0.7647058823529411,0.8666666666666667,0.8125,0.9833333333333333,0.924558434484905
HCV,GB,P-C,utama,34,0.926829268292683,0.8435185185185186,0.6875,0.7333333333333333,0.7096774193548387,0.9685185185185186,0.8972709551656919
HCV,GB,P-C,utama,35,0.926829268292683,0.9296296296296296,0.6363636363636364,0.9333333333333333,0.7567567567567568,0.9611111111111111,0.9031955408425996
HCV,GB,P-C,utama,36,0.9349593495934959,0.7907407407407407,0.8181818181818182,0.6,0.6923076923076923,0.912962962962963,0.7682265381935324
HCV,GB,P-C,utama,37,0.9349593495934959,0.8768518518518519,0.7058823529411765,0.8,0.75,0.9320987654320989,0.8858994581254358
HCV,GB,P-C,utama,38,0.967479674796748,0.9527777777777777,0.8235294117647058,0.9333333333333333,0.875,0.9858024691358025,0.9527777777777777
HCV,GB,P-C,utama,39,0.9512195121951219,0.9148148148148147,0.7647058823529411,0.8666666666666667,0.8125,0.991358024691358,0.9554232804232805
HCV,GB,P-C,utama,40,0.983739837398374,0.962037037037037,0.9333333333333333,0.9333333333333333,0.9333333333333333,0.9901234567901235,0.9547130647130646
HCV,GB,P-C,utama,41,0.967479674796748,0.8666666666666667,1.0,0.7333333333333333,0.8461538461538461,0.9876543209876543,0.9420342920545759
HCV,GB,P-C,utama,42,0.9105691056910569,0.8629629629629629,0.6,0.8,0.6857142857142857,0.9691358024691358,0.8437768573648451
HCV,GB,P-C,utama,43,0.975609756097561,0.9574074074074075,0.875,0.9333333333333333,0.9032258064516129,0.9907407407407407,0.9666666666666666
HCV,GB,P-C,utama,44,0.959349593495935,0.9768518518518519,0.75,1.0,0.8571428571428571,0.9975308641975309,0.9844444444444445
HCV,GB,P-C,utama,45,0.967479674796748,0.924074074074074,0.8666666666666667,0.8666666666666667,0.8666666666666667,0.9771604938271605,0.9350724637681158
HCV,GB,P-C,utama,46,0.967479674796748,0.9814814814814814,0.7894736842105263,1.0,0.8823529411764706,0.9969135802469136,0.97906162464986
HCV,GB,P-C,utama,47,0.967479674796748,0.8953703703703704,0.9230769230769231,0.8,0.8571428571428571,0.9635802469135802,0.9261712711840588
HCV,GB,P-C,utama,48,0.959349593495935,0.9481481481481482,0.7777777777777778,0.9333333333333333,0.8484848484848485,0.991358024691358,0.9611640211640211
HCV,GB,P-C,utama,49,0.9105691056910569,0.8342592592592593,0.6111111111111112,0.7333333333333333,0.6666666666666666,0.9395061728395062,0.817499788117637
HCV,XGB,P-A,utama,0,0.983739837398374,0.9907407407407407,0.8823529411764706,1.0,0.9375,0.9969135802469136,0.9790616246498599
HCV,XGB,P-A,utama,1,0.943089430894309,0.8527777777777777,0.7857142857142857,0.7333333333333333,0.7586206896551724,0.9833333333333334,0.9121652421652421
HCV,XGB,P-A,utama,2,0.967479674796748,0.8953703703703704,0.9230769230769231,0.8,0.8571428571428571,0.9598765432098766,0.9292690058479531
HCV,XGB,P-A,utama,3,0.943089430894309,0.8240740740740741,0.8333333333333334,0.6666666666666666,0.7407407407407407,0.9555555555555556,0.8653712953712953
HCV,XGB,P-A,utama,4,0.9512195121951219,0.8861111111111111,0.8,0.8,0.8,0.9524691358024691,0.9151942355889724
HCV,XGB,P-A,utama,5,0.975609756097561,0.9287037037037037,0.9285714285714286,0.8666666666666667,0.896551724137931,0.9388888888888889,0.8787289327701698
HCV,XGB,P-A,utama,6,0.975609756097561,0.9574074074074075,0.875,0.9333333333333333,0.9032258064516129,0.995679012345679,0.9765079365079364
HCV,XGB,P-A,utama,7,0.967479674796748,0.924074074074074,0.8666666666666667,0.8666666666666667,0.8666666666666667,0.9814814814814814,0.9048760036260036
HCV,XGB,P-A,utama,8,0.943089430894309,0.7953703703703703,0.9,0.6,0.72,0.980246913580247,0.8813180827886711
HCV,XGB,P-A,utama,9,0.967479674796748,0.924074074074074,0.8666666666666667,0.8666666666666667,0.8666666666666667,0.9888888888888889,0.9363308913308912
HCV,XGB,P-A,utama,10,1.0,1.0,1.0,1.0,1.0,1.0,1.0
HCV,XGB,P-A,utama,11,0.9512195121951219,0.9148148148148147,0.7647058823529411,0.8666666666666667,0.8125,0.9746913580246914,0.924490381854723
HCV,XGB,P-A,utama,12,0.959349593495935,0.8333333333333333,1.0,0.6666666666666666,0.8,0.9666666666666668,0.8759753930280245
HCV,XGB,P-A,utama,13,0.983739837398374,0.9333333333333333,1.0,0.8666666666666667,0.9285714285714286,0.9876543209876544,0.9507765830346475
HCV,XGB,P-A,utama,14,0.9186991869918699,0.7814814814814814,0.6923076923076923,0.6,0.6428571428571429,0.9580246913580247,0.8059148935464724
HCV,XGB,P-A,utama,15,0.983739837398374,0.962037037037037,0.9333333333333333,0.9333333333333333,0.9333333333333333,0.9993827160493828,0.9958333333333333
HCV,XGB,P-A,utama,16,0.959349593495935,0.8333333333333333,1.0,0.6666666666666666,0.8,0.9796296296296296,0.9467391304347825
HCV,XGB,P-A,utama,17,0.975609756097561,0.9,1.0,0.8,0.8888888888888888,0.9925925925925926,0.9673504273504273
HCV,XGB,P-A,utama,18,0.9186991869918699,0.7527777777777778,0.7272727272727273,0.5333333333333333,0.6153846153846154,0.9450617283950618,0.8227950658446014
HCV,XGB,P-A,utama,19,0.9349593495934959,0.8768518518518519,0.7058823529411765,0.8,0.75,0.941358024691358,0.883743313528421
HCV,XGB,P-A,utama,20,0.959349593495935,0.9194444444444445,0.8125,0.8666666666666667,0.8387096774193549,0.9567901234567902,0.9147593926541295
HCV,XGB,P-A,utama,21,0.975609756097561,0.9,1.0,0.8,0.8888888888888888,0.9685185185185186,0.9134240362811792
HCV,XGB,P-A,utama,22,0.9186991869918699,0.7814814814814814,0.6923076923076923,0.6,0.6428571428571429,0.9654320987654321,0.8191097308488613
HCV,XGB,P-A,utama,23,1.0,1.0,1.0,1.0,1.0,1.0,1.0
HCV,XGB,P-A,utama,24,0.991869918699187,0.9666666666666667,1.0,0.9333333333333333,0.9655172413793104,0.9938271604938271,0.9733333333333332
HCV,XGB,P-A,utama,25,0.975609756097561,0.9287037037037037,0.9285714285714286,0.8666666666666667,0.896551724137931,0.9975308641975309,0.9844444444444445
HCV,XGB,P-A,utama,26,0.991869918699187,0.9953703703703703,0.9375,1.0,0.967741935483871,0.9969135802469136,0.9759432234432235
HCV,XGB,P-A,utama,27,0.9512195121951219,0.8287037037037037,0.9090909090909091,0.6666666666666666,0.7692307692307693,0.9709876543209877,0.8859298871063577
HCV,XGB,P-A,utama,28,0.959349593495935,0.8907407407407408,0.8571428571428571,0.8,0.8275862068965517,0.9438271604938272,0.8839343677545924
HCV,XGB,P-A,utama,29,0.959349593495935,0.9194444444444445,0.8125,0.8666666666666667,0.8387096774193549,0.9598765432098766,0.8936011904761905
HCV,XGB,P-A,utama,30,0.967479674796748,0.8666666666666667,1.0,0.7333333333333333,0.8461538461538461,0.9771604938271605,0.9063932980599647
HCV,XGB,P-A,utama,31,0.959349593495935,0.8620370370370369,0.9166666666666666,0.7333333333333333,0.8148148148148148,0.9722222222222222,0.8773563230142177
HCV,XGB,P-A,utama,32,0.983739837398374,0.9907407407407407,0.8823529411764706,1.0,0.9375,0.9975308641975309,0.9829505135387488
HCV,XGB,P-A,utama,33,0.967479674796748,0.9527777777777777,0.8235294117647058,0.9333333333333333,0.875,0.9944444444444445,0.975
HCV,XGB,P-A,utama,34,0.967479674796748,0.8666666666666667,1.0,0.7333333333333333,0.8461538461538461,0.9703703703703704,0.8970599819079301
HCV,XGB,P-A,utama,35,0.959349593495935,0.9481481481481482,0.7777777777777778,0.9333333333333333,0.8484848484848485,0.9740740740740741,0.9231015716309834
HCV,XGB,P-A,utama,36,0.9512195121951219,0.8,1.0,0.6,0.75,0.9561728395061728,0.8719201381496463
HCV,XGB,P-A,utama,37,0.959349593495935,0.8333333333333333,1.0,0.6666666666666666,0.8,0.9500000000000001,0.8811706811706811
HCV,XGB,P-A,utama,38,0.975609756097561,0.9287037037037037,0.9285714285714286,0.8666666666666667,0.896551724137931,0.9919753086419753,0.9535184114131483
HCV,XGB,P-A,utama,39,0.9512195121951219,0.8574074074074074,0.8461538461538461,0.7333333333333333,0.7857142857142857,0.9901234567901235,0.9465873015873014
HCV,XGB,P-A,utama,40,0.975609756097561,0.9287037037037037,0.9285714285714286,0.8666666666666667,0.896551724137931,0.991358024691358,0.9574603174603173
HCV,XGB,P-A,utama,41,0.967479674796748,0.8666666666666667,1.0,0.7333333333333333,0.8461538461538461,0.9765432098765432,0.9303452231956613
HCV,XGB,P-A,utama,42,0.9512195121951219,0.8574074074074074,0.8461538461538461,0.7333333333333333,0.7857142857142857,0.9580246913580246,0.8474742622121718
HCV,XGB,P-A,utama,43,0.967479674796748,0.8953703703703704,0.9230769230769231,0.8,0.8571428571428571,0.9919753086419753,0.9561579994316567
HCV,XGB,P-A,utama,44,0.991869918699187,0.9953703703703703,0.9375,1.0,0.967741935483871,0.9950617283950618,0.9558085433085433
HCV,XGB,P-A,utama,45,0.983739837398374,0.9333333333333333,1.0,0.8666666666666667,0.9285714285714286,0.9839506172839506,0.9538888888888888
HCV,XGB,P-A,utama,46,0.975609756097561,0.9574074074074075,0.875,0.9333333333333333,0.9032258064516129,0.9944444444444445,0.9562715062715064
HCV,XGB,P-A,utama,47,0.967479674796748,0.8666666666666667,1.0,0.7333333333333333,0.8461538461538461,0.9580246913580246,0.9277681179579914
HCV,XGB,P-A,utama,48,0.983739837398374,0.9333333333333333,1.0,0.8666666666666667,0.9285714285714286,0.9888888888888888,0.9601388888888889
HCV,XGB,P-A,utama,49,0.967479674796748,0.9527777777777777,0.8235294117647058,0.9333333333333333,0.875,0.9660493827160493,0.9231765334338864
HCV,XGB,P-B,utama,0,0.975609756097561,0.9861111111111112,0.8333333333333334,1.0,0.9090909090909091,0.9969135802469136,0.9805555555555555
HCV,XGB,P-B,utama,1,0.9349593495934959,0.962962962962963,0.6521739130434783,1.0,0.7894736842105263,0.9851851851851852,0.9168700737350621
HCV,XGB,P-B,utama,2,0.967479674796748,0.924074074074074,0.8666666666666667,0.8666666666666667,0.8666666666666667,0.9660493827160495,0.9351634683724235
HCV,XGB,P-B,utama,3,0.959349593495935,0.8907407407407408,0.8571428571428571,0.8,0.8275862068965517,0.9500000000000001,0.8674550286314993
HCV,XGB,P-B,utama,4,0.967479674796748,0.924074074074074,0.8666666666666667,0.8666666666666667,0.8666666666666667,0.9604938271604938,0.9247261990592921
HCV,XGB,P-B,utama,5,0.975609756097561,0.9287037037037037,0.9285714285714286,0.8666666666666667,0.896551724137931,0.954320987654321,0.895925185925186
HCV,XGB,P-B,utama,6,0.975609756097561,0.9574074074074075,0.875,0.9333333333333333,0.9032258064516129,0.9938271604938272,0.9656926406926407
HCV,XGB,P-B,utama,7,0.967479674796748,0.8953703703703704,0.9230769230769231,0.8,0.8571428571428571,0.9882716049382716,0.9364037814037813
HCV,XGB,P-B,utama,8,0.926829268292683,0.8435185185185186,0.6875,0.7333333333333333,0.7096774193548387,0.9746913580246913,0.8523266428361326
HCV,XGB,P-B,utama,9,0.975609756097561,0.9574074074074075,0.875,0.9333333333333333,0.9032258064516129,0.9919753086419754,0.9429018642176537
HCV,XGB,P-B,utama,10,1.0,1.0,1.0,1.0,1.0,1.0,1.0
HCV,XGB,P-B,utama,11,0.926829268292683,0.9009259259259259,0.65,0.8666666666666667,0.7428571428571429,0.9845679012345679,0.9395044413277231
HCV,XGB,P-B,utama,12,0.943089430894309,0.8240740740740741,0.8333333333333334,0.6666666666666666,0.7407407407407407,0.9611111111111111,0.8654226020892687
HCV,XGB,P-B,utama,13,0.967479674796748,0.924074074074074,0.8666666666666667,0.8666666666666667,0.8666666666666667,0.9901234567901235,0.957282913165266
HCV,XGB,P-B,utama,14,0.8943089430894309,0.7962962962962963,0.5555555555555556,0.6666666666666666,0.6060606060606061,0.9574074074074074,0.8022307322307323
HCV,XGB,P-B,utama,15,0.991869918699187,0.9953703703703703,0.9375,1.0,0.967741935483871,1.0,1.0
HCV,XGB,P-B,utama,16,0.967479674796748,0.8953703703703704,0.9230769230769231,0.8,0.8571428571428571,0.9777777777777779,0.9312934649891171
HCV,XGB,P-B,utama,17,0.983739837398374,0.962037037037037,0.9333333333333333,0.9333333333333333,0.9333333333333333,0.9932098765432099,0.9657936507936508
HCV,XGB,P-B,utama,18,0.9186991869918699,0.7814814814814814,0.6923076923076923,0.6,0.6428571428571429,0.9364197530864198,0.8341356363781993
HCV,XGB,P-B,utama,19,0.9024390243902439,0.8870370370370371,0.5652173913043478,0.8666666666666667,0.6842105263157895,0.9320987654320987,0.8877167905469792
HCV,XGB,P-B,utama,20,0.967479674796748,0.9527777777777777,0.8235294117647058,0.9333333333333333,0.875,0.9629629629629629,0.9235613810741687
HCV,XGB,P-B,utama,21,0.983739837398374,0.9333333333333333,1.0,0.8666666666666667,0.9285714285714286,0.9746913580246914,0.924490381854723
HCV,XGB,P-B,utama,22,0.943089430894309,0.8240740740740741,0.8333333333333334,0.6666666666666666,0.7407407407407407,0.9765432098765432,0.8675386215092098
HCV,XGB,P-B,utama,23,0.959349593495935,0.9768518518518519,0.75,1.0,0.8571428571428571,1.0,1.0
HCV,XGB,P-B,utama,24,0.967479674796748,0.9527777777777777,0.8235294117647058,0.9333333333333333,0.875,0.9950617283950617,0.9743434343434343
HCV,XGB,P-B,utama,25,0.983739837398374,0.962037037037037,0.9333333333333333,0.9333333333333333,0.9333333333333333,0.9962962962962962,0.9788888888888889
HCV,XGB,P-B,utama,26,0.967479674796748,0.9527777777777777,0.8235294117647058,0.9333333333333333,0.875,0.995679012345679,0.9689987789987791
HCV,XGB,P-B,utama,27,0.9512195121951219,0.8287037037037037,0.9090909090909091,0.6666666666666666,0.7692307692307693,0.9679012345679012,0.8736190835511718
HCV,XGB,P-B,utama,28,0.9512195121951219,0.8861111111111111,0.8,0.8,0.8,0.9444444444444444,0.8806637806637806
HCV,XGB,P-B,utama,29,0.959349593495935,0.9194444444444445,0.8125,0.8666666666666667,0.8387096774193549,0.9635802469135802,0.8972731253420907
HCV,XGB,P-B,utama,30,0.9186991869918699,0.8675925925925927,0.631578947368421,0.8,0.7058823529411765,0.9814814814814814,0.9046273291925465
HCV,XGB,P-B,utama,31,0.943089430894309,0.8527777777777777,0.7857142857142857,0.7333333333333333,0.7586206896551724,0.974074074074074,0.8917522974101921
HCV,XGB,P-B,utama,32,0.967479674796748,0.9814814814814814,0.7894736842105263,1.0,0.8823529411764706,0.9975308641975309,0.9838235294117647
HCV,XGB,P-B,utama,33,0.967479674796748,0.9527777777777777,0.8235294117647058,0.9333333333333333,0.875,0.9907407407407407,0.9607142857142856
HCV,XGB,P-B,utama,34,0.959349593495935,0.8907407407407408,0.8571428571428571,0.8,0.8275862068965517,0.9617283950617284,0.8839493692213727
HCV,XGB,P-B,utama,35,0.959349593495935,0.9481481481481482,0.7777777777777778,0.9333333333333333,0.8484848484848485,0.9672839506172839,0.9208948671243753
HCV,XGB,P-B,utama,36,0.959349593495935,0.8620370370370369,0.9166666666666666,0.7333333333333333,0.8148148148148148,0.9407407407407407,0.8502757302757302
HCV,XGB,P-B,utama,37,0.943089430894309,0.8527777777777777,0.7857142857142857,0.7333333333333333,0.7586206896551724,0.9493827160493827,0.8711990242836345
HCV,XGB,P-B,utama,38,0.975609756097561,0.9287037037037037,0.9285714285714286,0.8666666666666667,0.896551724137931,0.995679012345679,0.9723622782446311
HCV,XGB,P-B,utama,39,0.967479674796748,0.9527777777777777,0.8235294117647058,0.9333333333333333,0.875,0.9870370370370372,0.932772331154684
HCV,XGB,P-B,utama,40,0.975609756097561,0.9287037037037037,0.9285714285714286,0.8666666666666667,0.896551724137931,0.9870370370370372,0.9375556116935426
HCV,XGB,P-B,utama,41,0.9512195121951219,0.8574074074074074,0.8461538461538461,0.7333333333333333,0.7857142857142857,0.9777777777777779,0.9170754290876242
HCV,XGB,P-B,utama,42,0.9186991869918699,0.8388888888888888,0.6470588235294118,0.7333333333333333,0.6875,0.9641975308641976,0.8648085901027076
HCV,XGB,P-B,utama,43,0.975609756097561,0.9574074074074075,0.875,0.9333333333333333,0.9032258064516129,0.9901234567901236,0.9622222222222222
HCV,XGB,P-B,utama,44,0.975609756097561,0.9861111111111112,0.8333333333333334,1.0,0.9090909090909091,0.9932098765432098,0.9268402893402893
HCV,XGB,P-B,utama,45,0.975609756097561,0.9287037037037037,0.9285714285714286,0.8666666666666667,0.896551724137931,0.9765432098765433,0.9446078431372549
HCV,XGB,P-B,utama,46,0.975609756097561,0.9861111111111112,0.8333333333333334,1.0,0.9090909090909091,0.9975308641975309,0.9829505135387488
HCV,XGB,P-B,utama,47,0.975609756097561,0.9,1.0,0.8,0.8888888888888888,0.9611111111111111,0.9296246246246246
HCV,XGB,P-B,utama,48,0.975609756097561,0.9,1.0,0.8,0.8888888888888888,0.9858024691358025,0.9408294930875576
HCV,XGB,P-B,utama,49,0.9512195121951219,0.9435185185185185,0.7368421052631579,0.9333333333333333,0.8235294117647058,0.962962962962963,0.9178618113912231
HCV,XGB,P-C,utama,0,0.967479674796748,0.9814814814814814,0.7894736842105263,1.0,0.8823529411764706,0.995679012345679,0.9698064353946707
HCV,XGB,P-C,utama,1,0.9024390243902439,0.9157407407407407,0.56,0.9333333333333333,0.7,0.9746913580246913,0.8784639236544862
HCV,XGB,P-C,utama,2,0.959349593495935,0.9194444444444445,0.8125,0.8666666666666667,0.8387096774193549,0.9740740740740741,0.9309092867916398
HCV,XGB,P-C,utama,3,0.9349593495934959,0.8768518518518519,0.7058823529411765,0.8,0.75,0.9493827160493827,0.8171084797555386
HCV,XGB,P-C,utama,4,0.943089430894309,0.9101851851851852,0.7222222222222222,0.8666666666666667,0.7878787878787878,0.9561728395061728,0.9219114219114218
HCV,XGB,P-C,utama,5,0.975609756097561,0.9287037037037037,0.9285714285714286,0.8666666666666667,0.896551724137931,0.9660493827160495,0.9001795522485176
HCV,XGB,P-C,utama,6,0.967479674796748,0.9527777777777777,0.8235294117647058,0.9333333333333333,0.875,0.9938271604938271,0.9733333333333333
HCV,XGB,P-C,utama,7,0.975609756097561,0.9574074074074075,0.875,0.9333333333333333,0.9032258064516129,0.9790123456790124,0.9356654456654456
HCV,XGB,P-C,utama,8,0.9186991869918699,0.8101851851851851,0.6666666666666666,0.6666666666666666,0.6666666666666666,0.9685185185185186,0.8212637297601844
HCV,XGB,P-C,utama,9,0.9186991869918699,0.8962962962962964,0.6190476190476191,0.8666666666666667,0.7222222222222222,0.9716049382716049,0.8543267843267843
HCV,XGB,P-C,utama,10,0.975609756097561,0.9574074074074075,0.875,0.9333333333333333,0.9032258064516129,0.9987654320987654,0.9921568627450981
HCV,XGB,P-C,utama,11,0.9024390243902439,0.9157407407407407,0.56,0.9333333333333333,0.7,0.9759259259259259,0.9294685990338164
HCV,XGB,P-C,utama,12,0.9512195121951219,0.8574074074074074,0.8461538461538461,0.7333333333333333,0.7857142857142857,0.9709876543209877,0.8902089268755935
HCV,XGB,P-C,utama,13,0.959349593495935,0.9481481481481482,0.7777777777777778,0.9333333333333333,0.8484848484848485,0.9895061728395061,0.9497167755991285
HCV,XGB,P-C,utama,14,0.926829268292683,0.7861111111111111,0.75,0.6,0.6666666666666666,0.9660493827160493,0.8219945497336801
HCV,XGB,P-C,utama,15,0.983739837398374,0.9907407407407407,0.8823529411764706,1.0,0.9375,0.9987654320987654,0.992156862745098
HCV,XGB,P-C,utama,16,0.943089430894309,0.9101851851851852,0.7222222222222222,0.8666666666666667,0.7878787878787878,0.9827160493827161,0.9388888888888889
HCV,XGB,P-C,utama,17,0.9512195121951219,0.8287037037037037,0.9090909090909091,0.6666666666666666,0.7692307692307693,0.9901234567901235,0.9382101086048453
HCV,XGB,P-C,utama,18,0.9349593495934959,0.8481481481481481,0.7333333333333333,0.7333333333333333,0.7333333333333333,0.9450617283950618,0.8124923419660262
HCV,XGB,P-C,utama,19,0.9512195121951219,0.8861111111111111,0.8,0.8,0.8,0.9425925925925925,0.9128322440087147
HCV,XGB,P-C,utama,20,0.975609756097561,0.9574074074074075,0.875,0.9333333333333333,0.9032258064516129,0.9555555555555556,0.917773029439696
HCV,XGB,P-C,utama,21,0.967479674796748,0.8953703703703704,0.9230769230769231,0.8,0.8571428571428571,0.967283950617284,0.9110209235209235
HCV,XGB,P-C,utama,22,0.926829268292683,0.9009259259259259,0.65,0.8666666666666667,0.7428571428571429,0.9796296296296296,0.8905749565192289
HCV,XGB,P-C,utama,23,0.975609756097561,0.9861111111111112,0.8333333333333334,1.0,0.9090909090909091,1.0,1.0
HCV,XGB,P-C,utama,24,0.959349593495935,0.9481481481481482,0.7777777777777778,0.9333333333333333,0.8484848484848485,0.9907407407407407,0.9607142857142856
HCV,XGB,P-C,utama,25,0.9512195121951219,0.8861111111111111,0.8,0.8,0.8,0.9919753086419754,0.9532894736842105
HCV,XGB,P-C,utama,26,0.967479674796748,0.9814814814814814,0.7894736842105263,1.0,0.8823529411764706,0.9950617283950618,0.9654108309990662
HCV,XGB,P-C,utama,27,0.967479674796748,0.8953703703703704,0.9230769230769231,0.8,0.8571428571428571,0.9679012345679012,0.8928235344902011
HCV,XGB,P-C,utama,28,0.943089430894309,0.8814814814814815,0.75,0.8,0.7741935483870968,0.9493827160493827,0.8623627639417113
HCV,XGB,P-C,utama,29,0.9512195121951219,0.9148148148148147,0.7647058823529411,0.8666666666666667,0.8125,0.9790123456790124,0.9096445221445221
HCV,XGB,P-C,utama,30,0.9349593495934959,0.8768518518518519,0.7058823529411765,0.8,0.75,0.9858024691358025,0.9235754985754985
HCV,XGB,P-C,utama,31,0.943089430894309,0.8527777777777777,0.7857142857142857,0.7333333333333333,0.7586206896551724,0.9765432098765432,0.8861387686387686
HCV,XGB,P-C,utama,32,0.975609756097561,0.9861111111111112,0.8333333333333334,1.0,0.9090909090909091,0.9987654320987654,0.9921568627450981
HCV,XGB,P-C,utama,33,0.959349593495935,0.9481481481481482,0.7777777777777778,0.9333333333333333,0.8484848484848485,0.9932098765432098,0.9666666666666666
HCV,XGB,P-C,utama,34,0.9512195121951219,0.8574074074074074,0.8461538461538461,0.7333333333333333,0.7857142857142857,0.9783950617283951,0.8989939884676726
HCV,XGB,P-C,utama,35,0.9512195121951219,0.9435185185185185,0.7368421052631579,0.9333333333333333,0.8235294117647058,0.9666666666666667,0.8866762196638357
HCV,XGB,P-C,utama,36,0.959349593495935,0.8907407407407408,0.8571428571428571,0.8,0.8275862068965517,0.9512345679012346,0.8456685313289086
HCV,XGB,P-C,utama,37,0.9349593495934959,0.8481481481481481,0.7333333333333333,0.7333333333333333,0.7333333333333333,0.9425925925925925,0.8541952304271144
HCV,XGB,P-C,utama,38,0.959349593495935,0.9194444444444445,0.8125,0.8666666666666667,0.8387096774193549,0.9783950617283951,0.9380116959064326
HCV,XGB,P-C,utama,39,0.975609756097561,0.9287037037037037,0.9285714285714286,0.8666666666666667,0.896551724137931,0.9919753086419753,0.9535184114131483
HCV,XGB,P-C,utama,40,0.983739837398374,0.962037037037037,0.9333333333333333,0.9333333333333333,0.9333333333333333,0.9895061728395063,0.9491575091575091
HCV,XGB,P-C,utama,41,0.975609756097561,0.9,1.0,0.8,0.8888888888888888,0.9895061728395061,0.95605138607167
HCV,XGB,P-C,utama,42,0.9105691056910569,0.8629629629629629,0.6,0.8,0.6857142857142857,0.9586419753086419,0.8321519750091178
HCV,XGB,P-C,utama,43,0.959349593495935,0.9481481481481482,0.7777777777777778,0.9333333333333333,0.8484848484848485,0.9950617283950617,0.9768115942028985
HCV,XGB,P-C,utama,44,0.959349593495935,0.9768518518518519,0.75,1.0,0.8571428571428571,0.9956790123456791,0.9632159507159507
HCV,XGB,P-C,utama,45,0.967479674796748,0.924074074074074,0.8666666666666667,0.8666666666666667,0.8666666666666667,0.9746913580246914,0.9353973168214653
HCV,XGB,P-C,utama,46,0.975609756097561,0.9861111111111112,0.8333333333333334,1.0,0.9090909090909091,1.0,1.0
HCV,XGB,P-C,utama,47,0.975609756097561,0.9287037037037037,0.9285714285714286,0.8666666666666667,0.896551724137931,0.9567901234567902,0.9291524017014212
HCV,XGB,P-C,utama,48,0.983739837398374,0.9333333333333333,1.0,0.8666666666666667,0.9285714285714286,0.9771604938271605,0.9525641025641025
HCV,XGB,P-C,utama,49,0.9512195121951219,0.9435185185185185,0.7368421052631579,0.9333333333333333,0.8235294117647058,0.941358024691358,0.8614378993326361
Hepatitis,NB,P-A,utama,0,0.8709677419354839,0.7933333333333333,0.6666666666666666,0.6666666666666666,0.6666666666666666,0.9366666666666666,0.8425925925925926
Hepatitis,NB,P-A,utama,1,0.7741935483870968,0.6699999999999999,0.42857142857142855,0.5,0.46153846153846156,0.8466666666666667,0.4584045584045584
Hepatitis,NB,P-A,utama,2,0.8387096774193549,0.71,0.6,0.5,0.5454545454545454,0.8400000000000001,0.7284920634920634
Hepatitis,NB,P-A,utama,3,0.8387096774193549,0.7946428571428572,0.625,0.7142857142857143,0.6666666666666666,0.9166666666666666,0.8312074829931972
Hepatitis,NB,P-A,utama,4,0.7419354838709677,0.6815476190476191,0.4444444444444444,0.5714285714285714,0.5,0.8392857142857143,0.5951857666143381
Hepatitis,NB,P-A,utama,5,0.8709677419354839,0.7933333333333333,0.6666666666666666,0.6666666666666666,0.6666666666666666,0.9533333333333333,0.8708333333333333
Hepatitis,NB,P-A,utama,6,0.8064516129032258,0.7533333333333333,0.5,0.6666666666666666,0.5714285714285714,0.8266666666666667,0.5777638540796436
Hepatitis,NB,P-A,utama,7,0.8387096774193549,0.7733333333333333,0.5714285714285714,0.6666666666666666,0.6153846153846154,0.9066666666666666,0.725534188034188
Hepatitis,NB,P-A,utama,8,0.9354838709677419,0.8571428571428572,1.0,0.7142857142857143,0.8333333333333334,0.8571428571428571,0.8168831168831168
Hepatitis,NB,P-A,utama,9,0.8064516129032258,0.7232142857142857,0.5714285714285714,0.5714285714285714,0.5714285714285714,0.7559523809523808,0.6137035378414688
Hepatitis,NB,P-A,utama,10,0.8387096774193549,0.71,0.6,0.5,0.5454545454545454,0.9199999999999999,0.6801587301587302
Hepatitis,NB,P-A,utama,11,0.8064516129032258,0.69,0.5,0.5,0.5,0.8,0.6091269841269841
Hepatitis,NB,P-A,utama,12,0.8064516129032258,0.7533333333333333,0.5,0.6666666666666666,0.5714285714285714,0.9,0.7175925925925926
Hepatitis,NB,P-A,utama,13,0.8064516129032258,0.7232142857142857,0.5714285714285714,0.5714285714285714,0.5714285714285714,0.8452380952380952,0.7460164835164835
Hepatitis,NB,P-A,utama,14,0.8709677419354839,0.8154761904761905,0.7142857142857143,0.7142857142857143,0.7142857142857143,0.9166666666666666,0.8386904761904761
Hepatitis,NB,P-A,utama,15,0.8064516129032258,0.6266666666666667,0.5,0.3333333333333333,0.4,0.8633333333333333,0.6763888888888888
Hepatitis,NB,P-A,utama,16,0.9032258064516129,0.8766666666666667,0.7142857142857143,0.8333333333333334,0.7692307692307693,0.8933333333333334,0.8050125313283207
Hepatitis,NB,P-A,utama,17,0.9032258064516129,0.8766666666666667,0.7142857142857143,0.8333333333333334,0.7692307692307693,0.9733333333333333,0.9166666666666665
Hepatitis,NB,P-A,utama,18,0.7741935483870968,0.6011904761904762,0.5,0.2857142857142857,0.36363636363636365,0.7738095238095238,0.5364393125671321
Hepatitis,NB,P-A,utama,19,0.7419354838709677,0.6815476190476191,0.4444444444444444,0.5714285714285714,0.5,0.8690476190476191,0.7278388278388279
Hepatitis,NB,P-A,utama,20,0.9354838709677419,0.8333333333333333,1.0,0.6666666666666666,0.8,0.8866666666666667,0.8012477718360071
Hepatitis,NB,P-A,utama,21,0.9032258064516129,0.8133333333333332,0.8,0.6666666666666666,0.7272727272727273,0.8533333333333334,0.7878787878787878
Hepatitis,NB,P-A,utama,22,0.8709677419354839,0.8566666666666667,0.625,0.8333333333333334,0.7142857142857143,0.8266666666666668,0.7732142857142857
Hepatitis,NB,P-A,utama,23,0.7419354838709677,0.6309523809523809,0.42857142857142855,0.42857142857142855,0.42857142857142855,0.8869047619047619,0.6650793650793649
Hepatitis,NB,P-A,utama,24,0.7096774193548387,0.6607142857142857,0.4,0.5714285714285714,0.47058823529411764,0.7738095238095238,0.5525664811379096
Hepatitis,NB,P-A,utama,25,0.7741935483870968,0.6699999999999999,0.42857142857142855,0.5,0.46153846153846156,0.76,0.5703703703703704
Hepatitis,NB,P-A,utama,26,0.8387096774193549,0.71,0.6,0.5,0.5454545454545454,0.8733333333333333,0.7430555555555555
Hepatitis,NB,P-A,utama,27,0.9032258064516129,0.8133333333333332,0.8,0.6666666666666666,0.7272727272727273,0.9066666666666666,0.8412698412698412
Hepatitis,NB,P-A,utama,28,0.8709677419354839,0.8154761904761905,0.7142857142857143,0.7142857142857143,0.7142857142857143,0.8988095238095237,0.8306122448979592
Hepatitis,NB,P-A,utama,29,0.7741935483870968,0.7023809523809523,0.5,0.5714285714285714,0.5333333333333333,0.8392857142857142,0.7049062049062049
Hepatitis,NB,P-A,utama,30,0.8064516129032258,0.69,0.5,0.5,0.5,0.9333333333333333,0.7688492063492063
Hepatitis,NB,P-A,utama,31,0.8387096774193549,0.71,0.6,0.5,0.5454545454545454,0.7866666666666666,0.6703703703703703
Hepatitis,NB,P-A,utama,32,0.8064516129032258,0.7533333333333333,0.5,0.6666666666666666,0.5714285714285714,0.9,0.7297008547008547
Hepatitis,NB,P-A,utama,33,0.8064516129032258,0.7232142857142857,0.5714285714285714,0.5714285714285714,0.5714285714285714,0.7559523809523809,0.5727513227513228
Hepatitis,NB,P-A,utama,34,0.8709677419354839,0.8660714285714286,0.6666666666666666,0.8571428571428571,0.75,0.8928571428571429,0.8020408163265305
Hepatitis,NB,P-A,utama,35,0.7741935483870968,0.6699999999999999,0.42857142857142855,0.5,0.46153846153846156,0.76,0.6520847573479152
Hepatitis,NB,P-A,utama,36,0.8064516129032258,0.7533333333333333,0.5,0.6666666666666666,0.5714285714285714,0.9466666666666667,0.8592592592592592
Hepatitis,NB,P-A,utama,37,0.8387096774193549,0.7733333333333333,0.5714285714285714,0.6666666666666666,0.6153846153846154,0.7866666666666666,0.47942896456828343
Hepatitis,NB,P-A,utama,38,0.967741935483871,0.9285714285714286,1.0,0.8571428571428571,0.9230769230769231,0.9761904761904762,0.9480519480519478
Hepatitis,NB,P-A,utama,39,0.8064516129032258,0.7232142857142857,0.5714285714285714,0.5714285714285714,0.5714285714285714,0.8690476190476191,0.7447278911564625
Hepatitis,NB,P-A,utama,40,0.8709677419354839,0.7933333333333333,0.6666666666666666,0.6666666666666666,0.6666666666666666,0.8133333333333334,0.6946687370600413
Hepatitis,NB,P-A,utama,41,0.8709677419354839,0.8566666666666667,0.625,0.8333333333333334,0.7142857142857143,0.8666666666666667,0.7628968253968254
Hepatitis,NB,P-A,utama,42,0.8064516129032258,0.7533333333333333,0.5,0.6666666666666666,0.5714285714285714,0.8533333333333334,0.6674603174603174
Hepatitis,NB,P-A,utama,43,0.9032258064516129,0.7857142857142857,1.0,0.5714285714285714,0.7272727272727273,0.8988095238095238,0.8499999999999999
Hepatitis,NB,P-A,utama,44,0.7419354838709677,0.6309523809523809,0.42857142857142855,0.42857142857142855,0.42857142857142855,0.8690476190476191,0.6850649350649349
Hepatitis,NB,P-A,utama,45,0.8709677419354839,0.7933333333333333,0.6666666666666666,0.6666666666666666,0.6666666666666666,0.8200000000000001,0.762962962962963
Hepatitis,NB,P-A,utama,46,0.8064516129032258,0.8166666666666667,0.5,0.8333333333333334,0.625,0.8933333333333333,0.6646825396825397
Hepatitis,NB,P-A,utama,47,0.8709677419354839,0.7933333333333333,0.6666666666666666,0.6666666666666666,0.6666666666666666,0.8666666666666666,0.6829365079365078
Hepatitis,NB,P-A,utama,48,0.7741935483870968,0.6517857142857143,0.5,0.42857142857142855,0.46153846153846156,0.8333333333333334,0.7006802721088434
Hepatitis,NB,P-A,utama,49,0.8709677419354839,0.7648809523809523,0.8,0.5714285714285714,0.6666666666666666,0.9345238095238094,0.8717486994797918
Hepatitis,NB,P-C,utama,0,0.8064516129032258,0.7533333333333333,0.5,0.6666666666666666,0.5714285714285714,0.9366666666666666,0.8425925925925926
Hepatitis,NB,P-C,utama,1,0.8387096774193549,0.8366666666666667,0.5555555555555556,0.8333333333333334,0.6666666666666666,0.8333333333333334,0.4481481481481482
Hepatitis,NB,P-C,utama,2,0.8709677419354839,0.8566666666666667,0.625,0.8333333333333334,0.7142857142857143,0.8400000000000001,0.7284920634920634
Hepatitis,NB,P-C,utama,3,0.8387096774193549,0.8452380952380952,0.6,0.8571428571428571,0.7058823529411765,0.9166666666666666,0.8312074829931972
Hepatitis,NB,P-C,utama,4,0.7741935483870968,0.8035714285714286,0.5,0.8571428571428571,0.631578947368421,0.8511904761904762,0.6054421768707483
Hepatitis,NB,P-C,utama,5,0.9354838709677419,0.96,0.75,1.0,0.8571428571428571,0.9733333333333334,0.9107142857142856
Hepatitis,NB,P-C,utama,6,0.8387096774193549,0.8366666666666667,0.5555555555555556,0.8333333333333334,0.6666666666666666,0.8266666666666667,0.5777638540796436
Hepatitis,NB,P-C,utama,7,0.8709677419354839,0.8566666666666667,0.625,0.8333333333333334,0.7142857142857143,0.9,0.7096611721611721
Hepatitis,NB,P-C,utama,8,0.9354838709677419,0.8571428571428572,1.0,0.7142857142857143,0.8333333333333334,0.8869047619047619,0.8357142857142856
Hepatitis,NB,P-C,utama,9,0.7096774193548387,0.6607142857142857,0.4,0.5714285714285714,0.47058823529411764,0.7559523809523808,0.6137035378414688
Hepatitis,NB,P-C,utama,10,0.9032258064516129,0.8766666666666667,0.7142857142857143,0.8333333333333334,0.7692307692307693,0.9199999999999999,0.6801587301587302
Hepatitis,NB,P-C,utama,11,0.7741935483870968,0.7333333333333334,0.4444444444444444,0.6666666666666666,0.5333333333333333,0.7866666666666666,0.6003302253302253
Hepatitis,NB,P-C,utama,12,0.8387096774193549,0.8366666666666667,0.5555555555555556,0.8333333333333334,0.6666666666666666,0.9066666666666667,0.7294973544973544
Hepatitis,NB,P-C,utama,13,0.7741935483870968,0.7023809523809523,0.5,0.5714285714285714,0.5333333333333333,0.8154761904761905,0.7335497835497835
Hepatitis,NB,P-C,utama,14,0.8064516129032258,0.8244047619047619,0.5454545454545454,0.8571428571428571,0.6666666666666666,0.9166666666666666,0.8312074829931972
Hepatitis,NB,P-C,utama,15,0.8387096774193549,0.7733333333333333,0.5714285714285714,0.6666666666666666,0.6153846153846154,0.8766666666666667,0.6868686868686867
Hepatitis,NB,P-C,utama,16,0.8709677419354839,0.8566666666666667,0.625,0.8333333333333334,0.7142857142857143,0.8933333333333333,0.7857142857142857
Hepatitis,NB,P-C,utama,17,0.8709677419354839,0.9199999999999999,0.6,1.0,0.75,0.98,0.9305555555555556
Hepatitis,NB,P-C,utama,18,0.8387096774193549,0.7440476190476191,0.6666666666666666,0.5714285714285714,0.6153846153846154,0.7678571428571428,0.5371170690498421
Hepatitis,NB,P-C,utama,19,0.7741935483870968,0.7529761904761905,0.5,0.7142857142857143,0.5882352941176471,0.8095238095238094,0.6981292517006803
Hepatitis,NB,P-C,utama,20,0.8709677419354839,0.7933333333333333,0.6666666666666666,0.6666666666666666,0.6666666666666666,0.8733333333333334,0.7895927601809954
Hepatitis,NB,P-C,utama,21,0.8387096774193549,0.7733333333333333,0.5714285714285714,0.6666666666666666,0.6153846153846154,0.8666666666666667,0.8047138047138047
Hepatitis,NB,P-C,utama,22,0.8064516129032258,0.8166666666666667,0.5,0.8333333333333334,0.625,0.8333333333333334,0.774537037037037
Hepatitis,NB,P-C,utama,23,0.8387096774193549,0.8452380952380952,0.6,0.8571428571428571,0.7058823529411765,0.8809523809523809,0.6586691086691085
Hepatitis,NB,P-C,utama,24,0.7419354838709677,0.7321428571428572,0.45454545454545453,0.7142857142857143,0.5555555555555556,0.7797619047619048,0.5547309833024119
Hepatitis,NB,P-C,utama,25,0.7741935483870968,0.7966666666666666,0.45454545454545453,0.8333333333333334,0.5882352941176471,0.7533333333333333,0.5425925925925926
Hepatitis,NB,P-C,utama,26,0.7741935483870968,0.7333333333333334,0.4444444444444444,0.6666666666666666,0.5333333333333333,0.8666666666666667,0.7393790849673202
Hepatitis,NB,P-C,utama,27,0.8709677419354839,0.7933333333333333,0.6666666666666666,0.6666666666666666,0.6666666666666666,0.92,0.8482142857142856
Hepatitis,NB,P-C,utama,28,0.9032258064516129,0.8869047619047619,0.75,0.8571428571428571,0.8,0.8928571428571428,0.8282312925170068
Hepatitis,NB,P-C,utama,29,0.7741935483870968,0.7023809523809523,0.5,0.5714285714285714,0.5333333333333333,0.8392857142857142,0.7049062049062049
Hepatitis,NB,P-C,utama,30,0.9032258064516129,0.94,0.6666666666666666,1.0,0.8,0.9466666666666667,0.7884920634920634
Hepatitis,NB,P-C,utama,31,0.8064516129032258,0.69,0.5,0.5,0.5,0.7933333333333333,0.6730936819172113
Hepatitis,NB,P-C,utama,32,0.8064516129032258,0.8166666666666667,0.5,0.8333333333333334,0.625,0.9066666666666667,0.7389601139601139
Hepatitis,NB,P-C,utama,33,0.8064516129032258,0.7232142857142857,0.5714285714285714,0.5714285714285714,0.5714285714285714,0.7678571428571428,0.5982615268329554
Hepatitis,NB,P-C,utama,34,0.8064516129032258,0.8244047619047619,0.5454545454545454,0.8571428571428571,0.6666666666666666,0.8928571428571429,0.7689581095596132
Hepatitis,NB,P-C,utama,35,0.7741935483870968,0.6699999999999999,0.42857142857142855,0.5,0.46153846153846156,0.7533333333333333,0.6451417004048583
Hepatitis,NB,P-C,utama,36,0.8387096774193549,0.8366666666666667,0.5555555555555556,0.8333333333333334,0.6666666666666666,0.9466666666666667,0.8592592592592592
Hepatitis,NB,P-C,utama,37,0.7741935483870968,0.7333333333333334,0.4444444444444444,0.6666666666666666,0.5333333333333333,0.7533333333333334,0.45565476190476184
Hepatitis,NB,P-C,utama,38,0.8709677419354839,0.8660714285714286,0.6666666666666666,0.8571428571428571,0.75,0.9821428571428571,0.9571428571428571
Hepatitis,NB,P-C,utama,39,0.8387096774193549,0.8452380952380952,0.6,0.8571428571428571,0.7058823529411765,0.880952380952381,0.7502834467120181
Hepatitis,NB,P-C,utama,40,0.8709677419354839,0.7933333333333333,0.6666666666666666,0.6666666666666666,0.6666666666666666,0.8066666666666666,0.6995726495726495
Hepatitis,NB,P-C,utama,41,0.7741935483870968,0.7966666666666666,0.45454545454545453,0.8333333333333334,0.5882352941176471,0.8466666666666667,0.7170893719806763
Hepatitis,NB,P-C,utama,42,0.7419354838709677,0.7766666666666666,0.4166666666666667,0.8333333333333334,0.5555555555555556,0.8533333333333334,0.6674603174603174
Hepatitis,NB,P-C,utama,43,0.9354838709677419,0.8571428571428572,1.0,0.7142857142857143,0.8333333333333334,0.9047619047619048,0.8595238095238094
Hepatitis,NB,P-C,utama,44,0.7741935483870968,0.7023809523809523,0.5,0.5714285714285714,0.5333333333333333,0.8630952380952381,0.6803030303030302
Hepatitis,NB,P-C,utama,45,0.8387096774193549,0.7733333333333333,0.5714285714285714,0.6666666666666666,0.6153846153846154,0.8333333333333333,0.7683178534571723
Hepatitis,NB,P-C,utama,46,0.8064516129032258,0.8166666666666667,0.5,0.8333333333333334,0.625,0.8933333333333333,0.6646825396825397
Hepatitis,NB,P-C,utama,47,0.7741935483870968,0.7966666666666666,0.45454545454545453,0.8333333333333334,0.5882352941176471,0.86,0.6805555555555555
Hepatitis,NB,P-C,utama,48,0.8064516129032258,0.7232142857142857,0.5714285714285714,0.5714285714285714,0.5714285714285714,0.8333333333333334,0.7006802721088434
Hepatitis,NB,P-C,utama,49,0.9354838709677419,0.9077380952380952,0.8571428571428571,0.8571428571428571,0.8571428571428571,0.9523809523809524,0.919642857142857
Hepatitis,DT,P-A,utama,0,0.8709677419354839,0.7933333333333333,0.6666666666666666,0.6666666666666666,0.6666666666666666,0.8333333333333334,0.657258064516129
Hepatitis,DT,P-A,utama,1,0.7096774193548387,0.5666666666666667,0.2857142857142857,0.3333333333333333,0.3076923076923077,0.6933333333333334,0.38962985938792394
Hepatitis,DT,P-A,utama,2,0.8387096774193549,0.71,0.6,0.5,0.5454545454545454,0.8366666666666667,0.6534220856801503
Hepatitis,DT,P-A,utama,3,0.7419354838709677,0.6309523809523809,0.42857142857142855,0.42857142857142855,0.42857142857142855,0.7023809523809526,0.4627845273006563
Hepatitis,DT,P-A,utama,4,0.7096774193548387,0.6101190476190476,0.375,0.42857142857142855,0.4,0.7648809523809524,0.4846837944664032
Hepatitis,DT,P-A,utama,5,0.9032258064516129,0.75,1.0,0.5,0.6666666666666666,0.9533333333333334,0.7992424242424243
Hepatitis,DT,P-A,utama,6,0.8064516129032258,0.5633333333333334,0.5,0.16666666666666666,0.25,0.8833333333333333,0.6037037037037037
Hepatitis,DT,P-A,utama,7,0.7096774193548387,0.63,0.3333333333333333,0.5,0.4,0.6333333333333333,0.2981762597512123
Hepatitis,DT,P-A,utama,8,0.8709677419354839,0.7648809523809523,0.8,0.5714285714285714,0.6666666666666666,0.8720238095238096,0.6822580645161289
Hepatitis,DT,P-A,utama,9,0.8064516129032258,0.6220238095238095,0.6666666666666666,0.2857142857142857,0.4,0.5863095238095237,0.33855606758832557
Hepatitis,DT,P-A,utama,10,0.8064516129032258,0.6266666666666667,0.5,0.3333333333333333,0.4,0.7533333333333333,0.3885918003565062
Hepatitis,DT,P-A,utama,11,0.7741935483870968,0.6699999999999999,0.42857142857142855,0.5,0.46153846153846156,0.7866666666666667,0.4757405079985725
Hepatitis,DT,P-A,utama,12,0.7741935483870968,0.5433333333333333,0.3333333333333333,0.16666666666666666,0.2222222222222222,0.7733333333333335,0.43067076292882744
Hepatitis,DT,P-A,utama,13,0.8064516129032258,0.6220238095238095,0.6666666666666666,0.2857142857142857,0.4,0.5773809523809524,0.41111767563380464
Hepatitis,DT,P-A,utama,14,0.8064516129032258,0.7232142857142857,0.5714285714285714,0.5714285714285714,0.5714285714285714,0.8482142857142857,0.565110286538858
Hepatitis,DT,P-A,utama,15,0.7741935483870968,0.6066666666666667,0.4,0.3333333333333333,0.36363636363636365,0.6966666666666667,0.30795047246660145
Hepatitis,DT,P-A,utama,16,0.8387096774193549,0.8366666666666667,0.5555555555555556,0.8333333333333334,0.6666666666666666,0.8066666666666668,0.5924432497013142
Hepatitis,DT,P-A,utama,17,0.9354838709677419,0.8333333333333333,1.0,0.6666666666666666,0.8,0.8566666666666667,0.7683691756272402
Hepatitis,DT,P-A,utama,18,0.8064516129032258,0.6220238095238095,0.6666666666666666,0.2857142857142857,0.4,0.6339285714285714,0.40028527540048275
Hepatitis,DT,P-A,utama,19,0.7419354838709677,0.5297619047619048,0.3333333333333333,0.14285714285714285,0.2,0.6904761904761905,0.4392208496301746
Hepatitis,DT,P-A,utama,20,0.8709677419354839,0.6666666666666666,1.0,0.3333333333333333,0.5,0.84,0.625
Hepatitis,DT,P-A,utama,21,0.7419354838709677,0.65,0.375,0.5,0.42857142857142855,0.75,0.5125291375291375
Hepatitis,DT,P-A,utama,22,0.8064516129032258,0.6266666666666667,0.5,0.3333333333333333,0.4,0.81,0.5095307917888563
Hepatitis,DT,P-A,utama,23,0.7741935483870968,0.6011904761904762,0.5,0.2857142857142857,0.36363636363636365,0.7946428571428571,0.5077336197636949
Hepatitis,DT,P-A,utama,24,0.8709677419354839,0.7142857142857143,1.0,0.42857142857142855,0.6,0.7946428571428572,0.6386072708653354
Hepatitis,DT,P-A,utama,25,0.8387096774193549,0.6466666666666666,0.6666666666666666,0.3333333333333333,0.4444444444444444,0.6066666666666667,0.41621863799283154
Hepatitis,DT,P-A,utama,26,0.7741935483870968,0.5433333333333333,0.3333333333333333,0.16666666666666666,0.2222222222222222,0.5833333333333333,0.2884408602150538
Hepatitis,DT,P-A,utama,27,0.7419354838709677,0.5233333333333333,0.25,0.16666666666666666,0.2,0.7666666666666668,0.47838601064407515
Hepatitis,DT,P-A,utama,28,0.9032258064516129,0.8869047619047619,0.75,0.8571428571428571,0.8,0.9345238095238095,0.7197802197802197
Hepatitis,DT,P-A,utama,29,0.7419354838709677,0.5803571428571428,0.4,0.2857142857142857,0.3333333333333333,0.7648809523809523,0.541101601931095
Hepatitis,DT,P-A,utama,30,0.8064516129032258,0.5,0.0,0.0,0.0,0.8066666666666666,0.4180555555555555
Hepatitis,DT,P-A,utama,31,0.8064516129032258,0.6266666666666667,0.5,0.3333333333333333,0.4,0.6633333333333334,0.32594086021505375
Hepatitis,DT,P-A,utama,32,0.8064516129032258,0.69,0.5,0.5,0.5,0.6100000000000001,0.3897293288839451
Hepatitis,DT,P-A,utama,33,0.7741935483870968,0.5505952380952381,0.5,0.14285714285714285,0.2222222222222222,0.7351190476190477,0.3839587447882379
Hepatitis,DT,P-A,utama,34,0.8709677419354839,0.9166666666666667,0.6363636363636364,1.0,0.7777777777777778,0.9166666666666666,0.6757884972170687
Hepatitis,DT,P-A,utama,35,0.8064516129032258,0.6266666666666667,0.5,0.3333333333333333,0.4,0.65,0.31899641577060933
Hepatitis,DT,P-A,utama,36,0.8709677419354839,0.6666666666666666,1.0,0.3333333333333333,0.5,0.6466666666666668,0.5063959955506118
Hepatitis,DT,P-A,utama,37,0.8387096774193549,0.5833333333333334,1.0,0.16666666666666666,0.2857142857142857,0.73,0.45340501792114696
Hepatitis,DT,P-A,utama,38,0.8387096774193549,0.6934523809523809,0.75,0.42857142857142855,0.5454545454545454,0.8690476190476191,0.6431972789115646
Hepatitis,DT,P-A,utama,39,0.7419354838709677,0.6815476190476191,0.4444444444444444,0.5714285714285714,0.5,0.7202380952380952,0.4251152073732719
Hepatitis,DT,P-A,utama,40,0.8387096774193549,0.6466666666666666,0.6666666666666666,0.3333333333333333,0.4444444444444444,0.7799999999999999,0.47721454173067074
Hepatitis,DT,P-A,utama,41,0.8064516129032258,0.69,0.5,0.5,0.5,0.8333333333333334,0.6762237762237763
Hepatitis,DT,P-A,utama,42,0.7419354838709677,0.65,0.375,0.5,0.42857142857142855,0.6566666666666666,0.3884540375289901
Hepatitis,DT,P-A,utama,43,0.8709677419354839,0.7142857142857143,1.0,0.42857142857142855,0.6,0.8273809523809524,0.6738095238095239
Hepatitis,DT,P-A,utama,44,0.8064516129032258,0.6220238095238095,0.6666666666666666,0.2857142857142857,0.4,0.7559523809523809,0.615225097483162
Hepatitis,DT,P-A,utama,45,0.7096774193548387,0.63,0.3333333333333333,0.5,0.4,0.5966666666666667,0.4767025089605734
Hepatitis,DT,P-A,utama,46,0.8387096774193549,0.71,0.6,0.5,0.5454545454545454,0.8733333333333333,0.5185185185185186
Hepatitis,DT,P-A,utama,47,0.8064516129032258,0.7533333333333333,0.5,0.6666666666666666,0.5714285714285714,0.9,0.5651515151515152
Hepatitis,DT,P-A,utama,48,0.7741935483870968,0.6517857142857143,0.5,0.42857142857142855,0.46153846153846156,0.7857142857142858,0.6458111780692426
Hepatitis,DT,P-A,utama,49,0.8064516129032258,0.5714285714285714,1.0,0.14285714285714285,0.25,0.6398809523809522,0.4227342549923195
Hepatitis,DT,P-B,utama,0,0.7096774193548387,0.63,0.3333333333333333,0.5,0.4,0.7666666666666667,0.47064190289996743
Hepatitis,DT,P-B,utama,1,0.7419354838709677,0.65,0.375,0.5,0.42857142857142855,0.5566666666666668,0.26836917562724016
Hepatitis,DT,P-B,utama,2,0.7741935483870968,0.7333333333333334,0.4444444444444444,0.6666666666666666,0.5333333333333333,0.7766666666666666,0.4859617682198327
Hepatitis,DT,P-B,utama,3,0.5806451612903226,0.47619047619047616,0.2,0.2857142857142857,0.23529411764705882,0.5178571428571428,0.2572373862696443
Hepatitis,DT,P-B,utama,4,0.5806451612903226,0.5267857142857143,0.25,0.42857142857142855,0.3157894736842105,0.6696428571428571,0.3337535014005602
Hepatitis,DT,P-B,utama,5,0.8709677419354839,0.7933333333333333,0.6666666666666666,0.6666666666666666,0.6666666666666666,0.9333333333333333,0.6679292929292929
Hepatitis,DT,P-B,utama,6,0.8064516129032258,0.7533333333333333,0.5,0.6666666666666666,0.5714285714285714,0.84,0.5694444444444444
Hepatitis,DT,P-B,utama,7,0.7096774193548387,0.6933333333333334,0.36363636363636365,0.6666666666666666,0.47058823529411764,0.7433333333333334,0.35198135198135205
Hepatitis,DT,P-B,utama,8,0.6451612903225806,0.5684523809523809,0.3,0.42857142857142855,0.35294117647058826,0.6101190476190477,0.5004608294930875
Hepatitis,DT,P-B,utama,9,0.7096774193548387,0.5089285714285714,0.25,0.14285714285714285,0.18181818181818182,0.5208333333333333,0.2446236559139785
Hepatitis,DT,P-B,utama,10,0.8064516129032258,0.7533333333333333,0.5,0.6666666666666666,0.5714285714285714,0.9033333333333333,0.6538461538461539
Hepatitis,DT,P-B,utama,11,0.6774193548387096,0.61,0.3,0.5,0.375,0.7066666666666667,0.4167888563049853
Hepatitis,DT,P-B,utama,12,0.7096774193548387,0.63,0.3333333333333333,0.5,0.4,0.6966666666666668,0.3100358422939068
Hepatitis,DT,P-B,utama,13,0.6774193548387096,0.5386904761904762,0.2857142857142857,0.2857142857142857,0.2857142857142857,0.6190476190476191,0.421682618456812
Hepatitis,DT,P-B,utama,14,0.6451612903225806,0.6696428571428572,0.35714285714285715,0.7142857142857143,0.47619047619047616,0.6964285714285715,0.3808426596445029
Hepatitis,DT,P-B,utama,15,0.7096774193548387,0.6933333333333334,0.36363636363636365,0.6666666666666666,0.47058823529411764,0.6866666666666666,0.2968393613554904
Hepatitis,DT,P-B,utama,16,0.7419354838709677,0.7133333333333334,0.4,0.6666666666666666,0.5,0.8166666666666668,0.4865870688451333
Hepatitis,DT,P-B,utama,17,0.7096774193548387,0.6933333333333334,0.36363636363636365,0.6666666666666666,0.47058823529411764,0.7866666666666666,0.46626706626706627
Hepatitis,DT,P-B,utama,18,0.7096774193548387,0.5089285714285714,0.25,0.14285714285714285,0.18181818181818182,0.5119047619047619,0.24116743471582183
Hepatitis,DT,P-B,utama,19,0.7096774193548387,0.6607142857142857,0.4,0.5714285714285714,0.47058823529411764,0.6369047619047619,0.3160492733073378
Hepatitis,DT,P-B,utama,20,0.8064516129032258,0.7533333333333333,0.5,0.6666666666666666,0.5714285714285714,0.9,0.6166666666666667
Hepatitis,DT,P-B,utama,21,0.7096774193548387,0.6933333333333334,0.36363636363636365,0.6666666666666666,0.47058823529411764,0.75,0.5125291375291375
Hepatitis,DT,P-B,utama,22,0.7741935483870968,0.7333333333333334,0.4444444444444444,0.6666666666666666,0.5333333333333333,0.7233333333333333,0.3348864994026284
Hepatitis,DT,P-B,utama,23,0.7096774193548387,0.7619047619047619,0.42857142857142855,0.8571428571428571,0.5714285714285714,0.8482142857142857,0.6135204081632653
Hepatitis,DT,P-B,utama,24,0.7096774193548387,0.5595238095238095,0.3333333333333333,0.2857142857142857,0.3076923076923077,0.5773809523809524,0.2928780896522832
Hepatitis,DT,P-B,utama,25,0.6451612903225806,0.7166666666666667,0.3333333333333333,0.8333333333333334,0.47619047619047616,0.6933333333333334,0.2833333333333333
Hepatitis,DT,P-B,utama,26,0.7741935483870968,0.7966666666666666,0.45454545454545453,0.8333333333333334,0.5882352941176471,0.8033333333333335,0.6004398826979472
Hepatitis,DT,P-B,utama,27,0.7741935483870968,0.7966666666666666,0.45454545454545453,0.8333333333333334,0.5882352941176471,0.7666666666666668,0.47838601064407515
Hepatitis,DT,P-B,utama,28,0.7096774193548387,0.7619047619047619,0.42857142857142855,0.8571428571428571,0.5714285714285714,0.8273809523809526,0.6236412844707775
Hepatitis,DT,P-B,utama,29,0.7741935483870968,0.7529761904761905,0.5,0.7142857142857143,0.5882352941176471,0.755952380952381,0.4772145417306708
Hepatitis,DT,P-B,utama,30,0.5806451612903226,0.6133333333333333,0.26666666666666666,0.6666666666666666,0.38095238095238093,0.6366666666666667,0.2934843830005121
Hepatitis,DT,P-B,utama,31,0.7419354838709677,0.65,0.375,0.5,0.42857142857142855,0.6733333333333332,0.3413018433179723
Hepatitis,DT,P-B,utama,32,0.5483870967741935,0.5933333333333333,0.25,0.6666666666666666,0.36363636363636365,0.6633333333333333,0.3311827956989247
Hepatitis,DT,P-B,utama,33,0.7419354838709677,0.6309523809523809,0.42857142857142855,0.42857142857142855,0.42857142857142855,0.7410714285714286,0.3934825543120475
Hepatitis,DT,P-B,utama,34,0.7741935483870968,0.7529761904761905,0.5,0.7142857142857143,0.5882352941176471,0.875,0.5518053375196232
Hepatitis,DT,P-B,utama,35,0.6774193548387096,0.6733333333333333,0.3333333333333333,0.6666666666666666,0.4444444444444444,0.7233333333333332,0.38859020310633213
Hepatitis,DT,P-B,utama,36,0.8064516129032258,0.7533333333333333,0.5,0.6666666666666666,0.5714285714285714,0.8333333333333334,0.7211469534050179
Hepatitis,DT,P-B,utama,37,0.7096774193548387,0.5033333333333333,0.2,0.16666666666666666,0.18181818181818182,0.47,0.19014336917562724
Hepatitis,DT,P-B,utama,38,0.8064516129032258,0.7738095238095238,0.5555555555555556,0.7142857142857143,0.625,0.875,0.7247899159663866
Hepatitis,DT,P-B,utama,39,0.6774193548387096,0.7410714285714286,0.4,0.8571428571428571,0.5454545454545454,0.7559523809523809,0.48313417253509416
Hepatitis,DT,P-B,utama,40,0.8387096774193549,0.71,0.6,0.5,0.5454545454545454,0.7733333333333333,0.4430875576036866
Hepatitis,DT,P-B,utama,41,0.7419354838709677,0.7766666666666666,0.4166666666666667,0.8333333333333334,0.5555555555555556,0.8966666666666667,0.5819444444444444
Hepatitis,DT,P-B,utama,42,0.6774193548387096,0.61,0.3,0.5,0.375,0.58,0.2846841962591488
Hepatitis,DT,P-B,utama,43,0.8387096774193549,0.7946428571428572,0.625,0.7142857142857143,0.6666666666666666,0.9226190476190476,0.7755102040816326
Hepatitis,DT,P-B,utama,44,0.6774193548387096,0.6398809523809523,0.36363636363636365,0.5714285714285714,0.4444444444444444,0.6696428571428572,0.3490113112693758
Hepatitis,DT,P-B,utama,45,0.6451612903225806,0.5900000000000001,0.2727272727272727,0.5,0.35294117647058826,0.6133333333333333,0.4803410448571739
Hepatitis,DT,P-B,utama,46,0.7419354838709677,0.7766666666666666,0.4166666666666667,0.8333333333333334,0.5555555555555556,0.8466666666666667,0.4575396825396825
Hepatitis,DT,P-B,utama,47,0.8064516129032258,0.69,0.5,0.5,0.5,0.8200000000000001,0.5050125313283208
Hepatitis,DT,P-B,utama,48,0.7419354838709677,0.6815476190476191,0.4444444444444444,0.5714285714285714,0.5,0.7886904761904763,0.5214355536936182
Hepatitis,DT,P-B,utama,49,0.7419354838709677,0.5803571428571428,0.4,0.2857142857142857,0.3333333333333333,0.7083333333333333,0.4690712513293158
Hepatitis,DT,P-C,utama,0,0.8709677419354839,0.73,0.75,0.5,0.6,0.7533333333333333,0.48581242532855434
Hepatitis,DT,P-C,utama,1,0.7741935483870968,0.7333333333333334,0.4444444444444444,0.6666666666666666,0.5333333333333333,0.7933333333333333,0.6047619047619047
Hepatitis,DT,P-C,utama,2,0.8064516129032258,0.8166666666666667,0.5,0.8333333333333334,0.625,0.8,0.6036866359447004
Hepatitis,DT,P-C,utama,3,0.6451612903225806,0.46726190476190477,0.16666666666666666,0.14285714285714285,0.15384615384615385,0.5238095238095238,0.3433179723502304
Hepatitis,DT,P-C,utama,4,0.6774193548387096,0.5892857142857143,0.3333333333333333,0.42857142857142855,0.375,0.675595238095238,0.3453081232492997
Hepatitis,DT,P-C,utama,5,0.8709677419354839,0.7933333333333333,0.6666666666666666,0.6666666666666666,0.6666666666666666,0.7633333333333334,0.532258064516129
Hepatitis,DT,P-C,utama,6,0.7741935483870968,0.6066666666666667,0.4,0.3333333333333333,0.36363636363636365,0.7866666666666666,0.5686274509803921
Hepatitis,DT,P-C,utama,7,0.7096774193548387,0.6933333333333334,0.36363636363636365,0.6666666666666666,0.47058823529411764,0.7633333333333334,0.4123085695666341
Hepatitis,DT,P-C,utama,8,0.7096774193548387,0.6101190476190476,0.375,0.42857142857142855,0.4,0.5773809523809523,0.36133969716919023
Hepatitis,DT,P-C,utama,9,0.7741935483870968,0.7529761904761905,0.5,0.7142857142857143,0.5882352941176471,0.8095238095238095,0.47914451140257586
Hepatitis,DT,P-C,utama,10,0.7741935483870968,0.48,0.0,0.0,0.0,0.48,0.22427035330261139
Hepatitis,DT,P-C,utama,11,0.7419354838709677,0.65,0.375,0.5,0.42857142857142855,0.7566666666666667,0.34799880525686977
Hepatitis,DT,P-C,utama,12,0.7419354838709677,0.46,0.0,0.0,0.0,0.7133333333333334,0.3378136200716846
Hepatitis,DT,P-C,utama,13,0.7419354838709677,0.6309523809523809,0.42857142857142855,0.42857142857142855,0.42857142857142855,0.5863095238095237,0.32146711455467214
Hepatitis,DT,P-C,utama,14,0.7741935483870968,0.6517857142857143,0.5,0.42857142857142855,0.46153846153846156,0.7738095238095238,0.45062541145490453
Hepatitis,DT,P-C,utama,15,0.7419354838709677,0.7133333333333334,0.4,0.6666666666666666,0.5,0.7133333333333333,0.3311827956989247
Hepatitis,DT,P-C,utama,16,0.8387096774193549,0.7733333333333333,0.5714285714285714,0.6666666666666666,0.6153846153846154,0.8200000000000001,0.5108294930875577
Hepatitis,DT,P-C,utama,17,0.7096774193548387,0.7566666666666667,0.38461538461538464,0.8333333333333334,0.5263157894736842,0.87,0.7119722382880278
Hepatitis,DT,P-C,utama,18,0.7096774193548387,0.6101190476190476,0.375,0.42857142857142855,0.4,0.7202380952380952,0.34654377880184334
Hepatitis,DT,P-C,utama,19,0.7419354838709677,0.6309523809523809,0.42857142857142855,0.42857142857142855,0.42857142857142855,0.8125000000000001,0.4962672248386534
Hepatitis,DT,P-C,utama,20,0.8387096774193549,0.7733333333333333,0.5714285714285714,0.6666666666666666,0.6153846153846154,0.7866666666666666,0.577020202020202
Hepatitis,DT,P-C,utama,21,0.7096774193548387,0.6933333333333334,0.36363636363636365,0.6666666666666666,0.47058823529411764,0.7866666666666666,0.488034188034188
Hepatitis,DT,P-C,utama,22,0.8387096774193549,0.8366666666666667,0.5555555555555556,0.8333333333333334,0.6666666666666666,0.8300000000000001,0.5415173237753883
Hepatitis,DT,P-C,utama,23,0.7419354838709677,0.6815476190476191,0.4444444444444444,0.5714285714285714,0.5,0.7410714285714286,0.4108294930875577
Hepatitis,DT,P-C,utama,24,0.6451612903225806,0.5684523809523809,0.3,0.42857142857142855,0.35294117647058826,0.5744047619047619,0.2699819381847032
Hepatitis,DT,P-C,utama,25,0.8064516129032258,0.69,0.5,0.5,0.5,0.67,0.43333333333333335
Hepatitis,DT,P-C,utama,26,0.7419354838709677,0.5866666666666667,0.3333333333333333,0.3333333333333333,0.3333333333333333,0.53,0.22957607217896428
Hepatitis,DT,P-C,utama,27,0.7419354838709677,0.65,0.375,0.5,0.42857142857142855,0.79,0.6107212679793325
Hepatitis,DT,P-C,utama,28,0.9032258064516129,0.9375,0.7,1.0,0.8235294117647058,0.9375,0.8006802721088435
Hepatitis,DT,P-C,utama,29,0.7419354838709677,0.5803571428571428,0.4,0.2857142857142857,0.3333333333333333,0.7827380952380952,0.40412087912087913
Hepatitis,DT,P-C,utama,30,0.8709677419354839,0.73,0.75,0.5,0.6,0.8733333333333334,0.5694444444444444
Hepatitis,DT,P-C,utama,31,0.8387096774193549,0.6466666666666666,0.6666666666666666,0.3333333333333333,0.4444444444444444,0.8400000000000001,0.6155913978494623
Hepatitis,DT,P-C,utama,32,0.7741935483870968,0.6066666666666667,0.4,0.3333333333333333,0.36363636363636365,0.7733333333333333,0.5555555555555556
Hepatitis,DT,P-C,utama,33,0.7741935483870968,0.7023809523809523,0.5,0.5714285714285714,0.5333333333333333,0.7410714285714286,0.5357142857142857
Hepatitis,DT,P-C,utama,34,0.8387096774193549,0.8452380952380952,0.6,0.8571428571428571,0.7058823529411765,0.9166666666666667,0.6432900432900432
Hepatitis,DT,P-C,utama,35,0.6451612903225806,0.5266666666666666,0.2222222222222222,0.3333333333333333,0.26666666666666666,0.4933333333333333,0.20310633213859022
Hepatitis,DT,P-C,utama,36,0.8709677419354839,0.8566666666666667,0.625,0.8333333333333334,0.7142857142857143,0.8766666666666667,0.7030913978494624
Hepatitis,DT,P-C,utama,37,0.7096774193548387,0.5033333333333333,0.2,0.16666666666666666,0.18181818181818182,0.42999999999999994,0.20278773397052968
Hepatitis,DT,P-C,utama,38,0.8064516129032258,0.7232142857142857,0.5714285714285714,0.5714285714285714,0.5714285714285714,0.7767857142857142,0.4611129397995758
Hepatitis,DT,P-C,utama,39,0.6774193548387096,0.5892857142857143,0.3333333333333333,0.42857142857142855,0.375,0.7410714285714286,0.40294452091687116
Hepatitis,DT,P-C,utama,40,0.8387096774193549,0.71,0.6,0.5,0.5454545454545454,0.7766666666666666,0.6597542242703534
Hepatitis,DT,P-C,utama,41,0.7096774193548387,0.6933333333333334,0.36363636363636365,0.6666666666666666,0.47058823529411764,0.81,0.5731735369893265
Hepatitis,DT,P-C,utama,42,0.6451612903225806,0.5900000000000001,0.2727272727272727,0.5,0.35294117647058826,0.5466666666666666,0.3450583937850491
Hepatitis,DT,P-C,utama,43,0.8709677419354839,0.8154761904761905,0.7142857142857143,0.7142857142857143,0.7142857142857143,0.8035714285714286,0.6407066052227343
Hepatitis,DT,P-C,utama,44,0.6774193548387096,0.5386904761904762,0.2857142857142857,0.2857142857142857,0.2857142857142857,0.6011904761904762,0.29949528198376124
Hepatitis,DT,P-C,utama,45,0.6774193548387096,0.61,0.3,0.5,0.375,0.5466666666666666,0.24201228878648234
Hepatitis,DT,P-C,utama,46,0.7419354838709677,0.7133333333333334,0.4,0.6666666666666666,0.5,0.8699999999999999,0.5777777777777778
Hepatitis,DT,P-C,utama,47,0.7419354838709677,0.7133333333333334,0.4,0.6666666666666666,0.5,0.71,0.3811827956989247
Hepatitis,DT,P-C,utama,48,0.7741935483870968,0.7023809523809523,0.5,0.5714285714285714,0.5333333333333333,0.7440476190476191,0.4573732718894009
Hepatitis,DT,P-C,utama,49,0.7419354838709677,0.5297619047619048,0.3333333333333333,0.14285714285714285,0.2,0.6309523809523809,0.31582181259600617
Hepatitis,KNN,P-A,utama,0,0.8064516129032258,0.69,0.5,0.5,0.5,0.8400000000000001,0.6248506571087216
Hepatitis,KNN,P-A,utama,1,0.7419354838709677,0.46,0.0,0.0,0.0,0.8733333333333333,0.55
Hepatitis,KNN,P-A,utama,2,0.8064516129032258,0.5633333333333334,0.5,0.16666666666666666,0.25,0.7933333333333334,0.5487415809996455
Hepatitis,KNN,P-A,utama,3,0.8709677419354839,0.8154761904761905,0.7142857142857143,0.7142857142857143,0.7142857142857143,0.8839285714285715,0.5802721088435374
Hepatitis,KNN,P-A,utama,4,0.7419354838709677,0.5803571428571428,0.4,0.2857142857142857,0.3333333333333333,0.806547619047619,0.4376304367901007
Hepatitis,KNN,P-A,utama,5,0.9032258064516129,0.8133333333333332,0.8,0.6666666666666666,0.7272727272727273,0.9366666666666666,0.7262626262626263
Hepatitis,KNN,P-A,utama,6,0.8064516129032258,0.6266666666666667,0.5,0.3333333333333333,0.4,0.88,0.5833333333333334
Hepatitis,KNN,P-A,utama,7,0.8387096774193549,0.6466666666666666,0.6666666666666666,0.3333333333333333,0.4444444444444444,0.8933333333333333,0.6221001221001221
Hepatitis,KNN,P-A,utama,8,0.8064516129032258,0.6220238095238095,0.6666666666666666,0.2857142857142857,0.4,0.7738095238095237,0.570468509984639
Hepatitis,KNN,P-A,utama,9,0.7741935483870968,0.6011904761904762,0.5,0.2857142857142857,0.36363636363636365,0.7916666666666667,0.581320113578178
Hepatitis,KNN,P-A,utama,10,0.8387096774193549,0.6466666666666666,0.6666666666666666,0.3333333333333333,0.4444444444444444,0.87,0.5069444444444444
Hepatitis,KNN,P-A,utama,11,0.7741935483870968,0.6066666666666667,0.4,0.3333333333333333,0.36363636363636365,0.7866666666666666,0.49442737668544123
Hepatitis,KNN,P-A,utama,12,0.8709677419354839,0.6666666666666666,1.0,0.3333333333333333,0.5,0.9333333333333333,0.7314814814814814
Hepatitis,KNN,P-A,utama,13,0.8387096774193549,0.7440476190476191,0.6666666666666666,0.5714285714285714,0.6153846153846154,0.818452380952381,0.6879357201937846
Hepatitis,KNN,P-A,utama,14,0.7741935483870968,0.6517857142857143,0.5,0.42857142857142855,0.46153846153846156,0.8392857142857143,0.6781076066790352
Hepatitis,KNN,P-A,utama,15,0.8387096774193549,0.6466666666666666,0.6666666666666666,0.3333333333333333,0.4444444444444444,0.7299999999999999,0.5359447004608295
Hepatitis,KNN,P-A,utama,16,0.8387096774193549,0.71,0.6,0.5,0.5454545454545454,0.8966666666666666,0.6158730158730159
Hepatitis,KNN,P-A,utama,17,0.9354838709677419,0.8333333333333333,1.0,0.6666666666666666,0.8,0.95,0.8523809523809525
Hepatitis,KNN,P-A,utama,18,0.7419354838709677,0.4791666666666667,0.0,0.0,0.0,0.8125,0.48507191732998184
Hepatitis,KNN,P-A,utama,19,0.8387096774193549,0.7440476190476191,0.6666666666666666,0.5714285714285714,0.6153846153846154,0.851190476190476,0.6533613445378151
Hepatitis,KNN,P-A,utama,20,0.9032258064516129,0.75,1.0,0.5,0.6666666666666666,0.9366666666666665,0.7867063492063492
Hepatitis,KNN,P-A,utama,21,0.8709677419354839,0.73,0.75,0.5,0.6,0.8066666666666668,0.6499320571901217
Hepatitis,KNN,P-A,utama,22,0.8387096774193549,0.6466666666666666,0.6666666666666666,0.3333333333333333,0.4444444444444444,0.8133333333333335,0.622205154463219
Hepatitis,KNN,P-A,utama,23,0.8064516129032258,0.5714285714285714,1.0,0.14285714285714285,0.25,0.8482142857142858,0.5656454656454657
Hepatitis,KNN,P-A,utama,24,0.7741935483870968,0.6517857142857143,0.5,0.42857142857142855,0.46153846153846156,0.7857142857142858,0.6341418949713881
Hepatitis,KNN,P-A,utama,25,0.7419354838709677,0.5233333333333333,0.25,0.16666666666666666,0.2,0.7366666666666668,0.3322580645161291
Hepatitis,KNN,P-A,utama,26,0.8064516129032258,0.5633333333333334,0.5,0.16666666666666666,0.25,0.8766666666666667,0.5945378151260504
Hepatitis,KNN,P-A,utama,27,0.8709677419354839,0.73,0.75,0.5,0.6,0.8533333333333333,0.6899961597542243
Hepatitis,KNN,P-A,utama,28,0.8064516129032258,0.6726190476190476,0.6,0.42857142857142855,0.5,0.9166666666666667,0.7285714285714285
Hepatitis,KNN,P-A,utama,29,0.7419354838709677,0.5803571428571428,0.4,0.2857142857142857,0.3333333333333333,0.8095238095238095,0.5457393483709273
Hepatitis,KNN,P-A,utama,30,0.8064516129032258,0.6266666666666667,0.5,0.3333333333333333,0.4,0.8433333333333334,0.5553751803751804
Hepatitis,KNN,P-A,utama,31,0.9032258064516129,0.75,1.0,0.5,0.6666666666666666,0.8800000000000001,0.7405913978494624
Hepatitis,KNN,P-A,utama,32,0.9032258064516129,0.8133333333333332,0.8,0.6666666666666666,0.7272727272727273,0.9,0.7162878787878788
Hepatitis,KNN,P-A,utama,33,0.7419354838709677,0.5297619047619048,0.3333333333333333,0.14285714285714285,0.2,0.7708333333333334,0.4934825543120474
Hepatitis,KNN,P-A,utama,34,0.8709677419354839,0.7648809523809523,0.8,0.5714285714285714,0.6666666666666666,0.8660714285714287,0.6465437788018433
Hepatitis,KNN,P-A,utama,35,0.8064516129032258,0.69,0.5,0.5,0.5,0.7133333333333332,0.45845552297165204
Hepatitis,KNN,P-A,utama,36,0.9032258064516129,0.75,1.0,0.5,0.6666666666666666,0.9233333333333333,0.7827903091060986
Hepatitis,KNN,P-A,utama,37,0.7741935483870968,0.5433333333333333,0.3333333333333333,0.16666666666666666,0.2222222222222222,0.8366666666666667,0.5266025641025641
Hepatitis,KNN,P-A,utama,38,0.8064516129032258,0.5714285714285714,1.0,0.14285714285714285,0.25,0.9464285714285714,0.7571428571428571
Hepatitis,KNN,P-A,utama,39,0.8064516129032258,0.6726190476190476,0.6,0.42857142857142855,0.5,0.875,0.6047619047619047
Hepatitis,KNN,P-A,utama,40,0.8709677419354839,0.73,0.75,0.5,0.6,0.7933333333333332,0.57642089093702
Hepatitis,KNN,P-A,utama,41,0.8709677419354839,0.73,0.75,0.5,0.6,0.9,0.6805555555555555
Hepatitis,KNN,P-A,utama,42,0.7741935483870968,0.6699999999999999,0.42857142857142855,0.5,0.46153846153846156,0.8033333333333333,0.4732804232804233
Hepatitis,KNN,P-A,utama,43,0.8709677419354839,0.7142857142857143,1.0,0.42857142857142855,0.6,0.9404761904761905,0.8571428571428572
Hepatitis,KNN,P-A,utama,44,0.8064516129032258,0.6220238095238095,0.6666666666666666,0.2857142857142857,0.4,0.6339285714285714,0.38197644649257545
Hepatitis,KNN,P-A,utama,45,0.8064516129032258,0.6266666666666667,0.5,0.3333333333333333,0.4,0.8666666666666667,0.6333333333333333
Hepatitis,KNN,P-A,utama,46,0.8387096774193549,0.71,0.6,0.5,0.5454545454545454,0.8899999999999999,0.6799242424242423
Hepatitis,KNN,P-A,utama,47,0.8064516129032258,0.5633333333333334,0.5,0.16666666666666666,0.25,0.8300000000000001,0.4477124183006536
Hepatitis,KNN,P-A,utama,48,0.7741935483870968,0.6517857142857143,0.5,0.42857142857142855,0.46153846153846156,0.8125,0.5449041485907845
Hepatitis,KNN,P-A,utama,49,0.8064516129032258,0.6220238095238095,0.6666666666666666,0.2857142857142857,0.4,0.7738095238095238,0.564516129032258
Hepatitis,KNN,P-C,utama,0,0.8387096774193549,0.8366666666666667,0.5555555555555556,0.8333333333333334,0.6666666666666666,0.8833333333333334,0.7703533026113671
Hepatitis,KNN,P-C,utama,1,0.7741935483870968,0.7966666666666666,0.45454545454545453,0.8333333333333334,0.5882352941176471,0.8533333333333333,0.6096861471861472
Hepatitis,KNN,P-C,utama,2,0.7096774193548387,0.6933333333333334,0.36363636363636365,0.6666666666666666,0.47058823529411764,0.7733333333333334,0.5236333558914205
Hepatitis,KNN,P-C,utama,3,0.8387096774193549,0.8958333333333333,0.5833333333333334,1.0,0.7368421052631579,0.9047619047619049,0.6309523809523809
Hepatitis,KNN,P-C,utama,4,0.7419354838709677,0.7321428571428572,0.45454545454545453,0.7142857142857143,0.5555555555555556,0.8184523809523808,0.4643939393939394
Hepatitis,KNN,P-C,utama,5,0.8387096774193549,0.9,0.5454545454545454,1.0,0.7058823529411765,0.9566666666666667,0.7634920634920634
Hepatitis,KNN,P-C,utama,6,0.7096774193548387,0.7566666666666667,0.38461538461538464,0.8333333333333334,0.5263157894736842,0.8566666666666667,0.6266025641025641
Hepatitis,KNN,P-C,utama,7,0.7741935483870968,0.7966666666666666,0.45454545454545453,0.8333333333333334,0.5882352941176471,0.8633333333333334,0.47507122507122507
Hepatitis,KNN,P-C,utama,8,0.7419354838709677,0.7321428571428572,0.45454545454545453,0.7142857142857143,0.5555555555555556,0.7470238095238095,0.5070022143754862
Hepatitis,KNN,P-C,utama,9,0.7096774193548387,0.6607142857142857,0.4,0.5714285714285714,0.47058823529411764,0.7678571428571429,0.4737546631555848
Hepatitis,KNN,P-C,utama,10,0.8387096774193549,0.9,0.5454545454545454,1.0,0.7058823529411765,0.9,0.538961038961039
Hepatitis,KNN,P-C,utama,11,0.8064516129032258,0.8166666666666667,0.5,0.8333333333333334,0.625,0.7766666666666666,0.40448028673835124
Hepatitis,KNN,P-C,utama,12,0.7741935483870968,0.7966666666666666,0.45454545454545453,0.8333333333333334,0.5882352941176471,0.93,0.7430555555555556
Hepatitis,KNN,P-C,utama,13,0.7096774193548387,0.7113095238095238,0.4166666666666667,0.7142857142857143,0.5263157894736842,0.8273809523809524,0.69343022568829
Hepatitis,KNN,P-C,utama,14,0.6774193548387096,0.7410714285714286,0.4,0.8571428571428571,0.5454545454545454,0.8303571428571429,0.6655844155844155
Hepatitis,KNN,P-C,utama,15,0.8064516129032258,0.69,0.5,0.5,0.5,0.7,0.4717741935483871
Hepatitis,KNN,P-C,utama,16,0.7741935483870968,0.86,0.46153846153846156,1.0,0.631578947368421,0.9166666666666666,0.7554945054945055
Hepatitis,KNN,P-C,utama,17,0.8064516129032258,0.88,0.5,1.0,0.6666666666666666,0.9366666666666668,0.7760942760942761
Hepatitis,KNN,P-C,utama,18,0.8064516129032258,0.8244047619047619,0.5454545454545454,0.8571428571428571,0.6666666666666666,0.8214285714285714,0.5044287509725297
Hepatitis,KNN,P-C,utama,19,0.6774193548387096,0.7410714285714286,0.4,0.8571428571428571,0.5454545454545454,0.8392857142857143,0.6294584500466853
Hepatitis,KNN,P-C,utama,20,0.7741935483870968,0.6699999999999999,0.42857142857142855,0.5,0.46153846153846156,0.7866666666666666,0.4541139863720509
Hepatitis,KNN,P-C,utama,21,0.7096774193548387,0.7566666666666667,0.38461538461538464,0.8333333333333334,0.5263157894736842,0.8333333333333334,0.7267025089605734
Hepatitis,KNN,P-C,utama,22,0.8064516129032258,0.8166666666666667,0.5,0.8333333333333334,0.625,0.7966666666666667,0.44892473118279574
Hepatitis,KNN,P-C,utama,23,0.7419354838709677,0.7827380952380952,0.46153846153846156,0.8571428571428571,0.6,0.8958333333333334,0.7326007326007327
Hepatitis,KNN,P-C,utama,24,0.7419354838709677,0.7321428571428572,0.45454545454545453,0.7142857142857143,0.5555555555555556,0.7946428571428572,0.5538000146295077
Hepatitis,KNN,P-C,utama,25,0.7096774193548387,0.6933333333333334,0.36363636363636365,0.6666666666666666,0.47058823529411764,0.7633333333333334,0.45725806451612905
Hepatitis,KNN,P-C,utama,26,0.7741935483870968,0.7333333333333334,0.4444444444444444,0.6666666666666666,0.5333333333333333,0.8600000000000001,0.5482804232804233
Hepatitis,KNN,P-C,utama,27,0.7741935483870968,0.7966666666666666,0.45454545454545453,0.8333333333333334,0.5882352941176471,0.8899999999999999,0.8655913978494623
Hepatitis,KNN,P-C,utama,28,0.7741935483870968,0.8541666666666667,0.5,1.0,0.6666666666666666,0.9553571428571428,0.7976190476190476
Hepatitis,KNN,P-C,utama,29,0.7419354838709677,0.7827380952380952,0.46153846153846156,0.8571428571428571,0.6,0.8154761904761905,0.4921855921855922
Hepatitis,KNN,P-C,utama,30,0.7741935483870968,0.7966666666666666,0.45454545454545453,0.8333333333333334,0.5882352941176471,0.8866666666666666,0.7215909090909092
Hepatitis,KNN,P-C,utama,31,0.8387096774193549,0.8366666666666667,0.5555555555555556,0.8333333333333334,0.6666666666666666,0.8333333333333334,0.6433691756272402
Hepatitis,KNN,P-C,utama,32,0.5483870967741935,0.72,0.3,1.0,0.46153846153846156,0.8066666666666666,0.42499999999999993
Hepatitis,KNN,P-C,utama,33,0.6774193548387096,0.6398809523809523,0.36363636363636365,0.5714285714285714,0.4444444444444444,0.7559523809523809,0.5553599626180271
Hepatitis,KNN,P-C,utama,34,0.8064516129032258,0.8244047619047619,0.5454545454545454,0.8571428571428571,0.6666666666666666,0.8690476190476191,0.71321044546851
Hepatitis,KNN,P-C,utama,35,0.6774193548387096,0.6733333333333333,0.3333333333333333,0.6666666666666666,0.4444444444444444,0.7499999999999999,0.5719235364396654
Hepatitis,KNN,P-C,utama,36,0.8709677419354839,0.7933333333333333,0.6666666666666666,0.6666666666666666,0.6666666666666666,0.9066666666666667,0.7116013071895424
Hepatitis,KNN,P-C,utama,37,0.7419354838709677,0.7133333333333334,0.4,0.6666666666666666,0.5,0.8333333333333333,0.5138528138528139
Hepatitis,KNN,P-C,utama,38,0.7741935483870968,0.8035714285714286,0.5,0.8571428571428571,0.631578947368421,0.9196428571428572,0.8035714285714285
Hepatitis,KNN,P-C,utama,39,0.7741935483870968,0.8541666666666667,0.5,1.0,0.6666666666666666,0.9166666666666667,0.6904761904761905
Hepatitis,KNN,P-C,utama,40,0.8387096774193549,0.7733333333333333,0.5714285714285714,0.6666666666666666,0.6153846153846154,0.7833333333333333,0.5375320020481311
Hepatitis,KNN,P-C,utama,41,0.7419354838709677,0.7766666666666666,0.4166666666666667,0.8333333333333334,0.5555555555555556,0.9066666666666666,0.7302521008403362
Hepatitis,KNN,P-C,utama,42,0.7096774193548387,0.8200000000000001,0.4,1.0,0.5714285714285714,0.7866666666666666,0.4777777777777778
Hepatitis,KNN,P-C,utama,43,0.8709677419354839,0.8154761904761905,0.7142857142857143,0.7142857142857143,0.7142857142857143,0.9464285714285715,0.8443223443223443
Hepatitis,KNN,P-C,utama,44,0.7096774193548387,0.6607142857142857,0.4,0.5714285714285714,0.47058823529411764,0.75,0.4579031612645058
Hepatitis,KNN,P-C,utama,45,0.7741935483870968,0.7333333333333334,0.4444444444444444,0.6666666666666666,0.5333333333333333,0.8666666666666667,0.7060185185185186
Hepatitis,KNN,P-C,utama,46,0.7419354838709677,0.8400000000000001,0.42857142857142855,1.0,0.6,0.9,0.6853174603174603
Hepatitis,KNN,P-C,utama,47,0.7419354838709677,0.7133333333333334,0.4,0.6666666666666666,0.5,0.87,0.58994708994709
Hepatitis,KNN,P-C,utama,48,0.7419354838709677,0.7321428571428572,0.45454545454545453,0.7142857142857143,0.5555555555555556,0.8273809523809523,0.6671786994367639
Hepatitis,KNN,P-C,utama,49,0.8064516129032258,0.7738095238095238,0.5555555555555556,0.7142857142857143,0.625,0.7976190476190477,0.5144009216589862
Hepatitis,RF,P-A,utama,0,0.8709677419354839,0.73,0.75,0.5,0.6,0.89,0.6194444444444445
Hepatitis,RF,P-A,utama,1,0.7741935483870968,0.5433333333333333,0.3333333333333333,0.16666666666666666,0.2222222222222222,0.86,0.5047619047619046
Hepatitis,RF,P-A,utama,2,0.9032258064516129,0.75,1.0,0.5,0.6666666666666666,0.8733333333333333,0.7652777777777777
Hepatitis,RF,P-A,utama,3,0.8064516129032258,0.6220238095238095,0.6666666666666666,0.2857142857142857,0.4,0.8928571428571428,0.7446428571428572
Hepatitis,RF,P-A,utama,4,0.7419354838709677,0.5803571428571428,0.4,0.2857142857142857,0.3333333333333333,0.8035714285714286,0.48863636363636365
Hepatitis,RF,P-A,utama,5,0.8709677419354839,0.7933333333333333,0.6666666666666666,0.6666666666666666,0.6666666666666666,0.9666666666666667,0.8968253968253967
Hepatitis,RF,P-A,utama,6,0.8064516129032258,0.5633333333333334,0.5,0.16666666666666666,0.25,0.84,0.5668290043290043
Hepatitis,RF,P-A,utama,7,0.8064516129032258,0.69,0.5,0.5,0.5,0.8733333333333333,0.6
Hepatitis,RF,P-A,utama,8,0.8387096774193549,0.6934523809523809,0.75,0.42857142857142855,0.5454545454545454,0.8244047619047619,0.7438226903664691
Hepatitis,RF,P-A,utama,9,0.8709677419354839,0.7142857142857143,1.0,0.42857142857142855,0.6,0.7738095238095237,0.7255102040816326
Hepatitis,RF,P-A,utama,10,0.8387096774193549,0.6466666666666666,0.6666666666666666,0.3333333333333333,0.4444444444444444,0.9066666666666667,0.6079365079365079
Hepatitis,RF,P-A,utama,11,0.8064516129032258,0.7533333333333333,0.5,0.6666666666666666,0.5714285714285714,0.8866666666666666,0.7569444444444444
Hepatitis,RF,P-A,utama,12,0.8387096774193549,0.6466666666666666,0.6666666666666666,0.3333333333333333,0.4444444444444444,0.9333333333333332,0.7402777777777777
Hepatitis,RF,P-A,utama,13,0.8709677419354839,0.7648809523809523,0.8,0.5714285714285714,0.6666666666666666,0.8214285714285714,0.6757936507936508
Hepatitis,RF,P-A,utama,14,0.8709677419354839,0.7142857142857143,1.0,0.42857142857142855,0.6,0.8809523809523809,0.7634920634920634
Hepatitis,RF,P-A,utama,15,0.8064516129032258,0.6266666666666667,0.5,0.3333333333333333,0.4,0.85,0.5138888888888888
Hepatitis,RF,P-A,utama,16,0.9032258064516129,0.8133333333333332,0.8,0.6666666666666666,0.7272727272727273,0.8866666666666666,0.734090909090909
Hepatitis,RF,P-A,utama,17,0.9032258064516129,0.8133333333333332,0.8,0.6666666666666666,0.7272727272727273,0.9466666666666665,0.8617424242424241
Hepatitis,RF,P-A,utama,18,0.7741935483870968,0.5505952380952381,0.5,0.14285714285714285,0.2222222222222222,0.7738095238095237,0.6036727822442108
Hepatitis,RF,P-A,utama,19,0.8064516129032258,0.6726190476190476,0.6,0.42857142857142855,0.5,0.8392857142857143,0.6556689342403628
Hepatitis,RF,P-A,utama,20,0.9032258064516129,0.75,1.0,0.5,0.6666666666666666,0.9199999999999999,0.8269230769230769
Hepatitis,RF,P-A,utama,21,0.8709677419354839,0.7933333333333333,0.6666666666666666,0.6666666666666666,0.6666666666666666,0.8333333333333334,0.7404761904761904
Hepatitis,RF,P-A,utama,22,0.8387096774193549,0.71,0.6,0.5,0.5454545454545454,0.8,0.5603174603174603
Hepatitis,RF,P-A,utama,23,0.8064516129032258,0.6220238095238095,0.6666666666666666,0.2857142857142857,0.4,0.9166666666666666,0.7210884353741496
Hepatitis,RF,P-A,utama,24,0.8387096774193549,0.6934523809523809,0.75,0.42857142857142855,0.5454545454545454,0.8273809523809523,0.6805227354099534
Hepatitis,RF,P-A,utama,25,0.8387096774193549,0.71,0.6,0.5,0.5454545454545454,0.7733333333333334,0.5789272030651341
Hepatitis,RF,P-A,utama,26,0.8064516129032258,0.5633333333333334,0.5,0.16666666666666666,0.25,0.8533333333333334,0.6035353535353535
Hepatitis,RF,P-A,utama,27,0.9032258064516129,0.75,1.0,0.5,0.6666666666666666,0.8733333333333333,0.7916666666666666
Hepatitis,RF,P-A,utama,28,0.9032258064516129,0.7857142857142857,1.0,0.5714285714285714,0.7272727272727273,0.9523809523809523,0.9081632653061225
Hepatitis,RF,P-A,utama,29,0.8064516129032258,0.6726190476190476,0.6,0.42857142857142855,0.5,0.8452380952380953,0.6556998556998557
Hepatitis,RF,P-A,utama,30,0.8709677419354839,0.6666666666666666,1.0,0.3333333333333333,0.5,0.9266666666666666,0.7438492063492063
Hepatitis,RF,P-A,utama,31,0.8387096774193549,0.6466666666666666,0.6666666666666666,0.3333333333333333,0.4444444444444444,0.8066666666666666,0.6335470085470085
Hepatitis,RF,P-A,utama,32,0.8387096774193549,0.71,0.6,0.5,0.5454545454545454,0.8400000000000001,0.5133089133089133
Hepatitis,RF,P-A,utama,33,0.8387096774193549,0.6934523809523809,0.75,0.42857142857142855,0.5454545454545454,0.8095238095238095,0.6109977324263038
Hepatitis,RF,P-A,utama,34,0.8709677419354839,0.8154761904761905,0.7142857142857143,0.7142857142857143,0.7142857142857143,0.9047619047619048,0.7520408163265306
Hepatitis,RF,P-A,utama,35,0.8387096774193549,0.71,0.6,0.5,0.5454545454545454,0.7999999999999999,0.5906862745098039
Hepatitis,RF,P-A,utama,36,0.9354838709677419,0.8333333333333333,1.0,0.6666666666666666,0.8,0.9733333333333333,0.9333333333333333
Hepatitis,RF,P-A,utama,37,0.7741935483870968,0.5433333333333333,0.3333333333333333,0.16666666666666666,0.2222222222222222,0.8133333333333334,0.43528138528138527
Hepatitis,RF,P-A,utama,38,0.8064516129032258,0.5714285714285714,1.0,0.14285714285714285,0.25,0.9702380952380952,0.9404761904761902
Hepatitis,RF,P-A,utama,39,0.8387096774193549,0.7440476190476191,0.6666666666666666,0.5714285714285714,0.6153846153846154,0.8988095238095238,0.7537724180581322
Hepatitis,RF,P-A,utama,40,0.9032258064516129,0.75,1.0,0.5,0.6666666666666666,0.88,0.764102564102564
Hepatitis,RF,P-A,utama,41,0.8709677419354839,0.73,0.75,0.5,0.6,0.9199999999999999,0.7464285714285713
Hepatitis,RF,P-A,utama,42,0.8064516129032258,0.6266666666666667,0.5,0.3333333333333333,0.4,0.7533333333333333,0.5624007936507937
Hepatitis,RF,P-A,utama,43,0.8709677419354839,0.7142857142857143,1.0,0.42857142857142855,0.6,0.9583333333333334,0.9136577708006279
Hepatitis,RF,P-A,utama,44,0.7741935483870968,0.6011904761904762,0.5,0.2857142857142857,0.36363636363636365,0.8273809523809524,0.5904252610134963
Hepatitis,RF,P-A,utama,45,0.9032258064516129,0.8133333333333332,0.8,0.6666666666666666,0.7272727272727273,0.8400000000000001,0.7025735294117647
Hepatitis,RF,P-A,utama,46,0.8387096774193549,0.71,0.6,0.5,0.5454545454545454,0.8666666666666667,0.663034188034188
Hepatitis,RF,P-A,utama,47,0.8709677419354839,0.73,0.75,0.5,0.6,0.9333333333333333,0.746067821067821
Hepatitis,RF,P-A,utama,48,0.8387096774193549,0.6934523809523809,0.75,0.42857142857142855,0.5454545454545454,0.8273809523809523,0.6929181929181929
Hepatitis,RF,P-A,utama,49,0.8709677419354839,0.7142857142857143,1.0,0.42857142857142855,0.6,0.8988095238095238,0.8166666666666667
Hepatitis,RF,P-B,utama,0,0.8709677419354839,0.8566666666666667,0.625,0.8333333333333334,0.7142857142857143,0.89,0.6013888888888889
Hepatitis,RF,P-B,utama,1,0.8387096774193549,0.8366666666666667,0.5555555555555556,0.8333333333333334,0.6666666666666666,0.8733333333333334,0.525595238095238
Hepatitis,RF,P-B,utama,2,0.7741935483870968,0.7966666666666666,0.45454545454545453,0.8333333333333334,0.5882352941176471,0.8533333333333333,0.8009259259259259
Hepatitis,RF,P-B,utama,3,0.7741935483870968,0.7023809523809523,0.5,0.5714285714285714,0.5333333333333333,0.7916666666666666,0.44988404452690167
Hepatitis,RF,P-B,utama,4,0.7419354838709677,0.6815476190476191,0.4444444444444444,0.5714285714285714,0.5,0.7976190476190476,0.47991632550456076
Hepatitis,RF,P-B,utama,5,0.8387096774193549,0.8366666666666667,0.5555555555555556,0.8333333333333334,0.6666666666666666,0.96,0.8857142857142857
Hepatitis,RF,P-B,utama,6,0.8064516129032258,0.69,0.5,0.5,0.5,0.82,0.538507326007326
Hepatitis,RF,P-B,utama,7,0.8387096774193549,0.8366666666666667,0.5555555555555556,0.8333333333333334,0.6666666666666666,0.9066666666666666,0.660515873015873
Hepatitis,RF,P-B,utama,8,0.8064516129032258,0.7738095238095238,0.5555555555555556,0.7142857142857143,0.625,0.8303571428571428,0.7567277167277167
Hepatitis,RF,P-B,utama,9,0.7419354838709677,0.6815476190476191,0.4444444444444444,0.5714285714285714,0.5,0.8035714285714285,0.7445054945054945
Hepatitis,RF,P-B,utama,10,0.8709677419354839,0.8566666666666667,0.625,0.8333333333333334,0.7142857142857143,0.9133333333333333,0.6155122655122655
Hepatitis,RF,P-B,utama,11,0.7741935483870968,0.7333333333333334,0.4444444444444444,0.6666666666666666,0.5333333333333333,0.8066666666666666,0.5240601503759399
Hepatitis,RF,P-B,utama,12,0.8387096774193549,0.8366666666666667,0.5555555555555556,0.8333333333333334,0.6666666666666666,0.9066666666666666,0.6855158730158729
Hepatitis,RF,P-B,utama,13,0.7419354838709677,0.6815476190476191,0.4444444444444444,0.5714285714285714,0.5,0.8035714285714285,0.6638888888888888
Hepatitis,RF,P-B,utama,14,0.7419354838709677,0.7827380952380952,0.46153846153846156,0.8571428571428571,0.6,0.8988095238095238,0.7990079365079363
Hepatitis,RF,P-B,utama,15,0.8064516129032258,0.7533333333333333,0.5,0.6666666666666666,0.5714285714285714,0.8633333333333333,0.5571067821067821
Hepatitis,RF,P-B,utama,16,0.8064516129032258,0.8166666666666667,0.5,0.8333333333333334,0.625,0.9066666666666666,0.7625
Hepatitis,RF,P-B,utama,17,0.7741935483870968,0.7966666666666666,0.45454545454545453,0.8333333333333334,0.5882352941176471,0.9466666666666667,0.8690476190476191
Hepatitis,RF,P-B,utama,18,0.8387096774193549,0.7440476190476191,0.6666666666666666,0.5714285714285714,0.6153846153846154,0.8095238095238095,0.5998763141620285
Hepatitis,RF,P-B,utama,19,0.6774193548387096,0.6904761904761905,0.38461538461538464,0.7142857142857143,0.5,0.7678571428571429,0.49252276668243056
Hepatitis,RF,P-B,utama,20,0.9032258064516129,0.8133333333333332,0.8,0.6666666666666666,0.7272727272727273,0.9133333333333333,0.8041666666666667
Hepatitis,RF,P-B,utama,21,0.7741935483870968,0.7333333333333334,0.4444444444444444,0.6666666666666666,0.5333333333333333,0.84,0.7252136752136752
Hepatitis,RF,P-B,utama,22,0.8387096774193549,0.8366666666666667,0.5555555555555556,0.8333333333333334,0.6666666666666666,0.8266666666666668,0.540303657694962
Hepatitis,RF,P-B,utama,23,0.8064516129032258,0.8244047619047619,0.5454545454545454,0.8571428571428571,0.6666666666666666,0.8928571428571428,0.6322261072261072
Hepatitis,RF,P-B,utama,24,0.6774193548387096,0.6904761904761905,0.38461538461538464,0.7142857142857143,0.5,0.7797619047619048,0.6130952380952381
Hepatitis,RF,P-B,utama,25,0.7096774193548387,0.6933333333333334,0.36363636363636365,0.6666666666666666,0.47058823529411764,0.7799999999999999,0.569017094017094
Hepatitis,RF,P-B,utama,26,0.7741935483870968,0.6699999999999999,0.42857142857142855,0.5,0.46153846153846156,0.8533333333333334,0.5436507936507936
Hepatitis,RF,P-B,utama,27,0.8387096774193549,0.7733333333333333,0.5714285714285714,0.6666666666666666,0.6153846153846154,0.86,0.6720760233918128
Hepatitis,RF,P-B,utama,28,0.8709677419354839,0.8660714285714286,0.6666666666666666,0.8571428571428571,0.75,0.9523809523809523,0.9081632653061225
Hepatitis,RF,P-B,utama,29,0.7741935483870968,0.7023809523809523,0.5,0.5714285714285714,0.5333333333333333,0.8630952380952381,0.6406204906204906
Hepatitis,RF,P-B,utama,30,0.9032258064516129,0.94,0.6666666666666666,1.0,0.8,0.9333333333333332,0.7291666666666666
Hepatitis,RF,P-B,utama,31,0.7741935483870968,0.6699999999999999,0.42857142857142855,0.5,0.46153846153846156,0.8133333333333334,0.6444444444444444
Hepatitis,RF,P-B,utama,32,0.7096774193548387,0.63,0.3333333333333333,0.5,0.4,0.8066666666666666,0.48124098124098125
Hepatitis,RF,P-B,utama,33,0.7096774193548387,0.6101190476190476,0.375,0.42857142857142855,0.4,0.8035714285714286,0.6325087610801896
Hepatitis,RF,P-B,utama,34,0.8387096774193549,0.8452380952380952,0.6,0.8571428571428571,0.7058823529411765,0.9107142857142857,0.7877551020408162
Hepatitis,RF,P-B,utama,35,0.7096774193548387,0.6933333333333334,0.36363636363636365,0.6666666666666666,0.47058823529411764,0.7866666666666666,0.48235294117647054
Hepatitis,RF,P-B,utama,36,0.8709677419354839,0.8566666666666667,0.625,0.8333333333333334,0.7142857142857143,0.9733333333333333,0.9333333333333333
Hepatitis,RF,P-B,utama,37,0.8064516129032258,0.69,0.5,0.5,0.5,0.7933333333333333,0.4247086247086247
Hepatitis,RF,P-B,utama,38,0.8387096774193549,0.8958333333333333,0.5833333333333334,1.0,0.7368421052631579,0.9583333333333333,0.8444444444444443
Hepatitis,RF,P-B,utama,39,0.7741935483870968,0.8035714285714286,0.5,0.8571428571428571,0.631578947368421,0.9345238095238095,0.8404761904761904
Hepatitis,RF,P-B,utama,40,0.8709677419354839,0.7933333333333333,0.6666666666666666,0.6666666666666666,0.6666666666666666,0.8733333333333333,0.7599358974358974
Hepatitis,RF,P-B,utama,41,0.7741935483870968,0.7966666666666666,0.45454545454545453,0.8333333333333334,0.5882352941176471,0.9066666666666667,0.7374999999999999
Hepatitis,RF,P-B,utama,42,0.6451612903225806,0.5900000000000001,0.2727272727272727,0.5,0.35294117647058826,0.7466666666666667,0.43303571428571425
Hepatitis,RF,P-B,utama,43,0.8709677419354839,0.8154761904761905,0.7142857142857143,0.7142857142857143,0.7142857142857143,0.9523809523809524,0.8983516483516483
Hepatitis,RF,P-B,utama,44,0.7419354838709677,0.6815476190476191,0.4444444444444444,0.5714285714285714,0.5,0.8511904761904762,0.6244588744588744
Hepatitis,RF,P-B,utama,45,0.7419354838709677,0.7133333333333334,0.4,0.6666666666666666,0.5,0.7999999999999999,0.6000992063492063
Hepatitis,RF,P-B,utama,46,0.7096774193548387,0.6933333333333334,0.36363636363636365,0.6666666666666666,0.47058823529411764,0.8466666666666667,0.5853174603174603
Hepatitis,RF,P-B,utama,47,0.7741935483870968,0.7966666666666666,0.45454545454545453,0.8333333333333334,0.5882352941176471,0.92,0.7727564102564102
Hepatitis,RF,P-B,utama,48,0.8064516129032258,0.7738095238095238,0.5555555555555556,0.7142857142857143,0.625,0.8333333333333333,0.681013431013431
Hepatitis,RF,P-B,utama,49,0.9032258064516129,0.8363095238095238,0.8333333333333334,0.7142857142857143,0.7692307692307693,0.8928571428571429,0.8145021645021644
Hepatitis,RF,P-C,utama,0,0.8387096774193549,0.7733333333333333,0.5714285714285714,0.6666666666666666,0.6153846153846154,0.8633333333333334,0.611441798941799
Hepatitis,RF,P-C,utama,1,0.8387096774193549,0.7733333333333333,0.5714285714285714,0.6666666666666666,0.6153846153846154,0.88,0.5259259259259259
Hepatitis,RF,P-C,utama,2,0.9032258064516129,0.8766666666666667,0.7142857142857143,0.8333333333333334,0.7692307692307693,0.8733333333333333,0.8472222222222221
Hepatitis,RF,P-C,utama,3,0.7419354838709677,0.6309523809523809,0.42857142857142855,0.42857142857142855,0.42857142857142855,0.8035714285714285,0.47169637085603466
Hepatitis,RF,P-C,utama,4,0.7096774193548387,0.6101190476190476,0.375,0.42857142857142855,0.4,0.8154761904761905,0.49912309912309905
Hepatitis,RF,P-C,utama,5,0.8709677419354839,0.8566666666666667,0.625,0.8333333333333334,0.7142857142857143,0.96,0.8857142857142857
Hepatitis,RF,P-C,utama,6,0.7419354838709677,0.65,0.375,0.5,0.42857142857142855,0.8266666666666667,0.5194083694083694
Hepatitis,RF,P-C,utama,7,0.8064516129032258,0.69,0.5,0.5,0.5,0.86,0.4925925925925926
Hepatitis,RF,P-C,utama,8,0.8064516129032258,0.6726190476190476,0.6,0.42857142857142855,0.5,0.788690476190476,0.6426064462930823
Hepatitis,RF,P-C,utama,9,0.8387096774193549,0.7440476190476191,0.6666666666666666,0.5714285714285714,0.6153846153846154,0.7857142857142857,0.6909863945578232
Hepatitis,RF,P-C,utama,10,0.8064516129032258,0.6266666666666667,0.5,0.3333333333333333,0.4,0.9066666666666667,0.5877344877344878
Hepatitis,RF,P-C,utama,11,0.8064516129032258,0.7533333333333333,0.5,0.6666666666666666,0.5714285714285714,0.8,0.408029878618114
Hepatitis,RF,P-C,utama,12,0.8709677419354839,0.8566666666666667,0.625,0.8333333333333334,0.7142857142857143,0.9266666666666666,0.7041666666666665
Hepatitis,RF,P-C,utama,13,0.7741935483870968,0.7023809523809523,0.5,0.5714285714285714,0.5333333333333333,0.8154761904761905,0.6111394557823129
Hepatitis,RF,P-C,utama,14,0.7741935483870968,0.7529761904761905,0.5,0.7142857142857143,0.5882352941176471,0.8452380952380952,0.7243197278911564
Hepatitis,RF,P-C,utama,15,0.7741935483870968,0.6699999999999999,0.42857142857142855,0.5,0.46153846153846156,0.87,0.6840909090909091
Hepatitis,RF,P-C,utama,16,0.8387096774193549,0.8366666666666667,0.5555555555555556,0.8333333333333334,0.6666666666666666,0.8666666666666666,0.5875
Hepatitis,RF,P-C,utama,17,0.9032258064516129,0.8766666666666667,0.7142857142857143,0.8333333333333334,0.7692307692307693,0.9166666666666666,0.8148809523809524
Hepatitis,RF,P-C,utama,18,0.8387096774193549,0.6934523809523809,0.75,0.42857142857142855,0.5454545454545454,0.8333333333333333,0.6432178932178931
Hepatitis,RF,P-C,utama,19,0.7419354838709677,0.6309523809523809,0.42857142857142855,0.42857142857142855,0.42857142857142855,0.8392857142857142,0.5882086167800453
Hepatitis,RF,P-C,utama,20,0.8709677419354839,0.73,0.75,0.5,0.6,0.8933333333333333,0.6887917637917637
Hepatitis,RF,P-C,utama,21,0.8387096774193549,0.7733333333333333,0.5714285714285714,0.6666666666666666,0.6153846153846154,0.8533333333333334,0.742063492063492
Hepatitis,RF,P-C,utama,22,0.8064516129032258,0.7533333333333333,0.5,0.6666666666666666,0.5714285714285714,0.7766666666666667,0.5145331967912613
Hepatitis,RF,P-C,utama,23,0.7419354838709677,0.6815476190476191,0.4444444444444444,0.5714285714285714,0.5,0.875,0.6078754578754578
Hepatitis,RF,P-C,utama,24,0.7419354838709677,0.6815476190476191,0.4444444444444444,0.5714285714285714,0.5,0.7857142857142857,0.5904452690166976
Hepatitis,RF,P-C,utama,25,0.8064516129032258,0.69,0.5,0.5,0.5,0.7333333333333334,0.43271230685023787
Hepatitis,RF,P-C,utama,26,0.7741935483870968,0.6699999999999999,0.42857142857142855,0.5,0.46153846153846156,0.8266666666666667,0.4391534391534392
Hepatitis,RF,P-C,utama,27,0.8387096774193549,0.71,0.6,0.5,0.5454545454545454,0.84,0.5480019493177388
Hepatitis,RF,P-C,utama,28,0.9354838709677419,0.9077380952380952,0.8571428571428571,0.8571428571428571,0.8571428571428571,0.9761904761904763,0.9480519480519478
Hepatitis,RF,P-C,utama,29,0.7419354838709677,0.6309523809523809,0.42857142857142855,0.42857142857142855,0.42857142857142855,0.8511904761904762,0.6150252525252524
Hepatitis,RF,P-C,utama,30,0.8709677419354839,0.7933333333333333,0.6666666666666666,0.6666666666666666,0.6666666666666666,0.9466666666666667,0.8069444444444444
Hepatitis,RF,P-C,utama,31,0.7741935483870968,0.6066666666666667,0.4,0.3333333333333333,0.36363636363636365,0.7666666666666667,0.5987563810144455
Hepatitis,RF,P-C,utama,32,0.7096774193548387,0.63,0.3333333333333333,0.5,0.4,0.8066666666666668,0.462010212010212
Hepatitis,RF,P-C,utama,33,0.7419354838709677,0.6309523809523809,0.42857142857142855,0.42857142857142855,0.42857142857142855,0.7857142857142857,0.5731292517006803
Hepatitis,RF,P-C,utama,34,0.8709677419354839,0.8660714285714286,0.6666666666666666,0.8571428571428571,0.75,0.9166666666666666,0.7622972265829409
Hepatitis,RF,P-C,utama,35,0.7096774193548387,0.63,0.3333333333333333,0.5,0.4,0.7533333333333333,0.43105423987776925
Hepatitis,RF,P-C,utama,36,0.8709677419354839,0.7933333333333333,0.6666666666666666,0.6666666666666666,0.6666666666666666,0.9533333333333333,0.8708333333333333
Hepatitis,RF,P-C,utama,37,0.7419354838709677,0.5233333333333333,0.25,0.16666666666666666,0.2,0.78,0.3758089133089133
Hepatitis,RF,P-C,utama,38,0.8387096774193549,0.7946428571428572,0.625,0.7142857142857143,0.6666666666666666,0.9285714285714286,0.8453213453213453
Hepatitis,RF,P-C,utama,39,0.8387096774193549,0.7946428571428572,0.625,0.7142857142857143,0.6666666666666666,0.9226190476190477,0.7286641929499071
Hepatitis,RF,P-C,utama,40,0.8387096774193549,0.7733333333333333,0.5714285714285714,0.6666666666666666,0.6153846153846154,0.86,0.7513888888888889
Hepatitis,RF,P-C,utama,41,0.8709677419354839,0.8566666666666667,0.625,0.8333333333333334,0.7142857142857143,0.8733333333333333,0.6610060690943044
Hepatitis,RF,P-C,utama,42,0.7096774193548387,0.63,0.3333333333333333,0.5,0.4,0.7533333333333333,0.42340686274509803
Hepatitis,RF,P-C,utama,43,0.9032258064516129,0.8363095238095238,0.8333333333333334,0.7142857142857143,0.7692307692307693,0.9583333333333333,0.9047619047619047
Hepatitis,RF,P-C,utama,44,0.8064516129032258,0.6726190476190476,0.6,0.42857142857142855,0.5,0.800595238095238,0.5769688644688644
Hepatitis,RF,P-C,utama,45,0.8387096774193549,0.7733333333333333,0.5714285714285714,0.6666666666666666,0.6153846153846154,0.8066666666666666,0.5734126984126984
Hepatitis,RF,P-C,utama,46,0.7741935483870968,0.7333333333333334,0.4444444444444444,0.6666666666666666,0.5333333333333333,0.8533333333333333,0.5805194805194805
Hepatitis,RF,P-C,utama,47,0.8064516129032258,0.8166666666666667,0.5,0.8333333333333334,0.625,0.88,0.5695767195767195
Hepatitis,RF,P-C,utama,48,0.8064516129032258,0.7738095238095238,0.5555555555555556,0.7142857142857143,0.625,0.8273809523809524,0.6673409923409923
Hepatitis,RF,P-C,utama,49,0.7741935483870968,0.6011904761904762,0.5,0.2857142857142857,0.36363636363636365,0.8273809523809523,0.6515590689503732
Hepatitis,GB,P-A,utama,0,0.8064516129032258,0.7533333333333333,0.5,0.6666666666666666,0.5714285714285714,0.91,0.7556878306878306
Hepatitis,GB,P-A,utama,1,0.6129032258064516,0.5066666666666667,0.2,0.3333333333333333,0.25,0.7733333333333333,0.5095571095571095
Hepatitis,GB,P-A,utama,2,0.8064516129032258,0.7533333333333333,0.5,0.6666666666666666,0.5714285714285714,0.84,0.7977207977207977
Hepatitis,GB,P-A,utama,3,0.7419354838709677,0.5803571428571428,0.4,0.2857142857142857,0.3333333333333333,0.6666666666666666,0.3566457352171638
Hepatitis,GB,P-A,utama,4,0.7096774193548387,0.6101190476190476,0.375,0.42857142857142855,0.4,0.7440476190476191,0.393733250876108
Hepatitis,GB,P-A,utama,5,0.9032258064516129,0.8133333333333332,0.8,0.6666666666666666,0.7272727272727273,0.94,0.8626373626373626
Hepatitis,GB,P-A,utama,6,0.7419354838709677,0.5866666666666667,0.3333333333333333,0.3333333333333333,0.3333333333333333,0.7533333333333334,0.3682840307840308
Hepatitis,GB,P-A,utama,7,0.7741935483870968,0.6699999999999999,0.42857142857142855,0.5,0.46153846153846156,0.8333333333333333,0.5463675213675213
Hepatitis,GB,P-A,utama,8,0.8387096774193549,0.7440476190476191,0.6666666666666666,0.5714285714285714,0.6153846153846154,0.8244047619047619,0.7043650793650793
Hepatitis,GB,P-A,utama,9,0.7741935483870968,0.6011904761904762,0.5,0.2857142857142857,0.36363636363636365,0.7678571428571429,0.5237161442826467
Hepatitis,GB,P-A,utama,10,0.7741935483870968,0.6066666666666667,0.4,0.3333333333333333,0.36363636363636365,0.8533333333333333,0.5121082621082621
Hepatitis,GB,P-A,utama,11,0.8064516129032258,0.7533333333333333,0.5,0.6666666666666666,0.5714285714285714,0.7933333333333333,0.6336996336996337
Hepatitis,GB,P-A,utama,12,0.8064516129032258,0.6266666666666667,0.5,0.3333333333333333,0.4,0.8466666666666667,0.5815527065527065
Hepatitis,GB,P-A,utama,13,0.8064516129032258,0.7232142857142857,0.5714285714285714,0.5714285714285714,0.5714285714285714,0.8154761904761905,0.7080428343586238
Hepatitis,GB,P-A,utama,14,0.8387096774193549,0.7946428571428572,0.625,0.7142857142857143,0.6666666666666666,0.8422619047619048,0.7715086034413765
Hepatitis,GB,P-A,utama,15,0.7741935483870968,0.6066666666666667,0.4,0.3333333333333333,0.36363636363636365,0.7433333333333333,0.5704545454545454
Hepatitis,GB,P-A,utama,16,0.8064516129032258,0.7533333333333333,0.5,0.6666666666666666,0.5714285714285714,0.8066666666666666,0.6492592592592592
Hepatitis,GB,P-A,utama,17,0.9032258064516129,0.8133333333333332,0.8,0.6666666666666666,0.7272727272727273,0.9133333333333333,0.7611823361823361
Hepatitis,GB,P-A,utama,18,0.8064516129032258,0.6220238095238095,0.6666666666666666,0.2857142857142857,0.4,0.8214285714285714,0.5900200989486704
Hepatitis,GB,P-A,utama,19,0.7096774193548387,0.6101190476190476,0.375,0.42857142857142855,0.4,0.601190476190476,0.5186848091270169
Hepatitis,GB,P-A,utama,20,0.8387096774193549,0.71,0.6,0.5,0.5454545454545454,0.7866666666666666,0.5996947496947497
Hepatitis,GB,P-A,utama,21,0.7741935483870968,0.7333333333333334,0.4444444444444444,0.6666666666666666,0.5333333333333333,0.8333333333333334,0.6865079365079364
Hepatitis,GB,P-A,utama,22,0.8709677419354839,0.7933333333333333,0.6666666666666666,0.6666666666666666,0.6666666666666666,0.7933333333333332,0.6513888888888889
Hepatitis,GB,P-A,utama,23,0.8064516129032258,0.6220238095238095,0.6666666666666666,0.2857142857142857,0.4,0.8035714285714286,0.596855525426954
Hepatitis,GB,P-A,utama,24,0.7419354838709677,0.6309523809523809,0.42857142857142855,0.42857142857142855,0.42857142857142855,0.7619047619047619,0.5260179434092478
Hepatitis,GB,P-A,utama,25,0.7096774193548387,0.5666666666666667,0.2857142857142857,0.3333333333333333,0.3076923076923077,0.7133333333333334,0.4945897143477789
Hepatitis,GB,P-A,utama,26,0.7741935483870968,0.6066666666666667,0.4,0.3333333333333333,0.36363636363636365,0.6733333333333333,0.3248391385539723
Hepatitis,GB,P-A,utama,27,0.8064516129032258,0.69,0.5,0.5,0.5,0.8066666666666666,0.6212121212121212
Hepatitis,GB,P-A,utama,28,0.8709677419354839,0.7648809523809523,0.8,0.5714285714285714,0.6666666666666666,0.9285714285714286,0.7983516483516482
Hepatitis,GB,P-A,utama,29,0.7741935483870968,0.7023809523809523,0.5,0.5714285714285714,0.5333333333333333,0.8571428571428571,0.5389198103483817
Hepatitis,GB,P-A,utama,30,0.8709677419354839,0.73,0.75,0.5,0.6,0.8933333333333333,0.7662037037037037
Hepatitis,GB,P-A,utama,31,0.8387096774193549,0.71,0.6,0.5,0.5454545454545454,0.7666666666666666,0.40707577446707877
Hepatitis,GB,P-A,utama,32,0.8064516129032258,0.69,0.5,0.5,0.5,0.6133333333333333,0.3648148148148148
Hepatitis,GB,P-A,utama,33,0.7741935483870968,0.6011904761904762,0.5,0.2857142857142857,0.36363636363636365,0.6964285714285715,0.4300223585937871
Hepatitis,GB,P-A,utama,34,0.8387096774193549,0.7946428571428572,0.625,0.7142857142857143,0.6666666666666666,0.880952380952381,0.7132452981192476
Hepatitis,GB,P-A,utama,35,0.8387096774193549,0.71,0.6,0.5,0.5454545454545454,0.7533333333333334,0.6499320571901216
Hepatitis,GB,P-A,utama,36,0.9354838709677419,0.8333333333333333,1.0,0.6666666666666666,0.8,0.94,0.8999999999999999
Hepatitis,GB,P-A,utama,37,0.7741935483870968,0.5433333333333333,0.3333333333333333,0.16666666666666666,0.2222222222222222,0.61,0.38623188405797104
Hepatitis,GB,P-A,utama,38,0.8387096774193549,0.7440476190476191,0.6666666666666666,0.5714285714285714,0.6153846153846154,0.9196428571428571,0.7852564102564101
Hepatitis,GB,P-A,utama,39,0.6774193548387096,0.5892857142857143,0.3333333333333333,0.42857142857142855,0.375,0.8452380952380952,0.6880119880119879
Hepatitis,GB,P-A,utama,40,0.8709677419354839,0.73,0.75,0.5,0.6,0.8,0.758183990442055
Hepatitis,GB,P-A,utama,41,0.9032258064516129,0.8766666666666667,0.7142857142857143,0.8333333333333334,0.7692307692307693,0.8799999999999999,0.6884920634920634
Hepatitis,GB,P-A,utama,42,0.7419354838709677,0.65,0.375,0.5,0.42857142857142855,0.7066666666666667,0.6271929824561403
Hepatitis,GB,P-A,utama,43,0.8387096774193549,0.6428571428571428,1.0,0.2857142857142857,0.4444444444444444,0.875,0.7326007326007327
Hepatitis,GB,P-A,utama,44,0.7741935483870968,0.6517857142857143,0.5,0.42857142857142855,0.46153846153846156,0.8571428571428572,0.5714594928880643
Hepatitis,GB,P-A,utama,45,0.7741935483870968,0.6066666666666667,0.4,0.3333333333333333,0.36363636363636365,0.7133333333333334,0.3725380899293943
Hepatitis,GB,P-A,utama,46,0.8064516129032258,0.7533333333333333,0.5,0.6666666666666666,0.5714285714285714,0.8733333333333333,0.5769230769230769
Hepatitis,GB,P-A,utama,47,0.8387096774193549,0.71,0.6,0.5,0.5454545454545454,0.9,0.7660714285714285
Hepatitis,GB,P-A,utama,48,0.7741935483870968,0.6517857142857143,0.5,0.42857142857142855,0.46153846153846156,0.8154761904761905,0.6019513068385249
Hepatitis,GB,P-A,utama,49,0.9032258064516129,0.7857142857142857,1.0,0.5714285714285714,0.7272727272727273,0.8363095238095238,0.7494588744588744
Hepatitis,GB,P-C,utama,0,0.7741935483870968,0.6699999999999999,0.42857142857142855,0.5,0.46153846153846156,0.87,0.6361111111111111
Hepatitis,GB,P-C,utama,1,0.6774193548387096,0.61,0.3,0.5,0.375,0.7933333333333333,0.42947052947052944
Hepatitis,GB,P-C,utama,2,0.8387096774193549,0.7733333333333333,0.5714285714285714,0.6666666666666666,0.6153846153846154,0.84,0.8078703703703703
Hepatitis,GB,P-C,utama,3,0.7741935483870968,0.6011904761904762,0.5,0.2857142857142857,0.36363636363636365,0.744047619047619,0.42403628117913833
Hepatitis,GB,P-C,utama,4,0.7419354838709677,0.6815476190476191,0.4444444444444444,0.5714285714285714,0.5,0.7142857142857142,0.4224747474747475
Hepatitis,GB,P-C,utama,5,0.7741935483870968,0.7333333333333334,0.4444444444444444,0.6666666666666666,0.5333333333333333,0.9066666666666666,0.7713675213675213
Hepatitis,GB,P-C,utama,6,0.7419354838709677,0.65,0.375,0.5,0.42857142857142855,0.7466666666666666,0.336002886002886
Hepatitis,GB,P-C,utama,7,0.8387096774193549,0.8366666666666667,0.5555555555555556,0.8333333333333334,0.6666666666666666,0.8533333333333333,0.4604858104858105
Hepatitis,GB,P-C,utama,8,0.8064516129032258,0.7232142857142857,0.5714285714285714,0.5714285714285714,0.5714285714285714,0.8035714285714286,0.724175824175824
Hepatitis,GB,P-C,utama,9,0.8709677419354839,0.8154761904761905,0.7142857142857143,0.7142857142857143,0.7142857142857143,0.7857142857142857,0.5555711939948393
Hepatitis,GB,P-C,utama,10,0.8709677419354839,0.7933333333333333,0.6666666666666666,0.6666666666666666,0.6666666666666666,0.9066666666666666,0.5801587301587302
Hepatitis,GB,P-C,utama,11,0.8064516129032258,0.7533333333333333,0.5,0.6666666666666666,0.5714285714285714,0.7600000000000001,0.5330687830687831
Hepatitis,GB,P-C,utama,12,0.8387096774193549,0.71,0.6,0.5,0.5454545454545454,0.9133333333333333,0.5968253968253969
Hepatitis,GB,P-C,utama,13,0.7741935483870968,0.6517857142857143,0.5,0.42857142857142855,0.46153846153846156,0.8333333333333333,0.6864246864246863
Hepatitis,GB,P-C,utama,14,0.8064516129032258,0.7738095238095238,0.5555555555555556,0.7142857142857143,0.625,0.7738095238095238,0.7028499278499278
Hepatitis,GB,P-C,utama,15,0.7741935483870968,0.6699999999999999,0.42857142857142855,0.5,0.46153846153846156,0.8166666666666667,0.44373219373219375
Hepatitis,GB,P-C,utama,16,0.8709677419354839,0.7933333333333333,0.6666666666666666,0.6666666666666666,0.6666666666666666,0.8600000000000001,0.712037037037037
Hepatitis,GB,P-C,utama,17,0.8387096774193549,0.7733333333333333,0.5714285714285714,0.6666666666666666,0.6153846153846154,0.8533333333333333,0.7527777777777778
Hepatitis,GB,P-C,utama,18,0.8064516129032258,0.6726190476190476,0.6,0.42857142857142855,0.5,0.6666666666666666,0.5091288128154488
Hepatitis,GB,P-C,utama,19,0.7096774193548387,0.6101190476190476,0.375,0.42857142857142855,0.4,0.5773809523809523,0.48380080282357324
Hepatitis,GB,P-C,utama,20,0.8064516129032258,0.69,0.5,0.5,0.5,0.8133333333333334,0.6733058608058607
Hepatitis,GB,P-C,utama,21,0.7419354838709677,0.65,0.375,0.5,0.42857142857142855,0.7866666666666666,0.66818688557819
Hepatitis,GB,P-C,utama,22,0.8387096774193549,0.8366666666666667,0.5555555555555556,0.8333333333333334,0.6666666666666666,0.7933333333333333,0.6366652983032294
Hepatitis,GB,P-C,utama,23,0.7741935483870968,0.7023809523809523,0.5,0.5714285714285714,0.5333333333333333,0.7678571428571429,0.5626083766840069
Hepatitis,GB,P-C,utama,24,0.7419354838709677,0.6815476190476191,0.4444444444444444,0.5714285714285714,0.5,0.8452380952380952,0.5577398791684506
Hepatitis,GB,P-C,utama,25,0.8064516129032258,0.8166666666666667,0.5,0.8333333333333334,0.625,0.7866666666666667,0.640194572452637
Hepatitis,GB,P-C,utama,26,0.7419354838709677,0.5866666666666667,0.3333333333333333,0.3333333333333333,0.3333333333333333,0.52,0.3240349604596916
Hepatitis,GB,P-C,utama,27,0.7419354838709677,0.65,0.375,0.5,0.42857142857142855,0.8066666666666666,0.6195286195286195
Hepatitis,GB,P-C,utama,28,0.8709677419354839,0.8660714285714286,0.6666666666666666,0.8571428571428571,0.75,0.9047619047619048,0.6369047619047619
Hepatitis,GB,P-C,utama,29,0.7419354838709677,0.6309523809523809,0.42857142857142855,0.42857142857142855,0.42857142857142855,0.8095238095238095,0.557936507936508
Hepatitis,GB,P-C,utama,30,0.8709677419354839,0.8566666666666667,0.625,0.8333333333333334,0.7142857142857143,0.9333333333333333,0.8134920634920635
Hepatitis,GB,P-C,utama,31,0.7419354838709677,0.5866666666666667,0.3333333333333333,0.3333333333333333,0.3333333333333333,0.7733333333333334,0.4735962566844919
Hepatitis,GB,P-C,utama,32,0.7419354838709677,0.65,0.375,0.5,0.42857142857142855,0.6266666666666666,0.47886701112507557
Hepatitis,GB,P-C,utama,33,0.7419354838709677,0.6815476190476191,0.4444444444444444,0.5714285714285714,0.5,0.7202380952380953,0.47429063512012815
Hepatitis,GB,P-C,utama,34,0.8387096774193549,0.8452380952380952,0.6,0.8571428571428571,0.7058823529411765,0.8452380952380951,0.7253741496598638
Hepatitis,GB,P-C,utama,35,0.7741935483870968,0.6066666666666667,0.4,0.3333333333333333,0.36363636363636365,0.6833333333333335,0.459242191500256
Hepatitis,GB,P-C,utama,36,0.967741935483871,0.9166666666666667,1.0,0.8333333333333334,0.9090909090909091,0.9133333333333333,0.8859649122807017
Hepatitis,GB,P-C,utama,37,0.7419354838709677,0.5233333333333333,0.25,0.16666666666666666,0.2,0.6533333333333333,0.3199254449254449
Hepatitis,GB,P-C,utama,38,0.8709677419354839,0.8154761904761905,0.7142857142857143,0.7142857142857143,0.7142857142857143,0.9404761904761905,0.8072356215213357
Hepatitis,GB,P-C,utama,39,0.7419354838709677,0.7827380952380952,0.46153846153846156,0.8571428571428571,0.6,0.8928571428571428,0.7383503401360545
Hepatitis,GB,P-C,utama,40,0.9032258064516129,0.8133333333333332,0.8,0.6666666666666666,0.7272727272727273,0.8,0.7175925925925926
Hepatitis,GB,P-C,utama,41,0.8709677419354839,0.8566666666666667,0.625,0.8333333333333334,0.7142857142857143,0.92,0.7569444444444444
Hepatitis,GB,P-C,utama,42,0.7741935483870968,0.6699999999999999,0.42857142857142855,0.5,0.46153846153846156,0.7066666666666667,0.4869332421964001
Hepatitis,GB,P-C,utama,43,0.8709677419354839,0.8154761904761905,0.7142857142857143,0.7142857142857143,0.7142857142857143,0.9404761904761905,0.888095238095238
Hepatitis,GB,P-C,utama,44,0.7096774193548387,0.6101190476190476,0.375,0.42857142857142855,0.4,0.8273809523809523,0.6107123870281765
Hepatitis,GB,P-C,utama,45,0.8387096774193549,0.7733333333333333,0.5714285714285714,0.6666666666666666,0.6153846153846154,0.7733333333333333,0.5991554741554741
Hepatitis,GB,P-C,utama,46,0.8064516129032258,0.7533333333333333,0.5,0.6666666666666666,0.5714285714285714,0.8733333333333333,0.6137917637917638
Hepatitis,GB,P-C,utama,47,0.8064516129032258,0.7533333333333333,0.5,0.6666666666666666,0.5714285714285714,0.86,0.6310457516339869
Hepatitis,GB,P-C,utama,48,0.7741935483870968,0.7023809523809523,0.5,0.5714285714285714,0.5333333333333333,0.7619047619047619,0.5463980463980465
Hepatitis,GB,P-C,utama,49,0.7741935483870968,0.6011904761904762,0.5,0.2857142857142857,0.36363636363636365,0.8511904761904762,0.6217120181405895
Hepatitis,XGB,P-A,utama,0,0.8709677419354839,0.7933333333333333,0.6666666666666666,0.6666666666666666,0.6666666666666666,0.8633333333333333,0.6960470085470085
Hepatitis,XGB,P-A,utama,1,0.7741935483870968,0.6699999999999999,0.42857142857142855,0.5,0.46153846153846156,0.8066666666666666,0.47063492063492063
Hepatitis,XGB,P-A,utama,2,0.8709677419354839,0.73,0.75,0.5,0.6,0.8866666666666667,0.8023809523809524
Hepatitis,XGB,P-A,utama,3,0.7741935483870968,0.6011904761904762,0.5,0.2857142857142857,0.36363636363636365,0.8511904761904762,0.5104007104007104
Hepatitis,XGB,P-A,utama,4,0.7419354838709677,0.5803571428571428,0.4,0.2857142857142857,0.3333333333333333,0.8273809523809523,0.5056689342403629
Hepatitis,XGB,P-A,utama,5,0.8709677419354839,0.7933333333333333,0.6666666666666666,0.6666666666666666,0.6666666666666666,0.9266666666666666,0.764520202020202
Hepatitis,XGB,P-A,utama,6,0.7419354838709677,0.5866666666666667,0.3333333333333333,0.3333333333333333,0.3333333333333333,0.7866666666666666,0.4028679653679654
Hepatitis,XGB,P-A,utama,7,0.7419354838709677,0.65,0.375,0.5,0.42857142857142855,0.7866666666666666,0.5848124098124098
Hepatitis,XGB,P-A,utama,8,0.8387096774193549,0.6934523809523809,0.75,0.42857142857142855,0.5454545454545454,0.8303571428571429,0.759047619047619
Hepatitis,XGB,P-A,utama,9,0.7096774193548387,0.5089285714285714,0.25,0.14285714285714285,0.18181818181818182,0.7440476190476191,0.4614145569810594
Hepatitis,XGB,P-A,utama,10,0.8387096774193549,0.6466666666666666,0.6666666666666666,0.3333333333333333,0.4444444444444444,0.8400000000000001,0.5449346405228758
Hepatitis,XGB,P-A,utama,11,0.8064516129032258,0.7533333333333333,0.5,0.6666666666666666,0.5714285714285714,0.7066666666666668,0.36865079365079373
Hepatitis,XGB,P-A,utama,12,0.8387096774193549,0.6466666666666666,0.6666666666666666,0.3333333333333333,0.4444444444444444,0.88,0.6258648758648759
Hepatitis,XGB,P-A,utama,13,0.8064516129032258,0.7232142857142857,0.5714285714285714,0.5714285714285714,0.5714285714285714,0.8035714285714285,0.6094387755102041
Hepatitis,XGB,P-A,utama,14,0.9032258064516129,0.8363095238095238,0.8333333333333334,0.7142857142857143,0.7692307692307693,0.7976190476190477,0.7717948717948717
Hepatitis,XGB,P-A,utama,15,0.7741935483870968,0.6066666666666667,0.4,0.3333333333333333,0.36363636363636365,0.73,0.4474074074074074
Hepatitis,XGB,P-A,utama,16,0.8064516129032258,0.7533333333333333,0.5,0.6666666666666666,0.5714285714285714,0.8466666666666666,0.6711640211640211
Hepatitis,XGB,P-A,utama,17,0.8387096774193549,0.7733333333333333,0.5714285714285714,0.6666666666666666,0.6153846153846154,0.8,0.6129084967320261
Hepatitis,XGB,P-A,utama,18,0.7741935483870968,0.5,0.0,0.0,0.0,0.6964285714285714,0.37774685631828486
Hepatitis,XGB,P-A,utama,19,0.7419354838709677,0.6309523809523809,0.42857142857142855,0.42857142857142855,0.42857142857142855,0.7559523809523809,0.4391877963306534
Hepatitis,XGB,P-A,utama,20,0.8709677419354839,0.6666666666666666,1.0,0.3333333333333333,0.5,0.76,0.7028929851510496
Hepatitis,XGB,P-A,utama,21,0.7419354838709677,0.65,0.375,0.5,0.42857142857142855,0.7566666666666667,0.6249999999999999
Hepatitis,XGB,P-A,utama,22,0.8387096774193549,0.71,0.6,0.5,0.5454545454545454,0.8266666666666667,0.6218253968253968
Hepatitis,XGB,P-A,utama,23,0.8064516129032258,0.6220238095238095,0.6666666666666666,0.2857142857142857,0.4,0.9047619047619048,0.6432496075353218
Hepatitis,XGB,P-A,utama,24,0.7741935483870968,0.6011904761904762,0.5,0.2857142857142857,0.36363636363636365,0.7291666666666666,0.4970369570753202
Hepatitis,XGB,P-A,utama,25,0.8064516129032258,0.69,0.5,0.5,0.5,0.7466666666666667,0.4538850486431132
Hepatitis,XGB,P-A,utama,26,0.7741935483870968,0.5433333333333333,0.3333333333333333,0.16666666666666666,0.2222222222222222,0.7466666666666667,0.4901709401709401
Hepatitis,XGB,P-A,utama,27,0.8387096774193549,0.71,0.6,0.5,0.5454545454545454,0.8266666666666667,0.6544834307992202
Hepatitis,XGB,P-A,utama,28,0.9032258064516129,0.8363095238095238,0.8333333333333334,0.7142857142857143,0.7692307692307693,0.9523809523809524,0.9081632653061225
Hepatitis,XGB,P-A,utama,29,0.8064516129032258,0.6726190476190476,0.6,0.42857142857142855,0.5,0.8035714285714286,0.5880670054583098
Hepatitis,XGB,P-A,utama,30,0.8064516129032258,0.5633333333333334,0.5,0.16666666666666666,0.25,0.9133333333333333,0.7098595848595849
Hepatitis,XGB,P-A,utama,31,0.7419354838709677,0.5866666666666667,0.3333333333333333,0.3333333333333333,0.3333333333333333,0.74,0.4734940984940985
Hepatitis,XGB,P-A,utama,32,0.8387096774193549,0.71,0.6,0.5,0.5454545454545454,0.8266666666666667,0.5807692307692307
Hepatitis,XGB,P-A,utama,33,0.7096774193548387,0.5595238095238095,0.3333333333333333,0.2857142857142857,0.3076923076923077,0.6904761904761905,0.38450773364566465
Hepatitis,XGB,P-A,utama,34,0.8709677419354839,0.8154761904761905,0.7142857142857143,0.7142857142857143,0.7142857142857143,0.8988095238095238,0.7799119647859143
Hepatitis,XGB,P-A,utama,35,0.8387096774193549,0.7733333333333333,0.5714285714285714,0.6666666666666666,0.6153846153846154,0.74,0.4485853227232537
Hepatitis,XGB,P-A,utama,36,0.9354838709677419,0.8333333333333333,1.0,0.6666666666666666,0.8,0.9666666666666667,0.9055555555555554
Hepatitis,XGB,P-A,utama,37,0.7741935483870968,0.5433333333333333,0.3333333333333333,0.16666666666666666,0.2222222222222222,0.72,0.3490319865319865
Hepatitis,XGB,P-A,utama,38,0.7419354838709677,0.5803571428571428,0.4,0.2857142857142857,0.3333333333333333,0.8869047619047619,0.6471449185734899
Hepatitis,XGB,P-A,utama,39,0.7096774193548387,0.7113095238095238,0.4166666666666667,0.7142857142857143,0.5263157894736842,0.8571428571428571,0.6874149659863946
Hepatitis,XGB,P-A,utama,40,0.9032258064516129,0.75,1.0,0.5,0.6666666666666666,0.8133333333333334,0.7497605363984674
Hepatitis,XGB,P-A,utama,41,0.8387096774193549,0.71,0.6,0.5,0.5454545454545454,0.8733333333333333,0.6855680868838764
Hepatitis,XGB,P-A,utama,42,0.7419354838709677,0.65,0.375,0.5,0.42857142857142855,0.7000000000000001,0.41328976034858383
Hepatitis,XGB,P-A,utama,43,0.9032258064516129,0.7857142857142857,1.0,0.5714285714285714,0.7272727272727273,0.9345238095238095,0.842517006802721
Hepatitis,XGB,P-A,utama,44,0.7741935483870968,0.6517857142857143,0.5,0.42857142857142855,0.46153846153846156,0.8095238095238095,0.4967744673627026
Hepatitis,XGB,P-A,utama,45,0.8387096774193549,0.71,0.6,0.5,0.5454545454545454,0.7466666666666666,0.6121212121212121
Hepatitis,XGB,P-A,utama,46,0.8387096774193549,0.7733333333333333,0.5714285714285714,0.6666666666666666,0.6153846153846154,0.84,0.4534743034743035
Hepatitis,XGB,P-A,utama,47,0.8387096774193549,0.71,0.6,0.5,0.5454545454545454,0.8733333333333334,0.5856481481481483
Hepatitis,XGB,P-A,utama,48,0.7741935483870968,0.6517857142857143,0.5,0.42857142857142855,0.46153846153846156,0.6964285714285714,0.6159584258106425
Hepatitis,XGB,P-A,utama,49,0.8064516129032258,0.6220238095238095,0.6666666666666666,0.2857142857142857,0.4,0.7916666666666666,0.6371290545203588
Hepatitis,XGB,P-B,utama,0,0.8709677419354839,0.8566666666666667,0.625,0.8333333333333334,0.7142857142857143,0.89,0.6688492063492063
Hepatitis,XGB,P-B,utama,1,0.7096774193548387,0.63,0.3333333333333333,0.5,0.4,0.7333333333333333,0.3246933621933622
Hepatitis,XGB,P-B,utama,2,0.8064516129032258,0.7533333333333333,0.5,0.6666666666666666,0.5714285714285714,0.8933333333333333,0.6953703703703703
Hepatitis,XGB,P-B,utama,3,0.6774193548387096,0.48809523809523814,0.2,0.14285714285714285,0.16666666666666666,0.7083333333333333,0.38341618698761554
Hepatitis,XGB,P-B,utama,4,0.7741935483870968,0.7529761904761905,0.5,0.7142857142857143,0.5882352941176471,0.7738095238095238,0.4329598506069095
Hepatitis,XGB,P-B,utama,5,0.9354838709677419,0.96,0.75,1.0,0.8571428571428571,0.9666666666666667,0.8773809523809524
Hepatitis,XGB,P-B,utama,6,0.8064516129032258,0.7533333333333333,0.5,0.6666666666666666,0.5714285714285714,0.84,0.574963924963925
Hepatitis,XGB,P-B,utama,7,0.7419354838709677,0.65,0.375,0.5,0.42857142857142855,0.7533333333333333,0.49711399711399706
Hepatitis,XGB,P-B,utama,8,0.8064516129032258,0.7232142857142857,0.5714285714285714,0.5714285714285714,0.5714285714285714,0.8482142857142857,0.739105339105339
Hepatitis,XGB,P-B,utama,9,0.7741935483870968,0.6011904761904762,0.5,0.2857142857142857,0.36363636363636365,0.738095238095238,0.5412698412698413
Hepatitis,XGB,P-B,utama,10,0.7741935483870968,0.7966666666666666,0.45454545454545453,0.8333333333333334,0.5882352941176471,0.8466666666666667,0.5015151515151515
Hepatitis,XGB,P-B,utama,11,0.8064516129032258,0.7533333333333333,0.5,0.6666666666666666,0.5714285714285714,0.7666666666666667,0.501984126984127
Hepatitis,XGB,P-B,utama,12,0.8387096774193549,0.7733333333333333,0.5714285714285714,0.6666666666666666,0.6153846153846154,0.86,0.536050061050061
Hepatitis,XGB,P-B,utama,13,0.8064516129032258,0.7232142857142857,0.5714285714285714,0.5714285714285714,0.5714285714285714,0.7976190476190476,0.674165120593692
Hepatitis,XGB,P-B,utama,14,0.6774193548387096,0.6904761904761905,0.38461538461538464,0.7142857142857143,0.5,0.8154761904761905,0.7210317460317459
Hepatitis,XGB,P-B,utama,15,0.7741935483870968,0.7333333333333334,0.4444444444444444,0.6666666666666666,0.5333333333333333,0.7366666666666667,0.43169793169793164
Hepatitis,XGB,P-B,utama,16,0.8064516129032258,0.8166666666666667,0.5,0.8333333333333334,0.625,0.84,0.7552777777777777
Hepatitis,XGB,P-B,utama,17,0.8064516129032258,0.7533333333333333,0.5,0.6666666666666666,0.5714285714285714,0.8466666666666667,0.7474358974358974
Hepatitis,XGB,P-B,utama,18,0.8387096774193549,0.6428571428571428,1.0,0.2857142857142857,0.4444444444444444,0.8035714285714285,0.660990860990861
Hepatitis,XGB,P-B,utama,19,0.7096774193548387,0.6101190476190476,0.375,0.42857142857142855,0.4,0.6488095238095237,0.5118220015278838
Hepatitis,XGB,P-B,utama,20,0.7741935483870968,0.6066666666666667,0.4,0.3333333333333333,0.36363636363636365,0.7933333333333334,0.6336996336996337
Hepatitis,XGB,P-B,utama,21,0.7096774193548387,0.6933333333333334,0.36363636363636365,0.6666666666666666,0.47058823529411764,0.7666666666666667,0.6780012771392081
Hepatitis,XGB,P-B,utama,22,0.8709677419354839,0.7933333333333333,0.6666666666666666,0.6666666666666666,0.6666666666666666,0.8266666666666667,0.5273989898989898
Hepatitis,XGB,P-B,utama,23,0.8709677419354839,0.7648809523809523,0.8,0.5714285714285714,0.6666666666666666,0.8630952380952381,0.7064625850340136
Hepatitis,XGB,P-B,utama,24,0.7096774193548387,0.6101190476190476,0.375,0.42857142857142855,0.4,0.7083333333333334,0.4494787793659974
Hepatitis,XGB,P-B,utama,25,0.8387096774193549,0.7733333333333333,0.5714285714285714,0.6666666666666666,0.6153846153846154,0.78,0.47962962962962963
Hepatitis,XGB,P-B,utama,26,0.8064516129032258,0.69,0.5,0.5,0.5,0.5666666666666667,0.33963365539452495
Hepatitis,XGB,P-B,utama,27,0.7096774193548387,0.63,0.3333333333333333,0.5,0.4,0.7933333333333333,0.6045454545454545
Hepatitis,XGB,P-B,utama,28,0.8709677419354839,0.8154761904761905,0.7142857142857143,0.7142857142857143,0.7142857142857143,0.9285714285714286,0.8636363636363635
Hepatitis,XGB,P-B,utama,29,0.8064516129032258,0.7738095238095238,0.5555555555555556,0.7142857142857143,0.625,0.851190476190476,0.617187784204591
Hepatitis,XGB,P-B,utama,30,0.8709677419354839,0.8566666666666667,0.625,0.8333333333333334,0.7142857142857143,0.9066666666666667,0.8277777777777777
Hepatitis,XGB,P-B,utama,31,0.8064516129032258,0.69,0.5,0.5,0.5,0.78,0.3976851851851852
Hepatitis,XGB,P-B,utama,32,0.8064516129032258,0.69,0.5,0.5,0.5,0.7533333333333333,0.505996963562753
Hepatitis,XGB,P-B,utama,33,0.7419354838709677,0.6309523809523809,0.42857142857142855,0.42857142857142855,0.42857142857142855,0.7797619047619047,0.5003174603174603
Hepatitis,XGB,P-B,utama,34,0.8387096774193549,0.7946428571428572,0.625,0.7142857142857143,0.6666666666666666,0.8571428571428571,0.6425170068027211
Hepatitis,XGB,P-B,utama,35,0.7741935483870968,0.7333333333333334,0.4444444444444444,0.6666666666666666,0.5333333333333333,0.74,0.5110431683012329
Hepatitis,XGB,P-B,utama,36,0.9354838709677419,0.8333333333333333,1.0,0.6666666666666666,0.8,0.9266666666666666,0.8523809523809522
Hepatitis,XGB,P-B,utama,37,0.7096774193548387,0.5033333333333333,0.2,0.16666666666666666,0.18181818181818182,0.5733333333333333,0.28070982015994805
Hepatitis,XGB,P-B,utama,38,0.8387096774193549,0.8958333333333333,0.5833333333333334,1.0,0.7368421052631579,0.8928571428571428,0.6585343228200371
Hepatitis,XGB,P-B,utama,39,0.8064516129032258,0.875,0.5384615384615384,1.0,0.7,0.8988095238095238,0.7413530913530912
Hepatitis,XGB,P-B,utama,40,0.8709677419354839,0.73,0.75,0.5,0.6,0.8666666666666668,0.7829545454545455
Hepatitis,XGB,P-B,utama,41,0.8387096774193549,0.8366666666666667,0.5555555555555556,0.8333333333333334,0.6666666666666666,0.8866666666666666,0.6917600373482726
Hepatitis,XGB,P-B,utama,42,0.6774193548387096,0.61,0.3,0.5,0.375,0.7000000000000001,0.5334640522875816
Hepatitis,XGB,P-B,utama,43,0.8387096774193549,0.6934523809523809,0.75,0.42857142857142855,0.5454545454545454,0.8809523809523809,0.712049062049062
Hepatitis,XGB,P-B,utama,44,0.8064516129032258,0.7738095238095238,0.5555555555555556,0.7142857142857143,0.625,0.8392857142857143,0.5436307856475924
Hepatitis,XGB,P-B,utama,45,0.7741935483870968,0.7333333333333334,0.4444444444444444,0.6666666666666666,0.5333333333333333,0.7933333333333332,0.6511093073593073
Hepatitis,XGB,P-B,utama,46,0.7741935483870968,0.7966666666666666,0.45454545454545453,0.8333333333333334,0.5882352941176471,0.8533333333333333,0.47962962962962963
Hepatitis,XGB,P-B,utama,47,0.8064516129032258,0.8166666666666667,0.5,0.8333333333333334,0.625,0.8733333333333334,0.7262426900584795
Hepatitis,XGB,P-B,utama,48,0.7741935483870968,0.7023809523809523,0.5,0.5714285714285714,0.5333333333333333,0.7738095238095238,0.6336996336996337
Hepatitis,XGB,P-B,utama,49,0.7419354838709677,0.6309523809523809,0.42857142857142855,0.42857142857142855,0.42857142857142855,0.7023809523809523,0.6123737373737373
Hepatitis,XGB,P-C,utama,0,0.8387096774193549,0.7733333333333333,0.5714285714285714,0.6666666666666666,0.6153846153846154,0.8833333333333333,0.5749389499389499
Hepatitis,XGB,P-C,utama,1,0.6451612903225806,0.4633333333333333,0.14285714285714285,0.16666666666666666,0.15384615384615385,0.7266666666666666,0.3197903947903948
Hepatitis,XGB,P-C,utama,2,0.9032258064516129,0.8766666666666667,0.7142857142857143,0.8333333333333334,0.7692307692307693,0.8733333333333334,0.8733333333333333
Hepatitis,XGB,P-C,utama,3,0.8387096774193549,0.7946428571428572,0.625,0.7142857142857143,0.6666666666666666,0.75,0.4497062461348175
Hepatitis,XGB,P-C,utama,4,0.7096774193548387,0.6101190476190476,0.375,0.42857142857142855,0.4,0.761904761904762,0.42487904252610137
Hepatitis,XGB,P-C,utama,5,0.8064516129032258,0.7533333333333333,0.5,0.6666666666666666,0.5714285714285714,0.86,0.5555555555555556
Hepatitis,XGB,P-C,utama,6,0.6774193548387096,0.61,0.3,0.5,0.375,0.67,0.3063732563732564
Hepatitis,XGB,P-C,utama,7,0.7419354838709677,0.65,0.375,0.5,0.42857142857142855,0.8333333333333333,0.6253218459100812
Hepatitis,XGB,P-C,utama,8,0.8387096774193549,0.7440476190476191,0.6666666666666666,0.5714285714285714,0.6153846153846154,0.7976190476190476,0.7164021164021164
Hepatitis,XGB,P-C,utama,9,0.8064516129032258,0.6726190476190476,0.6,0.42857142857142855,0.5,0.7738095238095237,0.6031746031746031
Hepatitis,XGB,P-C,utama,10,0.8387096774193549,0.71,0.6,0.5,0.5454545454545454,0.9133333333333333,0.6138888888888888
Hepatitis,XGB,P-C,utama,11,0.8387096774193549,0.8366666666666667,0.5555555555555556,0.8333333333333334,0.6666666666666666,0.7533333333333333,0.558183990442055
Hepatitis,XGB,P-C,utama,12,0.8387096774193549,0.71,0.6,0.5,0.5454545454545454,0.8733333333333334,0.5427609427609428
Hepatitis,XGB,P-C,utama,13,0.8064516129032258,0.7232142857142857,0.5714285714285714,0.5714285714285714,0.5714285714285714,0.7857142857142857,0.6406593406593406
Hepatitis,XGB,P-C,utama,14,0.8387096774193549,0.7946428571428572,0.625,0.7142857142857143,0.6666666666666666,0.7678571428571428,0.6499099639855943
Hepatitis,XGB,P-C,utama,15,0.7741935483870968,0.7333333333333334,0.4444444444444444,0.6666666666666666,0.5333333333333333,0.8233333333333334,0.5393518518518519
Hepatitis,XGB,P-C,utama,16,0.8064516129032258,0.7533333333333333,0.5,0.6666666666666666,0.5714285714285714,0.8066666666666666,0.6241660915573959
Hepatitis,XGB,P-C,utama,17,0.8709677419354839,0.7933333333333333,0.6666666666666666,0.6666666666666666,0.6666666666666666,0.9133333333333333,0.7973544973544974
Hepatitis,XGB,P-C,utama,18,0.8064516129032258,0.6726190476190476,0.6,0.42857142857142855,0.5,0.7440476190476192,0.6142024642024642
Hepatitis,XGB,P-C,utama,19,0.7096774193548387,0.6101190476190476,0.375,0.42857142857142855,0.4,0.7083333333333333,0.4931972789115646
Hepatitis,XGB,P-C,utama,20,0.8387096774193549,0.6466666666666666,0.6666666666666666,0.3333333333333333,0.4444444444444444,0.8133333333333332,0.6856481481481481
Hepatitis,XGB,P-C,utama,21,0.7741935483870968,0.6699999999999999,0.42857142857142855,0.5,0.46153846153846156,0.7599999999999999,0.5346153846153846
Hepatitis,XGB,P-C,utama,22,0.8387096774193549,0.8366666666666667,0.5555555555555556,0.8333333333333334,0.6666666666666666,0.78,0.6124167946748592
Hepatitis,XGB,P-C,utama,23,0.7741935483870968,0.7023809523809523,0.5,0.5714285714285714,0.5333333333333333,0.8392857142857142,0.5690785405071119
Hepatitis,XGB,P-C,utama,24,0.8064516129032258,0.6726190476190476,0.6,0.42857142857142855,0.5,0.7738095238095238,0.4709989258861439
Hepatitis,XGB,P-C,utama,25,0.8064516129032258,0.7533333333333333,0.5,0.6666666666666666,0.5714285714285714,0.7533333333333333,0.4741554741554741
Hepatitis,XGB,P-C,utama,26,0.7741935483870968,0.6699999999999999,0.42857142857142855,0.5,0.46153846153846156,0.6266666666666667,0.36458129683936136
Hepatitis,XGB,P-C,utama,27,0.7419354838709677,0.65,0.375,0.5,0.42857142857142855,0.7000000000000001,0.5487012987012987
Hepatitis,XGB,P-C,utama,28,0.967741935483871,0.9791666666666667,0.875,1.0,0.9333333333333333,1.0,0.9999999999999998
Hepatitis,XGB,P-C,utama,29,0.7741935483870968,0.6517857142857143,0.5,0.42857142857142855,0.46153846153846156,0.7976190476190477,0.5851449275362319
Hepatitis,XGB,P-C,utama,30,0.8064516129032258,0.8166666666666667,0.5,0.8333333333333334,0.625,0.9600000000000001,0.9166666666666666
Hepatitis,XGB,P-C,utama,31,0.7741935483870968,0.6699999999999999,0.42857142857142855,0.5,0.46153846153846156,0.7666666666666666,0.5050597550597551
Hepatitis,XGB,P-C,utama,32,0.8064516129032258,0.6266666666666667,0.5,0.3333333333333333,0.4,0.7266666666666667,0.4182692307692308
Hepatitis,XGB,P-C,utama,33,0.8064516129032258,0.7232142857142857,0.5714285714285714,0.5714285714285714,0.5714285714285714,0.7232142857142857,0.46321044546850987
Hepatitis,XGB,P-C,utama,34,0.8387096774193549,0.7946428571428572,0.625,0.7142857142857143,0.6666666666666666,0.875,0.7583333333333333
Hepatitis,XGB,P-C,utama,35,0.8064516129032258,0.69,0.5,0.5,0.5,0.72,0.4532763532763533
Hepatitis,XGB,P-C,utama,36,0.9354838709677419,0.8333333333333333,1.0,0.6666666666666666,0.8,0.9266666666666667,0.8680555555555556
Hepatitis,XGB,P-C,utama,37,0.7096774193548387,0.5033333333333333,0.2,0.16666666666666666,0.18181818181818182,0.7333333333333333,0.33609625668449195
Hepatitis,XGB,P-C,utama,38,0.8387096774193549,0.7946428571428572,0.625,0.7142857142857143,0.6666666666666666,0.8720238095238095,0.6665075120957473
Hepatitis,XGB,P-C,utama,39,0.8387096774193549,0.8958333333333333,0.5833333333333334,1.0,0.7368421052631579,0.8928571428571428,0.7014739229024942
Hepatitis,XGB,P-C,utama,40,0.8709677419354839,0.73,0.75,0.5,0.6,0.78,0.7350358422939067
Hepatitis,XGB,P-C,utama,41,0.8387096774193549,0.7733333333333333,0.5714285714285714,0.6666666666666666,0.6153846153846154,0.8333333333333334,0.6282679738562091
Hepatitis,XGB,P-C,utama,42,0.7419354838709677,0.65,0.375,0.5,0.42857142857142855,0.6733333333333333,0.38838566827697263
Hepatitis,XGB,P-C,utama,43,0.8709677419354839,0.8154761904761905,0.7142857142857143,0.7142857142857143,0.7142857142857143,0.9523809523809524,0.8687074829931971
Hepatitis,XGB,P-C,utama,44,0.7096774193548387,0.6101190476190476,0.375,0.42857142857142855,0.4,0.7857142857142857,0.5627705627705628
Hepatitis,XGB,P-C,utama,45,0.7419354838709677,0.65,0.375,0.5,0.42857142857142855,0.8466666666666667,0.6456649831649831
Hepatitis,XGB,P-C,utama,46,0.8387096774193549,0.7733333333333333,0.5714285714285714,0.6666666666666666,0.6153846153846154,0.8533333333333333,0.5876623376623377
Hepatitis,XGB,P-C,utama,47,0.8387096774193549,0.7733333333333333,0.5714285714285714,0.6666666666666666,0.6153846153846154,0.86,0.5555555555555555
Hepatitis,XGB,P-C,utama,48,0.7741935483870968,0.7023809523809523,0.5,0.5714285714285714,0.5333333333333333,0.7261904761904762,0.5744840458177406
Hepatitis,XGB,P-C,utama,49,0.7741935483870968,0.6011904761904762,0.5,0.2857142857142857,0.36363636363636365,0.7976190476190476,0.5964102564102564
