dataset,model,prosedur,config,split,accuracy,balanced_accuracy,precision,recall,f1,roc_auc,average_precision
HCV,NB,P-A,utama,0,0.9105691056910569,0.8629629629629629,0.6,0.8,0.6857142857142857,0.9527777777777778,0.6327620539907067
HCV,NB,P-A,utama,1,0.9349593495934959,0.8768518518518519,0.7058823529411765,0.8,0.75,0.8895061728395062,0.7050325382678324
HCV,NB,P-A,utama,2,0.9349593495934959,0.7907407407407407,0.8181818181818182,0.6,0.6923076923076923,0.8975308641975309,0.790420408051987
HCV,NB,P-A,utama,3,0.9349593495934959,0.7907407407407407,0.8181818181818182,0.6,0.6923076923076923,0.8308641975308643,0.5925961601193313
HCV,NB,P-A,utama,4,0.926829268292683,0.7574074074074074,0.8,0.5333333333333333,0.64,0.9407407407407408,0.8088112115305097
HCV,NB,P-A,utama,5,0.926829268292683,0.7861111111111111,0.75,0.6,0.6666666666666666,0.8743827160493827,0.6445907772083584
HCV,NB,P-A,utama,6,0.9186991869918699,0.7814814814814814,0.6923076923076923,0.6,0.6428571428571429,0.9009259259259259,0.651156010780424
HCV,NB,P-A,utama,7,0.9024390243902439,0.7722222222222221,0.6,0.6,0.6,0.8962962962962964,0.7298742697504308
HCV,NB,P-A,utama,8,0.959349593495935,0.8620370370370369,0.9166666666666666,0.7333333333333333,0.8148148148148148,0.9552469135802469,0.7792517488273608
HCV,NB,P-A,utama,9,0.943089430894309,0.8527777777777777,0.7857142857142857,0.7333333333333333,0.7586206896551724,0.9682098765432099,0.7511875989193476
HCV,NB,P-A,utama,10,0.959349593495935,0.8333333333333333,1.0,0.6666666666666666,0.8,0.9518518518518518,0.8590246354952238
HCV,NB,P-A,utama,11,0.926829268292683,0.8722222222222222,0.6666666666666666,0.8,0.7272727272727273,0.9456790123456791,0.7076941015640706
HCV,NB,P-A,utama,12,0.8861788617886179,0.7055555555555555,0.5384615384615384,0.4666666666666667,0.5,0.8435185185185184,0.5989740725839124
HCV,NB,P-A,utama,13,0.9349593495934959,0.8194444444444444,0.7692307692307693,0.6666666666666666,0.7142857142857143,0.9074074074074074,0.7632839725928686
HCV,NB,P-A,utama,14,0.8943089430894309,0.7101851851851853,0.5833333333333334,0.4666666666666667,0.5185185185185185,0.8364197530864197,0.5790952352899141
HCV,NB,P-A,utama,15,0.943089430894309,0.9101851851851852,0.7222222222222222,0.8666666666666667,0.7878787878787878,0.9629629629629629,0.8790173898389033
HCV,NB,P-A,utama,16,0.926829268292683,0.7287037037037036,0.875,0.4666666666666667,0.6086956521739131,0.9160493827160494,0.7825280538041843
HCV,NB,P-A,utama,17,0.8943089430894309,0.7675925925925926,0.5625,0.6,0.5806451612903226,0.9191358024691357,0.5494608230259104
HCV,NB,P-A,utama,18,0.9105691056910569,0.7194444444444444,0.7,0.4666666666666667,0.56,0.8824074074074074,0.6361882561882561
HCV,NB,P-A,utama,19,0.943089430894309,0.8527777777777777,0.7857142857142857,0.7333333333333333,0.7586206896551724,0.8972222222222223,0.7067296992296993
HCV,NB,P-A,utama,20,0.926829268292683,0.8435185185185186,0.6875,0.7333333333333333,0.7096774193548387,0.929320987654321,0.7221283541020384
HCV,NB,P-A,utama,21,0.9349593495934959,0.7907407407407407,0.8181818181818182,0.6,0.6923076923076923,0.8944444444444445,0.7197187446844198
HCV,NB,P-A,utama,22,0.926829268292683,0.7287037037037036,0.875,0.4666666666666667,0.6086956521739131,0.9595679012345679,0.7489818303330298
HCV,NB,P-A,utama,23,0.8943089430894309,0.7388888888888889,0.5714285714285714,0.5333333333333333,0.5517241379310345,0.8638888888888889,0.5931220067232669
HCV,NB,P-A,utama,24,0.9349593495934959,0.8768518518518519,0.7058823529411765,0.8,0.75,0.9512345679012346,0.6918470219545488
HCV,NB,P-A,utama,25,0.9105691056910569,0.8055555555555556,0.625,0.6666666666666666,0.6451612903225806,0.9209876543209877,0.7545267195003806
HCV,NB,P-A,utama,26,0.943089430894309,0.8814814814814815,0.75,0.8,0.7741935483870968,0.9549382716049383,0.7919023569023569
HCV,NB,P-A,utama,27,0.9186991869918699,0.7527777777777778,0.7272727272727273,0.5333333333333333,0.6153846153846154,0.8567901234567901,0.669922051729344
HCV,NB,P-A,utama,28,0.9349593495934959,0.7907407407407407,0.8181818181818182,0.6,0.6923076923076923,0.9206790123456791,0.7223210572787326
HCV,NB,P-A,utama,29,0.9186991869918699,0.8101851851851851,0.6666666666666666,0.6666666666666666,0.6666666666666666,0.8820987654320988,0.6194140615549396
HCV,NB,P-A,utama,30,0.9024390243902439,0.7722222222222221,0.6,0.6,0.6,0.9253086419753087,0.748368943605636
HCV,NB,P-A,utama,31,0.9349593495934959,0.8194444444444444,0.7692307692307693,0.6666666666666666,0.7142857142857143,0.8589506172839505,0.6470807240071703
HCV,NB,P-A,utama,32,0.926829268292683,0.8148148148148148,0.7142857142857143,0.6666666666666666,0.6896551724137931,0.9345679012345679,0.7168117716047283
HCV,NB,P-A,utama,33,0.943089430894309,0.8240740740740741,0.8333333333333334,0.6666666666666666,0.7407407407407407,0.9222222222222223,0.7814808586757481
HCV,NB,P-A,utama,34,0.926829268292683,0.7861111111111111,0.75,0.6,0.6666666666666666,0.8765432098765432,0.5980360541230108
HCV,NB,P-A,utama,35,0.9186991869918699,0.8675925925925927,0.631578947368421,0.8,0.7058823529411765,0.9209876543209877,0.7326250327336017
HCV,NB,P-A,utama,36,0.9186991869918699,0.7240740740740741,0.7777777777777778,0.4666666666666667,0.5833333333333334,0.8395061728395061,0.6957768157768158
HCV,NB,P-A,utama,37,0.926829268292683,0.7574074074074074,0.8,0.5333333333333333,0.64,0.9209876543209876,0.7584465534465534
HCV,NB,P-A,utama,38,0.943089430894309,0.8240740740740741,0.8333333333333334,0.6666666666666666,0.7407407407407407,0.9660493827160495,0.8736072261072261
HCV,NB,P-A,utama,39,0.9024390243902439,0.7722222222222221,0.6,0.6,0.6,0.9083333333333332,0.5805331705331704
HCV,NB,P-A,utama,40,0.926829268292683,0.8148148148148148,0.7142857142857143,0.6666666666666666,0.6896551724137931,0.9320987654320988,0.7840740740740741
HCV,NB,P-A,utama,41,0.9186991869918699,0.7527777777777778,0.7272727272727273,0.5333333333333333,0.6153846153846154,0.8805555555555555,0.6675975453648626
HCV,NB,P-A,utama,42,0.943089430894309,0.7666666666666666,1.0,0.5333333333333333,0.6956521739130435,0.9006172839506174,0.79959509278578
HCV,NB,P-A,utama,43,0.9186991869918699,0.8388888888888888,0.6470588235294118,0.7333333333333333,0.6875,0.9469135802469135,0.6537787026143467
HCV,NB,P-A,utama,44,0.943089430894309,0.8527777777777777,0.7857142857142857,0.7333333333333333,0.7586206896551724,0.967283950617284,0.827564719231386
HCV,NB,P-A,utama,45,0.9512195121951219,0.8287037037037037,0.9090909090909091,0.6666666666666666,0.7692307692307693,0.941358024691358,0.8408130999435346
HCV,NB,P-A,utama,46,0.9024390243902439,0.8296296296296296,0.5789473684210527,0.7333333333333333,0.6470588235294118,0.933641975308642,0.7186402579049638
HCV,NB,P-A,utama,47,0.9105691056910569,0.7194444444444444,0.7,0.4666666666666667,0.56,0.8635802469135802,0.6718021768967395
HCV,NB,P-A,utama,48,0.8861788617886179,0.6768518518518518,0.5454545454545454,0.4,0.46153846153846156,0.8351851851851853,0.45944136619073545
HCV,NB,P-A,utama,49,0.967479674796748,0.924074074074074,0.8666666666666667,0.8666666666666667,0.8666666666666667,0.9311728395061729,0.8314132900858564
HCV,NB,P-C,utama,0,0.8943089430894309,0.8824074074074074,0.5416666666666666,0.8666666666666667,0.6666666666666666,0.9521604938271605,0.6317539894745776
HCV,NB,P-C,utama,1,0.9349593495934959,0.8768518518518519,0.7058823529411765,0.8,0.75,0.8932098765432098,0.7090103728799381
HCV,NB,P-C,utama,2,0.9349593495934959,0.7907407407407407,0.8181818181818182,0.6,0.6923076923076923,0.9024691358024691,0.8079829341236873
HCV,NB,P-C,utama,3,0.926829268292683,0.7861111111111111,0.75,0.6,0.6666666666666666,0.8277777777777777,0.5904342185895584
HCV,NB,P-C,utama,4,0.926829268292683,0.7861111111111111,0.75,0.6,0.6666666666666666,0.932716049382716,0.8034839508412478
HCV,NB,P-C,utama,5,0.9186991869918699,0.7814814814814814,0.6923076923076923,0.6,0.6428571428571429,0.8842592592592593,0.6496344241116717
HCV,NB,P-C,utama,6,0.9186991869918699,0.8101851851851851,0.6666666666666666,0.6666666666666666,0.6666666666666666,0.8929012345679013,0.648617101852396
HCV,NB,P-C,utama,7,0.8943089430894309,0.7675925925925926,0.5625,0.6,0.5806451612903226,0.8981481481481481,0.7313197197252925
HCV,NB,P-C,utama,8,0.967479674796748,0.8953703703703704,0.9230769230769231,0.8,0.8571428571428571,0.958641975308642,0.7907153149107172
HCV,NB,P-C,utama,9,0.943089430894309,0.8814814814814815,0.75,0.8,0.7741935483870968,0.967283950617284,0.7288710548710549
HCV,NB,P-C,utama,10,0.959349593495935,0.8620370370370369,0.9166666666666666,0.7333333333333333,0.8148148148148148,0.9351851851851852,0.8555458820164703
HCV,NB,P-C,utama,11,0.926829268292683,0.8722222222222222,0.6666666666666666,0.8,0.7272727272727273,0.9481481481481481,0.7105446623093683
HCV,NB,P-C,utama,12,0.8943089430894309,0.7101851851851853,0.5833333333333334,0.4666666666666667,0.5185185185185185,0.8466049382716049,0.6169836644836646
HCV,NB,P-C,utama,13,0.943089430894309,0.8527777777777777,0.7857142857142857,0.7333333333333333,0.7586206896551724,0.9101851851851852,0.712886187886188
HCV,NB,P-C,utama,14,0.8861788617886179,0.7055555555555555,0.5384615384615384,0.4666666666666667,0.5,0.8351851851851853,0.580501248001248
HCV,NB,P-C,utama,15,0.943089430894309,0.9101851851851852,0.7222222222222222,0.8666666666666667,0.7878787878787878,0.9611111111111111,0.8775007063201975
HCV,NB,P-C,utama,16,0.9349593495934959,0.7907407407407407,0.8181818181818182,0.6,0.6923076923076923,0.9123456790123456,0.7925584795321637
HCV,NB,P-C,utama,17,0.8943089430894309,0.7675925925925926,0.5625,0.6,0.5806451612903226,0.9194444444444444,0.5305908748261907
HCV,NB,P-C,utama,18,0.9186991869918699,0.7527777777777778,0.7272727272727273,0.5333333333333333,0.6153846153846154,0.8830246913580246,0.6287291800195027
HCV,NB,P-C,utama,19,0.9349593495934959,0.8481481481481481,0.7333333333333333,0.7333333333333333,0.7333333333333333,0.888888888888889,0.7107706672412555
HCV,NB,P-C,utama,20,0.926829268292683,0.8435185185185186,0.6875,0.7333333333333333,0.7096774193548387,0.9299382716049382,0.7179942688945068
HCV,NB,P-C,utama,21,0.943089430894309,0.8240740740740741,0.8333333333333334,0.6666666666666666,0.7407407407407407,0.9018518518518519,0.7406544321485296
HCV,NB,P-C,utama,22,0.943089430894309,0.7953703703703703,0.9,0.6,0.72,0.962962962962963,0.7755321977902623
HCV,NB,P-C,utama,23,0.9024390243902439,0.8009259259259259,0.5882352941176471,0.6666666666666666,0.625,0.8589506172839506,0.5914458946019817
HCV,NB,P-C,utama,24,0.926829268292683,0.8722222222222222,0.6666666666666666,0.8,0.7272727272727273,0.9518518518518517,0.703247104109173
HCV,NB,P-C,utama,25,0.9105691056910569,0.8055555555555556,0.625,0.6666666666666666,0.6451612903225806,0.9209876543209876,0.7634230047133272
HCV,NB,P-C,utama,26,0.943089430894309,0.8814814814814815,0.75,0.8,0.7741935483870968,0.9537037037037037,0.7876097413053935
HCV,NB,P-C,utama,27,0.9105691056910569,0.7768518518518519,0.6428571428571429,0.6,0.6206896551724138,0.8685185185185186,0.6792603197112015
HCV,NB,P-C,utama,28,0.9349593495934959,0.8194444444444444,0.7692307692307693,0.6666666666666666,0.7142857142857143,0.9212962962962963,0.7229097948834792
HCV,NB,P-C,utama,29,0.9186991869918699,0.8101851851851851,0.6666666666666666,0.6666666666666666,0.6666666666666666,0.8783950617283951,0.6180470395533509
HCV,NB,P-C,utama,30,0.9024390243902439,0.7722222222222221,0.6,0.6,0.6,0.9271604938271605,0.7547831564259111
HCV,NB,P-C,utama,31,0.9105691056910569,0.8055555555555556,0.625,0.6666666666666666,0.6451612903225806,0.8574074074074074,0.619301176654871
HCV,NB,P-C,utama,32,0.926829268292683,0.8722222222222222,0.6666666666666666,0.8,0.7272727272727273,0.9382716049382717,0.718100851676703
HCV,NB,P-C,utama,33,0.9349593495934959,0.8194444444444444,0.7692307692307693,0.6666666666666666,0.7142857142857143,0.8993827160493827,0.762621554131175
HCV,NB,P-C,utama,34,0.926829268292683,0.7861111111111111,0.75,0.6,0.6666666666666666,0.875925925925926,0.6046811791750109
HCV,NB,P-C,utama,35,0.9105691056910569,0.8629629629629629,0.6,0.8,0.6857142857142857,0.921604938271605,0.7310978028625088
HCV,NB,P-C,utama,36,0.9186991869918699,0.7527777777777778,0.7272727272727273,0.5333333333333333,0.6153846153846154,0.8407407407407408,0.6964352242597981
HCV,NB,P-C,utama,37,0.9186991869918699,0.7527777777777778,0.7272727272727273,0.5333333333333333,0.6153846153846154,0.9117283950617283,0.7507038567933273
HCV,NB,P-C,utama,38,0.9512195121951219,0.8574074074074074,0.8461538461538461,0.7333333333333333,0.7857142857142857,0.9666666666666668,0.8981801222513297
HCV,NB,P-C,utama,39,0.8861788617886179,0.762962962962963,0.5294117647058824,0.6,0.5625,0.9095679012345679,0.5822398492845523
HCV,NB,P-C,utama,40,0.9186991869918699,0.8101851851851851,0.6666666666666666,0.6666666666666666,0.6666666666666666,0.9271604938271605,0.7809907902554961
HCV,NB,P-C,utama,41,0.9186991869918699,0.7527777777777778,0.7272727272727273,0.5333333333333333,0.6153846153846154,0.8703703703703705,0.6260291241769276
HCV,NB,P-C,utama,42,0.943089430894309,0.8240740740740741,0.8333333333333334,0.6666666666666666,0.7407407407407407,0.9018518518518518,0.80333103164367
HCV,NB,P-C,utama,43,0.9186991869918699,0.8388888888888888,0.6470588235294118,0.7333333333333333,0.6875,0.9487654320987654,0.6611912900269341
HCV,NB,P-C,utama,44,0.9349593495934959,0.8481481481481481,0.7333333333333333,0.7333333333333333,0.7333333333333333,0.9598765432098765,0.8227147344889281
HCV,NB,P-C,utama,45,0.9512195121951219,0.8861111111111111,0.8,0.8,0.8,0.9370370370370371,0.8412585061996827
HCV,NB,P-C,utama,46,0.9024390243902439,0.8296296296296296,0.5789473684210527,0.7333333333333333,0.6470588235294118,0.9385802469135802,0.7287376351506786
HCV,NB,P-C,utama,47,0.9024390243902439,0.7435185185185185,0.6153846153846154,0.5333333333333333,0.5714285714285714,0.8672839506172839,0.6770460926310232
HCV,NB,P-C,utama,48,0.8861788617886179,0.6768518518518518,0.5454545454545454,0.4,0.46153846153846156,0.8290123456790124,0.4513930412150477
HCV,NB,P-C,utama,49,0.975609756097561,0.9574074074074075,0.875,0.9333333333333333,0.9032258064516129,0.9302469135802469,0.8420615080959908
HCV,DT,P-A,utama,0,0.943089430894309,0.9101851851851852,0.7222222222222222,0.8666666666666667,0.7878787878787878,0.946604938271605,0.7781580925052948
HCV,DT,P-A,utama,1,0.926829268292683,0.9009259259259259,0.65,0.8666666666666667,0.7428571428571429,0.9141975308641975,0.7993595778063044
HCV,DT,P-A,utama,2,0.9512195121951219,0.8287037037037037,0.9090909090909091,0.6666666666666666,0.7692307692307693,0.9206790123456791,0.7880912944327579
HCV,DT,P-A,utama,3,0.9349593495934959,0.7620370370370371,0.8888888888888888,0.5333333333333333,0.6666666666666666,0.7675925925925926,0.5595934959349593
HCV,DT,P-A,utama,4,0.9512195121951219,0.8861111111111111,0.8,0.8,0.8,0.9469135802469137,0.7958405190112507
HCV,DT,P-A,utama,5,0.959349593495935,0.8333333333333333,1.0,0.6666666666666666,0.8,0.8666666666666667,0.7658536585365854
HCV,DT,P-A,utama,6,0.959349593495935,0.8333333333333333,1.0,0.6666666666666666,0.8,0.8932098765432098,0.80534262485482
HCV,DT,P-A,utama,7,0.926829268292683,0.7861111111111111,0.75,0.6,0.6666666666666666,0.8817901234567901,0.6629183824305775
HCV,DT,P-A,utama,8,0.9512195121951219,0.8287037037037037,0.9090909090909091,0.6666666666666666,0.7692307692307693,0.8438271604938271,0.691151937493401
HCV,DT,P-A,utama,9,0.9024390243902439,0.8009259259259259,0.5882352941176471,0.6666666666666666,0.625,0.9324074074074074,0.674241192411924
HCV,DT,P-A,utama,10,0.959349593495935,0.8333333333333333,1.0,0.6666666666666666,0.8,0.8777777777777779,0.7691136878581901
HCV,DT,P-A,utama,11,0.9349593495934959,0.8768518518518519,0.7058823529411765,0.8,0.75,0.8419753086419752,0.6021523194643712
HCV,DT,P-A,utama,12,0.9512195121951219,0.8574074074074074,0.8461538461538461,0.7333333333333333,0.7857142857142857,0.879320987654321,0.6849030644152595
HCV,DT,P-A,utama,13,0.967479674796748,0.8666666666666667,1.0,0.7333333333333333,0.8461538461538461,0.9317901234567901,0.8393266624973942
HCV,DT,P-A,utama,14,0.8861788617886179,0.7342592592592593,0.5333333333333333,0.5333333333333333,0.5333333333333333,0.7740740740740741,0.5129471544715447
HCV,DT,P-A,utama,15,0.983739837398374,0.9333333333333333,1.0,0.8666666666666667,0.9285714285714286,0.9623456790123457,0.9214634146341464
HCV,DT,P-A,utama,16,0.9349593495934959,0.7907407407407407,0.8181818181818182,0.6,0.6923076923076923,0.9500000000000001,0.8286156504820343
HCV,DT,P-A,utama,17,0.926829268292683,0.7574074074074074,0.8,0.5333333333333333,0.64,0.9444444444444445,0.8235549179021202
HCV,DT,P-A,utama,18,0.9349593495934959,0.7907407407407407,0.8181818181818182,0.6,0.6923076923076923,0.9077160493827161,0.6762998744706061
HCV,DT,P-A,utama,19,0.9349593495934959,0.8768518518518519,0.7058823529411765,0.8,0.75,0.9395061728395062,0.7439967445001333
HCV,DT,P-A,utama,20,0.959349593495935,0.8620370370370369,0.9166666666666666,0.7333333333333333,0.8148148148148148,0.9530864197530865,0.8259060869715554
HCV,DT,P-A,utama,21,0.975609756097561,0.9287037037037037,0.9285714285714286,0.8666666666666667,0.896551724137931,0.928395061728395,0.8166264629679264
HCV,DT,P-A,utama,22,0.9349593495934959,0.7620370370370371,0.8888888888888888,0.5333333333333333,0.6666666666666666,0.9046296296296297,0.7063342366757001
HCV,DT,P-A,utama,23,0.959349593495935,0.8620370370370369,0.9166666666666666,0.7333333333333333,0.8148148148148148,0.9725308641975309,0.8837301587301587
HCV,DT,P-A,utama,24,0.983739837398374,0.9333333333333333,1.0,0.8666666666666667,0.9285714285714286,0.9632716049382716,0.933130081300813
HCV,DT,P-A,utama,25,0.959349593495935,0.8907407407407408,0.8571428571428571,0.8,0.8275862068965517,0.9771604938271604,0.7887667887667887
HCV,DT,P-A,utama,26,0.959349593495935,0.8333333333333333,1.0,0.6666666666666666,0.8,0.9891975308641976,0.9191979949874687
HCV,DT,P-A,utama,27,0.9349593495934959,0.7907407407407407,0.8181818181818182,0.6,0.6923076923076923,0.8583333333333334,0.722731118713902
HCV,DT,P-A,utama,28,0.926829268292683,0.7861111111111111,0.75,0.6,0.6666666666666666,0.9314814814814815,0.74324107739007
HCV,DT,P-A,utama,29,0.959349593495935,0.8333333333333333,1.0,0.6666666666666666,0.8,0.9166666666666667,0.8108857664663603
HCV,DT,P-A,utama,30,0.926829268292683,0.8435185185185186,0.6875,0.7333333333333333,0.7096774193548387,0.909567901234568,0.7349273247470489
HCV,DT,P-A,utama,31,0.9349593495934959,0.7620370370370371,0.8888888888888888,0.5333333333333333,0.6666666666666666,0.8132716049382716,0.6349973850615699
HCV,DT,P-A,utama,32,0.9512195121951219,0.8861111111111111,0.8,0.8,0.8,0.9796296296296296,0.7767057740970784
HCV,DT,P-A,utama,33,0.943089430894309,0.8240740740740741,0.8333333333333334,0.6666666666666666,0.7407407407407407,0.9324074074074074,0.7202801534508851
HCV,DT,P-A,utama,34,0.959349593495935,0.8907407407407408,0.8571428571428571,0.8,0.8275862068965517,0.8919753086419754,0.8148664343786295
HCV,DT,P-A,utama,35,0.9186991869918699,0.925,0.6086956521739131,0.9333333333333333,0.7368421052631579,0.9299382716049382,0.6084814207825873
HCV,DT,P-A,utama,36,0.9186991869918699,0.6953703703703704,0.8571428571428571,0.4,0.5454545454545454,0.7101851851851853,0.5492081710733073
HCV,DT,P-A,utama,37,0.967479674796748,0.8666666666666667,1.0,0.7333333333333333,0.8461538461538461,0.854320987654321,0.7658536585365854
HCV,DT,P-A,utama,38,0.9512195121951219,0.8861111111111111,0.8,0.8,0.8,0.9429012345679012,0.8585805317512635
HCV,DT,P-A,utama,39,0.9349593495934959,0.7620370370370371,0.8888888888888888,0.5333333333333333,0.6666666666666666,0.9046296296296296,0.6928983392398026
HCV,DT,P-A,utama,40,0.9349593495934959,0.8768518518518519,0.7058823529411765,0.8,0.75,0.9503086419753087,0.8577431832465721
HCV,DT,P-A,utama,41,0.9512195121951219,0.8,1.0,0.6,0.75,0.925,0.8065659980467283
HCV,DT,P-A,utama,42,0.9512195121951219,0.8287037037037037,0.9090909090909091,0.6666666666666666,0.7692307692307693,0.8802469135802469,0.7016880338318079
HCV,DT,P-A,utama,43,0.9349593495934959,0.8768518518518519,0.7058823529411765,0.8,0.75,0.9518518518518518,0.8687041744858452
HCV,DT,P-A,utama,44,0.9512195121951219,0.8574074074074074,0.8461538461538461,0.7333333333333333,0.7857142857142857,0.9549382716049383,0.876725345685551
HCV,DT,P-A,utama,45,0.959349593495935,0.8907407407407408,0.8571428571428571,0.8,0.8275862068965517,0.9401234567901234,0.7929272594313246
HCV,DT,P-A,utama,46,0.967479674796748,0.9527777777777777,0.8235294117647058,0.9333333333333333,0.875,0.9910493827160495,0.8920255183413077
HCV,DT,P-A,utama,47,0.926829268292683,0.7287037037037036,0.875,0.4666666666666667,0.6086956521739131,0.8580246913580247,0.7421162847992115
HCV,DT,P-A,utama,48,0.9512195121951219,0.8,1.0,0.6,0.75,0.7907407407407409,0.648780487804878
HCV,DT,P-A,utama,49,0.9105691056910569,0.8342592592592593,0.6111111111111112,0.7333333333333333,0.6666666666666666,0.9441358024691359,0.8374020111253744
HCV,DT,P-B,utama,0,0.943089430894309,0.9675925925925926,0.6818181818181818,1.0,0.8108108108108109,0.9836419753086421,0.8232134222846297
HCV,DT,P-B,utama,1,0.8699186991869918,0.8685185185185185,0.48148148148148145,0.8666666666666667,0.6190476190476191,0.9108024691358024,0.7943906740654708
HCV,DT,P-B,utama,2,0.926829268292683,0.9009259259259259,0.65,0.8666666666666667,0.7428571428571429,0.9240740740740742,0.8338775125719171
HCV,DT,P-B,utama,3,0.9024390243902439,0.8296296296296296,0.5789473684210527,0.7333333333333333,0.6470588235294118,0.8910493827160494,0.5666461275139067
HCV,DT,P-B,utama,4,0.9186991869918699,0.925,0.6086956521739131,0.9333333333333333,0.7368421052631579,0.9503086419753086,0.7998209025568517
HCV,DT,P-B,utama,5,0.9349593495934959,0.9055555555555556,0.6842105263157895,0.8666666666666667,0.7647058823529411,0.9151234567901234,0.7040653398804875
HCV,DT,P-B,utama,6,0.9349593495934959,0.9055555555555556,0.6842105263157895,0.8666666666666667,0.7647058823529411,0.9182098765432098,0.7449435162849797
HCV,DT,P-B,utama,7,0.926829268292683,0.9009259259259259,0.65,0.8666666666666667,0.7428571428571429,0.9228395061728396,0.8408215661103979
HCV,DT,P-B,utama,8,0.8780487804878049,0.787037037037037,0.5,0.6666666666666666,0.5714285714285714,0.8003086419753086,0.47129368135786615
HCV,DT,P-B,utama,9,0.9024390243902439,0.8870370370370371,0.5652173913043478,0.8666666666666667,0.6842105263157895,0.9033950617283951,0.6161059308684469
HCV,DT,P-B,utama,10,0.8943089430894309,0.8537037037037037,0.5454545454545454,0.8,0.6486486486486487,0.8808641975308643,0.7527766722888674
HCV,DT,P-B,utama,11,0.8943089430894309,0.8824074074074074,0.5416666666666666,0.8666666666666667,0.6666666666666666,0.8895061728395062,0.5220914073802392
HCV,DT,P-B,utama,12,0.9186991869918699,0.8962962962962964,0.6190476190476191,0.8666666666666667,0.7222222222222222,0.9694444444444444,0.746031746031746
HCV,DT,P-B,utama,13,0.9186991869918699,0.8962962962962964,0.6190476190476191,0.8666666666666667,0.7222222222222222,0.9200617283950618,0.8130855594270229
HCV,DT,P-B,utama,14,0.9349593495934959,0.8481481481481481,0.7333333333333333,0.7333333333333333,0.7333333333333333,0.9361111111111111,0.6679202695570982
HCV,DT,P-B,utama,15,0.943089430894309,0.9388888888888889,0.7,0.9333333333333333,0.8,0.9941358024691358,0.9615656565656565
HCV,DT,P-B,utama,16,0.9349593495934959,0.8481481481481481,0.7333333333333333,0.7333333333333333,0.7333333333333333,0.8608024691358026,0.755597248280175
HCV,DT,P-B,utama,17,0.8780487804878049,0.7296296296296296,0.5,0.5333333333333333,0.5161290322580645,0.7376543209876543,0.44327420546932744
HCV,DT,P-B,utama,18,0.8780487804878049,0.8157407407407407,0.5,0.7333333333333333,0.5945945945945946,0.8280864197530865,0.6047425474254743
HCV,DT,P-B,utama,19,0.8699186991869918,0.8685185185185185,0.48148148148148145,0.8666666666666667,0.6190476190476191,0.917283950617284,0.8388351185099152
HCV,DT,P-B,utama,20,0.9349593495934959,0.9342592592592593,0.6666666666666666,0.9333333333333333,0.7777777777777778,0.9518518518518518,0.8063565770273088
HCV,DT,P-B,utama,21,0.9186991869918699,0.8962962962962964,0.6190476190476191,0.8666666666666667,0.7222222222222222,0.9209876543209877,0.7745172432116478
HCV,DT,P-B,utama,22,0.9024390243902439,0.9157407407407407,0.56,0.9333333333333333,0.7,0.9459876543209877,0.7653691385398702
HCV,DT,P-B,utama,23,0.9105691056910569,0.9490740740740741,0.5769230769230769,1.0,0.7317073170731707,0.9669753086419753,0.7624904997536577
HCV,DT,P-B,utama,24,0.9186991869918699,0.8962962962962964,0.6190476190476191,0.8666666666666667,0.7222222222222222,0.9762345679012345,0.8685215167973789
HCV,DT,P-B,utama,25,0.943089430894309,0.9675925925925926,0.6818181818181818,1.0,0.8108108108108109,0.9830246913580247,0.8060185185185186
HCV,DT,P-B,utama,26,0.9186991869918699,0.925,0.6086956521739131,0.9333333333333333,0.7368421052631579,0.9484567901234567,0.7592411924119242
HCV,DT,P-B,utama,27,0.8943089430894309,0.825,0.55,0.7333333333333333,0.6285714285714286,0.8537037037037036,0.745507338190265
HCV,DT,P-B,utama,28,0.926829268292683,0.8722222222222222,0.6666666666666666,0.8,0.7272727272727273,0.8854938271604937,0.744390243902439
HCV,DT,P-B,utama,29,0.9024390243902439,0.8583333333333334,0.5714285714285714,0.8,0.6666666666666666,0.8746913580246913,0.6241948837070788
HCV,DT,P-B,utama,30,0.8536585365853658,0.8592592592592593,0.4482758620689655,0.8666666666666667,0.5909090909090909,0.899074074074074,0.7665213956214797
HCV,DT,P-B,utama,31,0.943089430894309,0.8527777777777777,0.7857142857142857,0.7333333333333333,0.7586206896551724,0.8583333333333333,0.7103462030291299
HCV,DT,P-B,utama,32,0.926829268292683,0.9583333333333333,0.625,1.0,0.7692307692307693,0.9716049382716049,0.7261544011544011
HCV,DT,P-B,utama,33,0.9186991869918699,0.8388888888888888,0.6470588235294118,0.7333333333333333,0.6875,0.854320987654321,0.7232766277242604
HCV,DT,P-B,utama,34,0.943089430894309,0.8814814814814815,0.75,0.8,0.7741935483870968,0.8944444444444445,0.8055013550135501
HCV,DT,P-B,utama,35,0.8861788617886179,0.8777777777777778,0.52,0.8666666666666667,0.65,0.912962962962963,0.7218157181571816
HCV,DT,P-B,utama,36,0.9105691056910569,0.8916666666666666,0.5909090909090909,0.8666666666666667,0.7027027027027027,0.9086419753086419,0.6987238976969401
HCV,DT,P-B,utama,37,0.8861788617886179,0.8490740740740741,0.5217391304347826,0.8,0.631578947368421,0.878395061728395,0.7412036872605049
HCV,DT,P-B,utama,38,0.967479674796748,0.924074074074074,0.8666666666666667,0.8666666666666667,0.8666666666666667,0.9320987654320988,0.8829268292682927
HCV,DT,P-B,utama,39,0.9024390243902439,0.8870370370370371,0.5652173913043478,0.8666666666666667,0.6842105263157895,0.895679012345679,0.5902030675227918
HCV,DT,P-B,utama,40,0.9349593495934959,0.9342592592592593,0.6666666666666666,0.9333333333333333,0.7777777777777778,0.9595679012345679,0.8951009807717125
HCV,DT,P-B,utama,41,0.8699186991869918,0.8111111111111111,0.4782608695652174,0.7333333333333333,0.5789473684210527,0.8487654320987654,0.7339092140921409
HCV,DT,P-B,utama,42,0.8536585365853658,0.8305555555555556,0.4444444444444444,0.8,0.5714285714285714,0.8728395061728396,0.7300061859314245
HCV,DT,P-B,utama,43,0.9512195121951219,0.9435185185185185,0.7368421052631579,0.9333333333333333,0.8235294117647058,0.958641975308642,0.8930423620025674
HCV,DT,P-B,utama,44,0.9024390243902439,0.9157407407407407,0.56,0.9333333333333333,0.7,0.9530864197530864,0.8408098198629046
HCV,DT,P-B,utama,45,0.9349593495934959,0.9055555555555556,0.6842105263157895,0.8666666666666667,0.7647058823529411,0.9290123456790123,0.8734030197444832
HCV,DT,P-B,utama,46,0.9024390243902439,0.9444444444444444,0.5555555555555556,1.0,0.7142857142857143,0.9882716049382716,0.8840192830904905
HCV,DT,P-B,utama,47,0.9186991869918699,0.8675925925925927,0.631578947368421,0.8,0.7058823529411765,0.8888888888888888,0.7537553232675184
HCV,DT,P-B,utama,48,0.9186991869918699,0.8962962962962964,0.6190476190476191,0.8666666666666667,0.7222222222222222,0.9237654320987655,0.8493370856785492
HCV,DT,P-B,utama,49,0.9186991869918699,0.925,0.6086956521739131,0.9333333333333333,0.7368421052631579,0.9293209876543209,0.6439860837808564
HCV,DT,P-C,utama,0,0.8699186991869918,0.9259259259259259,0.4838709677419355,1.0,0.6521739130434783,0.9527777777777777,0.6105408927989573
HCV,DT,P-C,utama,1,0.8943089430894309,0.8537037037037037,0.5454545454545454,0.8,0.6486486486486487,0.8848765432098766,0.5494803097436747
HCV,DT,P-C,utama,2,0.9512195121951219,0.8861111111111111,0.8,0.8,0.8,0.8833333333333333,0.6643902439024392
HCV,DT,P-C,utama,3,0.9024390243902439,0.8583333333333334,0.5714285714285714,0.8,0.6666666666666666,0.9287037037037036,0.6442106673813991
HCV,DT,P-C,utama,4,0.943089430894309,0.9101851851851852,0.7222222222222222,0.8666666666666667,0.7878787878787878,0.9469135802469135,0.7415347158819183
HCV,DT,P-C,utama,5,0.9186991869918699,0.8675925925925927,0.631578947368421,0.8,0.7058823529411765,0.8722222222222221,0.6220510626158893
HCV,DT,P-C,utama,6,0.975609756097561,0.9287037037037037,0.9285714285714286,0.8666666666666667,0.896551724137931,0.9876543209876543,0.8879506458453827
HCV,DT,P-C,utama,7,0.9349593495934959,0.8768518518518519,0.7058823529411765,0.8,0.75,0.8805555555555555,0.6539140534262485
HCV,DT,P-C,utama,8,0.8861788617886179,0.7342592592592593,0.5333333333333333,0.5333333333333333,0.5333333333333333,0.7441358024691358,0.32894151840069125
HCV,DT,P-C,utama,9,0.8455284552845529,0.825925925925926,0.42857142857142855,0.8,0.5581395348837209,0.8725308641975308,0.7180499819776522
HCV,DT,P-C,utama,10,0.926829268292683,0.8722222222222222,0.6666666666666666,0.8,0.7272727272727273,0.8737654320987654,0.6740634465168182
HCV,DT,P-C,utama,11,0.9105691056910569,0.9490740740740741,0.5769230769230769,1.0,0.7317073170731707,0.970679012345679,0.7059259259259258
HCV,DT,P-C,utama,12,0.9349593495934959,0.9055555555555556,0.6842105263157895,0.8666666666666667,0.7647058823529411,0.942283950617284,0.7980831107275266
HCV,DT,P-C,utama,13,0.943089430894309,0.8814814814814815,0.75,0.8,0.7741935483870968,0.9138888888888889,0.7295002558417193
HCV,DT,P-C,utama,14,0.8943089430894309,0.7962962962962963,0.5555555555555556,0.6666666666666666,0.6060606060606061,0.784567901234568,0.4199493483030068
HCV,DT,P-C,utama,15,0.9349593495934959,0.962962962962963,0.6521739130434783,1.0,0.7894736842105263,0.9848765432098766,0.8405103668261562
HCV,DT,P-C,utama,16,0.943089430894309,0.8814814814814815,0.75,0.8,0.7741935483870968,0.8641975308641976,0.8077235772357724
HCV,DT,P-C,utama,17,0.8861788617886179,0.7342592592592593,0.5333333333333333,0.5333333333333333,0.5333333333333333,0.7675925925925926,0.4877668425807065
HCV,DT,P-C,utama,18,0.8780487804878049,0.787037037037037,0.5,0.6666666666666666,0.5714285714285714,0.9234567901234567,0.706628834010092
HCV,DT,P-C,utama,19,0.8617886178861789,0.8638888888888889,0.4642857142857143,0.8666666666666667,0.6046511627906976,0.8919753086419754,0.5527680991095625
HCV,DT,P-C,utama,20,0.9186991869918699,0.8962962962962964,0.6190476190476191,0.8666666666666667,0.7222222222222222,0.9305555555555556,0.5975042501358291
HCV,DT,P-C,utama,21,0.959349593495935,0.8620370370370369,0.9166666666666666,0.7333333333333333,0.8148148148148148,0.9570987654320988,0.8811098792806109
HCV,DT,P-C,utama,22,0.9105691056910569,0.8916666666666666,0.5909090909090909,0.8666666666666667,0.7027027027027027,0.8987654320987655,0.6119539425059323
HCV,DT,P-C,utama,23,0.9105691056910569,0.8916666666666666,0.5909090909090909,0.8666666666666667,0.7027027027027027,0.9663580246913581,0.7024074074074074
HCV,DT,P-C,utama,24,0.9512195121951219,0.9148148148148147,0.7647058823529411,0.8666666666666667,0.8125,0.9194444444444445,0.8210220673635308
HCV,DT,P-C,utama,25,0.943089430894309,0.9675925925925926,0.6818181818181818,1.0,0.8108108108108109,0.9574074074074074,0.627936507936508
HCV,DT,P-C,utama,26,0.926829268292683,0.8722222222222222,0.6666666666666666,0.8,0.7272727272727273,0.8679012345679012,0.5881624194393205
HCV,DT,P-C,utama,27,0.8943089430894309,0.8537037037037037,0.5454545454545454,0.8,0.6486486486486487,0.874074074074074,0.6929761024882978
HCV,DT,P-C,utama,28,0.8780487804878049,0.8444444444444444,0.5,0.8,0.6153846153846154,0.9425925925925925,0.8363352095059412
HCV,DT,P-C,utama,29,0.8943089430894309,0.8824074074074074,0.5416666666666666,0.8666666666666667,0.6666666666666666,0.9305555555555556,0.6462804080981988
HCV,DT,P-C,utama,30,0.8861788617886179,0.8203703703703704,0.5238095238095238,0.7333333333333333,0.6111111111111112,0.8114197530864199,0.5671234998064266
HCV,DT,P-C,utama,31,0.9349593495934959,0.8194444444444444,0.7692307692307693,0.6666666666666666,0.7142857142857143,0.879320987654321,0.6772188967310918
HCV,DT,P-C,utama,32,0.967479674796748,0.9814814814814814,0.7894736842105263,1.0,0.8823529411764706,0.9882716049382716,0.856374269005848
HCV,DT,P-C,utama,33,0.926829268292683,0.9009259259259259,0.65,0.8666666666666667,0.7428571428571429,0.9111111111111111,0.6939597591866715
HCV,DT,P-C,utama,34,0.9512195121951219,0.8861111111111111,0.8,0.8,0.8,0.9546296296296296,0.8354805086512404
HCV,DT,P-C,utama,35,0.8861788617886179,0.8203703703703704,0.5238095238095238,0.7333333333333333,0.6111111111111112,0.8938271604938272,0.5736675700090335
HCV,DT,P-C,utama,36,0.9105691056910569,0.7481481481481481,0.6666666666666666,0.5333333333333333,0.5925925925925926,0.7666666666666667,0.4514705462844102
HCV,DT,P-C,utama,37,0.9186991869918699,0.8388888888888888,0.6470588235294118,0.7333333333333333,0.6875,0.8765432098765433,0.7411941654710665
HCV,DT,P-C,utama,38,0.9186991869918699,0.925,0.6086956521739131,0.9333333333333333,0.7368421052631579,0.9376543209876543,0.7480104907464398
HCV,DT,P-C,utama,39,0.9105691056910569,0.8916666666666666,0.5909090909090909,0.8666666666666667,0.7027027027027027,0.9416666666666668,0.7097640682289176
HCV,DT,P-C,utama,40,0.943089430894309,0.8814814814814815,0.75,0.8,0.7741935483870968,0.9234567901234567,0.8505258968673604
HCV,DT,P-C,utama,41,0.9105691056910569,0.8629629629629629,0.6,0.8,0.6857142857142857,0.8827160493827161,0.743671289654073
HCV,DT,P-C,utama,42,0.8780487804878049,0.9018518518518519,0.5,0.9333333333333333,0.6511627906976745,0.9336419753086419,0.6772483898928059
HCV,DT,P-C,utama,43,0.926829268292683,0.8435185185185186,0.6875,0.7333333333333333,0.7096774193548387,0.9345679012345679,0.6859606951314268
HCV,DT,P-C,utama,44,0.943089430894309,0.9675925925925926,0.6818181818181818,1.0,0.8108108108108109,0.9675925925925926,0.6863636363636364
HCV,DT,P-C,utama,45,0.9024390243902439,0.8583333333333334,0.5714285714285714,0.8,0.6666666666666666,0.9074074074074074,0.7148937029742968
HCV,DT,P-C,utama,46,0.959349593495935,0.9768518518518519,0.75,1.0,0.8571428571428571,0.9833333333333334,0.8090686274509804
HCV,DT,P-C,utama,47,0.943089430894309,0.9101851851851852,0.7222222222222222,0.8666666666666667,0.7878787878787878,0.9274691358024691,0.8454268292682927
HCV,DT,P-C,utama,48,0.8943089430894309,0.825,0.55,0.7333333333333333,0.6285714285714286,0.932716049382716,0.6918602400309717
HCV,DT,P-C,utama,49,0.9024390243902439,0.8583333333333334,0.5714285714285714,0.8,0.6666666666666666,0.8932098765432098,0.5485112448527083
HCV,KNN,P-A,utama,0,0.9186991869918699,0.7240740740740741,0.7777777777777778,0.4666666666666667,0.5833333333333334,0.975925925925926,0.8134884287825465
HCV,KNN,P-A,utama,1,0.926829268292683,0.7287037037037036,0.875,0.4666666666666667,0.6086956521739131,0.8820987654320988,0.7191192597288489
HCV,KNN,P-A,utama,2,0.9349593495934959,0.7333333333333334,1.0,0.4666666666666667,0.6363636363636364,0.9197530864197532,0.8007046070460704
HCV,KNN,P-A,utama,3,0.9186991869918699,0.6953703703703704,0.8571428571428571,0.4,0.5454545454545454,0.895679012345679,0.6106252419667054
HCV,KNN,P-A,utama,4,0.926829268292683,0.7,1.0,0.4,0.5714285714285714,0.8709876543209877,0.7308447089775938
HCV,KNN,P-A,utama,5,0.9349593495934959,0.7333333333333334,1.0,0.4666666666666667,0.6363636363636364,0.942283950617284,0.8062253193960511
HCV,KNN,P-A,utama,6,0.9512195121951219,0.8,1.0,0.6,0.75,0.8666666666666667,0.7366092077343062
HCV,KNN,P-A,utama,7,0.943089430894309,0.7666666666666666,1.0,0.5333333333333333,0.6956521739130435,0.9435185185185184,0.8466485998193316
HCV,KNN,P-A,utama,8,0.9105691056910569,0.662037037037037,0.8333333333333334,0.3333333333333333,0.47619047619047616,0.9416666666666668,0.6860136791844109
HCV,KNN,P-A,utama,9,0.9512195121951219,0.8,1.0,0.6,0.75,0.9925925925925926,0.9358187134502923
HCV,KNN,P-A,utama,10,0.9186991869918699,0.6666666666666666,1.0,0.3333333333333333,0.5,0.9382716049382716,0.7824157955865273
HCV,KNN,P-A,utama,11,0.9349593495934959,0.7907407407407407,0.8181818181818182,0.6,0.6923076923076923,0.9324074074074074,0.7084875016582334
HCV,KNN,P-A,utama,12,0.926829268292683,0.7,1.0,0.4,0.5714285714285714,0.8348765432098766,0.673525616208543
HCV,KNN,P-A,utama,13,0.943089430894309,0.7666666666666666,1.0,0.5333333333333333,0.6956521739130435,0.8827160493827161,0.7862950058072009
HCV,KNN,P-A,utama,14,0.926829268292683,0.7,1.0,0.4,0.5714285714285714,0.884567901234568,0.6798876135820182
HCV,KNN,P-A,utama,15,0.967479674796748,0.8666666666666667,1.0,0.7333333333333333,0.8461538461538461,0.9740740740740741,0.8670833333333333
HCV,KNN,P-A,utama,16,0.926829268292683,0.7,1.0,0.4,0.5714285714285714,0.8978395061728396,0.7043554006968642
HCV,KNN,P-A,utama,17,0.926829268292683,0.7287037037037036,0.875,0.4666666666666667,0.6086956521739131,0.8456790123456791,0.6118650545479813
HCV,KNN,P-A,utama,18,0.9105691056910569,0.6333333333333333,1.0,0.26666666666666666,0.42105263157894735,0.9080246913580247,0.7249268292682927
HCV,KNN,P-A,utama,19,0.943089430894309,0.7953703703703703,0.9,0.6,0.72,0.9058641975308642,0.6937403213317848
HCV,KNN,P-A,utama,20,0.926829268292683,0.7287037037037036,0.875,0.4666666666666667,0.6086956521739131,0.9706790123456791,0.8130555555555556
HCV,KNN,P-A,utama,21,0.926829268292683,0.7,1.0,0.4,0.5714285714285714,0.9138888888888889,0.7801490514905149
HCV,KNN,P-A,utama,22,0.9186991869918699,0.6953703703703704,0.8571428571428571,0.4,0.5454545454545454,0.9058641975308641,0.6698474641889276
HCV,KNN,P-A,utama,23,0.943089430894309,0.7666666666666666,1.0,0.5333333333333333,0.6956521739130435,0.8987654320987655,0.72870255891499
HCV,KNN,P-A,utama,24,0.943089430894309,0.7953703703703703,0.9,0.6,0.72,0.9358024691358025,0.7978523035230353
HCV,KNN,P-A,utama,25,0.943089430894309,0.7666666666666666,1.0,0.5333333333333333,0.6956521739130435,0.9135802469135802,0.7932782062863364
HCV,KNN,P-A,utama,26,0.943089430894309,0.7953703703703703,0.9,0.6,0.72,0.9104938271604939,0.7306885039864892
HCV,KNN,P-A,utama,27,0.9349593495934959,0.7333333333333334,1.0,0.4666666666666667,0.6363636363636364,0.9145061728395062,0.7970220296380028
HCV,KNN,P-A,utama,28,0.9349593495934959,0.7333333333333334,1.0,0.4666666666666667,0.6363636363636364,0.8848765432098765,0.7992268452096286
HCV,KNN,P-A,utama,29,0.9105691056910569,0.6907407407407408,0.75,0.4,0.5217391304347826,0.8833333333333334,0.5644307524750023
HCV,KNN,P-A,utama,30,0.943089430894309,0.7666666666666666,1.0,0.5333333333333333,0.6956521739130435,0.8549382716049383,0.6849963045084997
HCV,KNN,P-A,utama,31,0.9186991869918699,0.6953703703703704,0.8571428571428571,0.4,0.5454545454545454,0.8385802469135801,0.6200787667616936
HCV,KNN,P-A,utama,32,0.926829268292683,0.7287037037037036,0.875,0.4666666666666667,0.6086956521739131,0.9601851851851851,0.7693602693602692
HCV,KNN,P-A,utama,33,0.9349593495934959,0.7333333333333334,1.0,0.4666666666666667,0.6363636363636364,0.9123456790123456,0.7803005666420301
HCV,KNN,P-A,utama,34,0.926829268292683,0.7574074074074074,0.8,0.5333333333333333,0.64,0.8391975308641976,0.6622367199196467
HCV,KNN,P-A,utama,35,0.943089430894309,0.7953703703703703,0.9,0.6,0.72,0.9632716049382717,0.7225718725718726
HCV,KNN,P-A,utama,36,0.9186991869918699,0.6666666666666666,1.0,0.3333333333333333,0.5,0.8592592592592593,0.6243902439024391
HCV,KNN,P-A,utama,37,0.926829268292683,0.7,1.0,0.4,0.5714285714285714,0.8734567901234569,0.7622107567229519
HCV,KNN,P-A,utama,38,0.9349593495934959,0.7333333333333334,1.0,0.4666666666666667,0.6363636363636364,0.9185185185185185,0.8189268292682926
HCV,KNN,P-A,utama,39,0.9186991869918699,0.7240740740740741,0.7777777777777778,0.4666666666666667,0.5833333333333334,0.9271604938271605,0.7013239244946562
HCV,KNN,P-A,utama,40,0.9512195121951219,0.8,1.0,0.6,0.75,0.921604938271605,0.8457986241400876
HCV,KNN,P-A,utama,41,0.9349593495934959,0.7620370370370371,0.8888888888888888,0.5333333333333333,0.6666666666666666,0.9666666666666667,0.8146594146594146
HCV,KNN,P-A,utama,42,0.926829268292683,0.7,1.0,0.4,0.5714285714285714,0.9095679012345679,0.6710930442637759
HCV,KNN,P-A,utama,43,0.9024390243902439,0.6574074074074074,0.7142857142857143,0.3333333333333333,0.45454545454545453,0.9314814814814816,0.6463215194922513
HCV,KNN,P-A,utama,44,0.926829268292683,0.7,1.0,0.4,0.5714285714285714,0.9101851851851852,0.7607046070460705
HCV,KNN,P-A,utama,45,0.9512195121951219,0.8,1.0,0.6,0.75,0.987962962962963,0.9121933621933622
HCV,KNN,P-A,utama,46,0.9512195121951219,0.8287037037037037,0.9090909090909091,0.6666666666666666,0.7692307692307693,0.9141975308641976,0.8078186041600677
HCV,KNN,P-A,utama,47,0.926829268292683,0.7,1.0,0.4,0.5714285714285714,0.8475308641975309,0.7372822299651567
HCV,KNN,P-A,utama,48,0.8861788617886179,0.562037037037037,0.6666666666666666,0.13333333333333333,0.2222222222222222,0.7567901234567902,0.3545392953929539
HCV,KNN,P-A,utama,49,0.967479674796748,0.8666666666666667,1.0,0.7333333333333333,0.8461538461538461,0.9564814814814816,0.9097173828881147
HCV,KNN,P-C,utama,0,0.8943089430894309,0.8824074074074074,0.5416666666666666,0.8666666666666667,0.6666666666666666,0.9429012345679013,0.5701098901098901
HCV,KNN,P-C,utama,1,0.8211382113821138,0.7833333333333333,0.3793103448275862,0.7333333333333333,0.5,0.8864197530864197,0.6509141247427511
HCV,KNN,P-C,utama,2,0.9512195121951219,0.8861111111111111,0.8,0.8,0.8,0.9496913580246914,0.8670125568499553
HCV,KNN,P-C,utama,3,0.9105691056910569,0.8055555555555556,0.625,0.6666666666666666,0.6451612903225806,0.9228395061728395,0.6500229840557847
HCV,KNN,P-C,utama,4,0.926829268292683,0.8435185185185186,0.6875,0.7333333333333333,0.7096774193548387,0.8990740740740741,0.7933343796758431
HCV,KNN,P-C,utama,5,0.9105691056910569,0.8916666666666666,0.5909090909090909,0.8666666666666667,0.7027027027027027,0.980246913580247,0.8797699214365882
HCV,KNN,P-C,utama,6,0.9105691056910569,0.8629629629629629,0.6,0.8,0.6857142857142857,0.9234567901234568,0.7251671183378501
HCV,KNN,P-C,utama,7,0.9024390243902439,0.8870370370370371,0.5652173913043478,0.8666666666666667,0.6842105263157895,0.954320987654321,0.8374993081746088
HCV,KNN,P-C,utama,8,0.9349593495934959,0.8481481481481481,0.7333333333333333,0.7333333333333333,0.7333333333333333,0.9370370370370371,0.7296069619081285
HCV,KNN,P-C,utama,9,0.8699186991869918,0.9259259259259259,0.4838709677419355,1.0,0.6521739130434783,0.9595679012345679,0.7200234932682751
HCV,KNN,P-C,utama,10,0.9349593495934959,0.8768518518518519,0.7058823529411765,0.8,0.75,0.9382716049382717,0.7922808630527942
HCV,KNN,P-C,utama,11,0.9349593495934959,0.9342592592592593,0.6666666666666666,0.9333333333333333,0.7777777777777778,0.9734567901234568,0.7766369578134285
HCV,KNN,P-C,utama,12,0.8780487804878049,0.787037037037037,0.5,0.6666666666666666,0.5714285714285714,0.867283950617284,0.587237503578967
HCV,KNN,P-C,utama,13,0.8943089430894309,0.8537037037037037,0.5454545454545454,0.8,0.6486486486486487,0.8907407407407408,0.8008063214907135
HCV,KNN,P-C,utama,14,0.8699186991869918,0.8398148148148148,0.48,0.8,0.6,0.9077160493827161,0.6724040633574038
HCV,KNN,P-C,utama,15,0.9349593495934959,0.9342592592592593,0.6666666666666666,0.9333333333333333,0.7777777777777778,0.9737654320987653,0.7730417730417731
HCV,KNN,P-C,utama,16,0.9024390243902439,0.8870370370370371,0.5652173913043478,0.8666666666666667,0.6842105263157895,0.9623456790123457,0.7978464472217333
HCV,KNN,P-C,utama,17,0.9105691056910569,0.8342592592592593,0.6111111111111112,0.7333333333333333,0.6666666666666666,0.8388888888888889,0.661539454222381
HCV,KNN,P-C,utama,18,0.8780487804878049,0.7583333333333333,0.5,0.6,0.5454545454545454,0.8817901234567901,0.674569754244551
HCV,KNN,P-C,utama,19,0.8943089430894309,0.8537037037037037,0.5454545454545454,0.8,0.6486486486486487,0.8981481481481481,0.7092313889061856
HCV,KNN,P-C,utama,20,0.9105691056910569,0.8916666666666666,0.5909090909090909,0.8666666666666667,0.7027027027027027,0.9663580246913581,0.7435482558063203
HCV,KNN,P-C,utama,21,0.959349593495935,0.9194444444444445,0.8125,0.8666666666666667,0.8387096774193549,0.9583333333333334,0.9191576502231188
HCV,KNN,P-C,utama,22,0.8780487804878049,0.8444444444444444,0.5,0.8,0.6153846153846154,0.9543209876543209,0.6885288831109264
HCV,KNN,P-C,utama,23,0.9105691056910569,0.8629629629629629,0.6,0.8,0.6857142857142857,0.9651234567901235,0.8286243386243386
HCV,KNN,P-C,utama,24,0.926829268292683,0.9009259259259259,0.65,0.8666666666666667,0.7428571428571429,0.932716049382716,0.6893599923633813
HCV,KNN,P-C,utama,25,0.9349593495934959,0.8768518518518519,0.7058823529411765,0.8,0.75,0.9148148148148149,0.8376887340301975
HCV,KNN,P-C,utama,26,0.9024390243902439,0.8009259259259259,0.5882352941176471,0.6666666666666666,0.625,0.966358024691358,0.7599761349761349
HCV,KNN,P-C,utama,27,0.926829268292683,0.9009259259259259,0.65,0.8666666666666667,0.7428571428571429,0.9342592592592592,0.7644104286337918
HCV,KNN,P-C,utama,28,0.9105691056910569,0.8629629629629629,0.6,0.8,0.6857142857142857,0.8737654320987653,0.784390243902439
HCV,KNN,P-C,utama,29,0.8861788617886179,0.8490740740740741,0.5217391304347826,0.8,0.631578947368421,0.9172839506172838,0.653304554310231
HCV,KNN,P-C,utama,30,0.8943089430894309,0.825,0.55,0.7333333333333333,0.6285714285714286,0.8679012345679012,0.6583986311418467
HCV,KNN,P-C,utama,31,0.9105691056910569,0.8342592592592593,0.6111111111111112,0.7333333333333333,0.6666666666666666,0.8716049382716049,0.6984643179765131
HCV,KNN,P-C,utama,32,0.8943089430894309,0.8824074074074074,0.5416666666666666,0.8666666666666667,0.6666666666666666,0.975925925925926,0.8656349206349206
HCV,KNN,P-C,utama,33,0.9186991869918699,0.8675925925925927,0.631578947368421,0.8,0.7058823529411765,0.9089506172839507,0.7935675219089854
HCV,KNN,P-C,utama,34,0.926829268292683,0.8435185185185186,0.6875,0.7333333333333333,0.7096774193548387,0.8712962962962963,0.6497765732593567
HCV,KNN,P-C,utama,35,0.8780487804878049,0.9018518518518519,0.5,0.9333333333333333,0.6511627906976745,0.9799382716049383,0.8618307140887786
HCV,KNN,P-C,utama,36,0.8780487804878049,0.7296296296296296,0.5,0.5333333333333333,0.5161290322580645,0.8746913580246913,0.6609454845418499
HCV,KNN,P-C,utama,37,0.8617886178861789,0.8351851851851853,0.46153846153846156,0.8,0.5853658536585366,0.8941358024691359,0.7478951942366576
HCV,KNN,P-C,utama,38,0.926829268292683,0.8722222222222222,0.6666666666666666,0.8,0.7272727272727273,0.9339506172839507,0.8260248181429183
HCV,KNN,P-C,utama,39,0.926829268292683,0.9009259259259259,0.65,0.8666666666666667,0.7428571428571429,0.9395061728395061,0.7319287517661501
HCV,KNN,P-C,utama,40,0.926829268292683,0.8722222222222222,0.6666666666666666,0.8,0.7272727272727273,0.9490740740740742,0.8757291488998806
HCV,KNN,P-C,utama,41,0.8861788617886179,0.8490740740740741,0.5217391304347826,0.8,0.631578947368421,0.9472222222222222,0.8198667837798272
HCV,KNN,P-C,utama,42,0.8699186991869918,0.8398148148148148,0.48,0.8,0.6,0.905246913580247,0.5409335001042318
HCV,KNN,P-C,utama,43,0.9105691056910569,0.8342592592592593,0.6111111111111112,0.7333333333333333,0.6666666666666666,0.931172839506173,0.6779012052386035
HCV,KNN,P-C,utama,44,0.9349593495934959,0.8481481481481481,0.7333333333333333,0.7333333333333333,0.7333333333333333,0.8996913580246915,0.6438897922312556
HCV,KNN,P-C,utama,45,0.9186991869918699,0.8962962962962964,0.6190476190476191,0.8666666666666667,0.7222222222222222,0.9790123456790123,0.9028188286808977
HCV,KNN,P-C,utama,46,0.943089430894309,0.9101851851851852,0.7222222222222222,0.8666666666666667,0.7878787878787878,0.9820987654320987,0.9007966490725112
HCV,KNN,P-C,utama,47,0.9105691056910569,0.8342592592592593,0.6111111111111112,0.7333333333333333,0.6666666666666666,0.8641975308641976,0.6631107826229777
HCV,KNN,P-C,utama,48,0.8699186991869918,0.6962962962962963,0.4666666666666667,0.4666666666666667,0.4666666666666667,0.7527777777777777,0.3749639681860477
HCV,KNN,P-C,utama,49,0.8943089430894309,0.9111111111111111,0.5384615384615384,0.9333333333333333,0.6829268292682927,0.9401234567901234,0.7481941838649157
HCV,RF,P-A,utama,0,0.943089430894309,0.8814814814814815,0.75,0.8,0.7741935483870968,0.9888888888888889,0.9303229793941867
HCV,RF,P-A,utama,1,0.9349593495934959,0.8481481481481481,0.7333333333333333,0.7333333333333333,0.7333333333333333,0.9623456790123457,0.8774291938997821
HCV,RF,P-A,utama,2,0.967479674796748,0.8953703703703704,0.9230769230769231,0.8,0.8571428571428571,0.9404320987654322,0.9144792876500194
HCV,RF,P-A,utama,3,0.926829268292683,0.7574074074074074,0.8,0.5333333333333333,0.64,0.9824074074074075,0.885599619964945
HCV,RF,P-A,utama,4,0.967479674796748,0.8953703703703704,0.9230769230769231,0.8,0.8571428571428571,0.9734567901234568,0.9162581699346405
HCV,RF,P-A,utama,5,0.967479674796748,0.8666666666666667,1.0,0.7333333333333333,0.8461538461538461,0.9382716049382716,0.8970723408925656
HCV,RF,P-A,utama,6,0.9512195121951219,0.8574074074074074,0.8461538461538461,0.7333333333333333,0.7857142857142857,0.9876543209876543,0.9271455505279034
HCV,RF,P-A,utama,7,0.959349593495935,0.8620370370370369,0.9166666666666666,0.7333333333333333,0.8148148148148148,0.95,0.8981318681318681
HCV,RF,P-A,utama,8,0.943089430894309,0.7953703703703703,0.9,0.6,0.72,0.9919753086419754,0.9433956892780422
HCV,RF,P-A,utama,9,0.943089430894309,0.8527777777777777,0.7857142857142857,0.7333333333333333,0.7586206896551724,0.9888888888888889,0.9223330811488706
HCV,RF,P-A,utama,10,0.975609756097561,0.9,1.0,0.8,0.8888888888888888,0.9959876543209877,0.975
HCV,RF,P-A,utama,11,0.9349593495934959,0.8768518518518519,0.7058823529411765,0.8,0.75,0.9858024691358025,0.9227375201288244
HCV,RF,P-A,utama,12,0.943089430894309,0.7953703703703703,0.9,0.6,0.72,0.9302469135802469,0.8258394589288898
HCV,RF,P-A,utama,13,0.967479674796748,0.8666666666666667,1.0,0.7333333333333333,0.8461538461538461,0.9555555555555556,0.9015899660112183
HCV,RF,P-A,utama,14,0.9186991869918699,0.7527777777777778,0.7272727272727273,0.5333333333333333,0.6153846153846154,0.942283950617284,0.7807304108308412
HCV,RF,P-A,utama,15,0.983739837398374,0.9333333333333333,1.0,0.8666666666666667,0.9285714285714286,0.9950617283950618,0.9711500974658869
HCV,RF,P-A,utama,16,0.959349593495935,0.8620370370370369,0.9166666666666666,0.7333333333333333,0.8148148148148148,0.9703703703703703,0.9229807442102523
HCV,RF,P-A,utama,17,0.959349593495935,0.8333333333333333,1.0,0.6666666666666666,0.8,0.9916666666666667,0.9464312648136177
HCV,RF,P-A,utama,18,0.943089430894309,0.7953703703703703,0.9,0.6,0.72,0.9425925925925925,0.8330447120708748
HCV,RF,P-A,utama,19,0.959349593495935,0.8907407407407408,0.8571428571428571,0.8,0.8275862068965517,0.9296296296296297,0.8792566467715681
HCV,RF,P-A,utama,20,0.9512195121951219,0.8861111111111111,0.8,0.8,0.8,0.9669753086419753,0.9001759205706574
HCV,RF,P-A,utama,21,0.975609756097561,0.9,1.0,0.8,0.8888888888888888,0.9447530864197531,0.9266485998193315
HCV,RF,P-A,utama,22,0.943089430894309,0.7953703703703703,0.9,0.6,0.72,0.9759259259259259,0.8761133502512812
HCV,RF,P-A,utama,23,0.9512195121951219,0.8574074074074074,0.8461538461538461,0.7333333333333333,0.7857142857142857,0.9910493827160494,0.9403844578767179
HCV,RF,P-A,utama,24,0.967479674796748,0.8953703703703704,0.9230769230769231,0.8,0.8571428571428571,0.991358024691358,0.954346405228758
HCV,RF,P-A,utama,25,0.959349593495935,0.8620370370370369,0.9166666666666666,0.7333333333333333,0.8148148148148148,0.9796296296296296,0.9196302880126408
HCV,RF,P-A,utama,26,0.9512195121951219,0.8574074074074074,0.8461538461538461,0.7333333333333333,0.7857142857142857,0.9907407407407408,0.9338935685917109
HCV,RF,P-A,utama,27,0.943089430894309,0.7953703703703703,0.9,0.6,0.72,0.941358024691358,0.8331713221419104
HCV,RF,P-A,utama,28,0.975609756097561,0.9,1.0,0.8,0.8888888888888888,0.9515432098765433,0.9084021005251313
HCV,RF,P-A,utama,29,0.943089430894309,0.8240740740740741,0.8333333333333334,0.6666666666666666,0.7407407407407407,0.9679012345679012,0.8706554166381999
HCV,RF,P-A,utama,30,0.959349593495935,0.8620370370370369,0.9166666666666666,0.7333333333333333,0.8148148148148148,0.9827160493827161,0.9287280040221217
HCV,RF,P-A,utama,31,0.943089430894309,0.7953703703703703,0.9,0.6,0.72,0.9064814814814816,0.8298049249756567
HCV,RF,P-A,utama,32,0.967479674796748,0.8953703703703704,0.9230769230769231,0.8,0.8571428571428571,0.9895061728395061,0.9416395294255706
HCV,RF,P-A,utama,33,0.943089430894309,0.8527777777777777,0.7857142857142857,0.7333333333333333,0.7586206896551724,0.9888888888888889,0.928540746033006
HCV,RF,P-A,utama,34,0.9512195121951219,0.8574074074074074,0.8461538461538461,0.7333333333333333,0.7857142857142857,0.9679012345679012,0.8786511527687999
HCV,RF,P-A,utama,35,0.943089430894309,0.9388888888888889,0.7,0.9333333333333333,0.8,0.9666666666666666,0.9078207689609419
HCV,RF,P-A,utama,36,0.943089430894309,0.7953703703703703,0.9,0.6,0.72,0.8617283950617285,0.7987837259947546
HCV,RF,P-A,utama,37,0.959349593495935,0.8333333333333333,1.0,0.6666666666666666,0.8,0.9530864197530865,0.9062406296851574
HCV,RF,P-A,utama,38,0.983739837398374,0.9333333333333333,1.0,0.8666666666666667,0.9285714285714286,0.9987654320987656,0.9916666666666667
HCV,RF,P-A,utama,39,0.926829268292683,0.7861111111111111,0.75,0.6,0.6666666666666666,0.9771604938271605,0.8840692331404405
HCV,RF,P-A,utama,40,0.975609756097561,0.9,1.0,0.8,0.8888888888888888,0.9907407407407408,0.9494967793880837
HCV,RF,P-A,utama,41,0.967479674796748,0.8666666666666667,1.0,0.7333333333333333,0.8461538461538461,0.9419753086419753,0.8988766788766789
HCV,RF,P-A,utama,42,0.959349593495935,0.8620370370370369,0.9166666666666666,0.7333333333333333,0.8148148148148148,0.9222222222222224,0.8510635308254356
HCV,RF,P-A,utama,43,0.959349593495935,0.9194444444444445,0.8125,0.8666666666666667,0.8387096774193549,0.9895061728395061,0.936363523754828
HCV,RF,P-A,utama,44,0.9512195121951219,0.8574074074074074,0.8461538461538461,0.7333333333333333,0.7857142857142857,0.9919753086419753,0.942394468276821
HCV,RF,P-A,utama,45,0.975609756097561,0.9287037037037037,0.9285714285714286,0.8666666666666667,0.896551724137931,0.9756172839506173,0.9419841269841269
HCV,RF,P-A,utama,46,0.983739837398374,0.962037037037037,0.9333333333333333,0.9333333333333333,0.9333333333333333,0.9975308641975308,0.981498778998779
HCV,RF,P-A,utama,47,0.967479674796748,0.8666666666666667,1.0,0.7333333333333333,0.8461538461538461,0.9354938271604939,0.8632478632478633
HCV,RF,P-A,utama,48,0.9105691056910569,0.6907407407407408,0.75,0.4,0.5217391304347826,0.975925925925926,0.8429811854811855
HCV,RF,P-A,utama,49,0.9512195121951219,0.8861111111111111,0.8,0.8,0.8,0.9611111111111112,0.9050749457839009
HCV,RF,P-B,utama,0,0.983739837398374,0.9907407407407407,0.8823529411764706,1.0,0.9375,1.0,1.0
HCV,RF,P-B,utama,1,0.9512195121951219,0.9148148148148147,0.7647058823529411,0.8666666666666667,0.8125,0.9765432098765432,0.8615194022610901
HCV,RF,P-B,utama,2,0.991869918699187,0.9666666666666667,1.0,0.9333333333333333,0.9655172413793104,0.9722222222222221,0.95
HCV,RF,P-B,utama,3,0.943089430894309,0.8527777777777777,0.7857142857142857,0.7333333333333333,0.7586206896551724,0.9641975308641976,0.820034817034817
HCV,RF,P-B,utama,4,0.967479674796748,0.9527777777777777,0.8235294117647058,0.9333333333333333,0.875,0.9830246913580247,0.9565891472868215
HCV,RF,P-B,utama,5,0.9512195121951219,0.8574074074074074,0.8461538461538461,0.7333333333333333,0.7857142857142857,0.9564814814814815,0.88997113997114
HCV,RF,P-B,utama,6,0.975609756097561,0.9574074074074075,0.875,0.9333333333333333,0.9032258064516129,0.9916666666666667,0.9408241758241758
HCV,RF,P-B,utama,7,0.943089430894309,0.9101851851851852,0.7222222222222222,0.8666666666666667,0.7878787878787878,0.9808641975308643,0.9333333333333333
HCV,RF,P-B,utama,8,0.943089430894309,0.8814814814814815,0.75,0.8,0.7741935483870968,0.9771604938271605,0.8815173237753883
HCV,RF,P-B,utama,9,0.959349593495935,0.9194444444444445,0.8125,0.8666666666666667,0.8387096774193549,0.987962962962963,0.9200171904119272
HCV,RF,P-B,utama,10,0.975609756097561,0.9287037037037037,0.9285714285714286,0.8666666666666667,0.896551724137931,0.9975308641975309,0.9817765567765567
HCV,RF,P-B,utama,11,0.943089430894309,0.9101851851851852,0.7222222222222222,0.8666666666666667,0.7878787878787878,0.9839506172839506,0.9378136200716847
HCV,RF,P-B,utama,12,0.959349593495935,0.8907407407407408,0.8571428571428571,0.8,0.8275862068965517,0.9487654320987654,0.8934338863750628
HCV,RF,P-B,utama,13,0.959349593495935,0.9194444444444445,0.8125,0.8666666666666667,0.8387096774193549,0.9753086419753088,0.9229601316557838
HCV,RF,P-B,utama,14,0.9186991869918699,0.8101851851851851,0.6666666666666666,0.6666666666666666,0.6666666666666666,0.9537037037037036,0.8043752044387841
HCV,RF,P-B,utama,15,0.983739837398374,0.9907407407407407,0.8823529411764706,1.0,0.9375,0.9999999999999999,1.0
HCV,RF,P-B,utama,16,0.959349593495935,0.8907407407407408,0.8571428571428571,0.8,0.8275862068965517,0.9858024691358025,0.9357303807303807
HCV,RF,P-B,utama,17,0.967479674796748,0.924074074074074,0.8666666666666667,0.8666666666666667,0.8666666666666667,0.995679012345679,0.9716666666666667
HCV,RF,P-B,utama,18,0.943089430894309,0.8814814814814815,0.75,0.8,0.7741935483870968,0.9469135802469136,0.817058682058682
HCV,RF,P-B,utama,19,0.9186991869918699,0.8962962962962964,0.6190476190476191,0.8666666666666667,0.7222222222222222,0.95,0.8799302744039585
HCV,RF,P-B,utama,20,0.959349593495935,0.9194444444444445,0.8125,0.8666666666666667,0.8387096774193549,0.9753086419753086,0.9149074074074073
HCV,RF,P-B,utama,21,0.975609756097561,0.9,1.0,0.8,0.8888888888888888,0.9611111111111111,0.9217391304347826
HCV,RF,P-B,utama,22,0.9512195121951219,0.8574074074074074,0.8461538461538461,0.7333333333333333,0.7857142857142857,0.9882716049382716,0.9236283015230382
HCV,RF,P-B,utama,23,0.959349593495935,0.9481481481481482,0.7777777777777778,0.9333333333333333,0.8484848484848485,0.9938271604938271,0.95921888053467
HCV,RF,P-B,utama,24,0.967479674796748,0.9527777777777777,0.8235294117647058,0.9333333333333333,0.875,0.9941358024691358,0.9553496503496504
HCV,RF,P-B,utama,25,0.991869918699187,0.9666666666666667,1.0,0.9333333333333333,0.9655172413793104,0.9944444444444445,0.975
HCV,RF,P-B,utama,26,0.975609756097561,0.9861111111111112,0.8333333333333334,1.0,0.9090909090909091,0.991358024691358,0.933805742188095
HCV,RF,P-B,utama,27,0.943089430894309,0.8240740740740741,0.8333333333333334,0.6666666666666666,0.7407407407407407,0.9592592592592593,0.8823545735310441
HCV,RF,P-B,utama,28,0.9512195121951219,0.9148148148148147,0.7647058823529411,0.8666666666666667,0.8125,0.9524691358024692,0.9064957264957265
HCV,RF,P-B,utama,29,0.959349593495935,0.8907407407407408,0.8571428571428571,0.8,0.8275862068965517,0.9679012345679013,0.843405117917313
HCV,RF,P-B,utama,30,0.9186991869918699,0.8675925925925927,0.631578947368421,0.8,0.7058823529411765,0.9722222222222222,0.8926471007672342
HCV,RF,P-B,utama,31,0.9512195121951219,0.8287037037037037,0.9090909090909091,0.6666666666666666,0.7692307692307693,0.9490740740740741,0.8523816392810013
HCV,RF,P-B,utama,32,0.975609756097561,0.9574074074074075,0.875,0.9333333333333333,0.9032258064516129,0.9962962962962962,0.9788888888888889
HCV,RF,P-B,utama,33,0.9512195121951219,0.8861111111111111,0.8,0.8,0.8,0.9885802469135802,0.9274907353854722
HCV,RF,P-B,utama,34,0.9512195121951219,0.8574074074074074,0.8461538461538461,0.7333333333333333,0.7857142857142857,0.9768518518518519,0.8920083184789067
HCV,RF,P-B,utama,35,0.9349593495934959,0.9055555555555556,0.6842105263157895,0.8666666666666667,0.7647058823529411,0.9728395061728394,0.9009026920791626
HCV,RF,P-B,utama,36,0.9512195121951219,0.8861111111111111,0.8,0.8,0.8,0.9302469135802469,0.8432647907647908
HCV,RF,P-B,utama,37,0.959349593495935,0.8907407407407408,0.8571428571428571,0.8,0.8275862068965517,0.9512345679012345,0.8907967032967032
HCV,RF,P-B,utama,38,0.975609756097561,0.9287037037037037,0.9285714285714286,0.8666666666666667,0.896551724137931,0.9941358024691358,0.9637163561076604
HCV,RF,P-B,utama,39,0.9512195121951219,0.8861111111111111,0.8,0.8,0.8,0.9808641975308642,0.8908615340706725
HCV,RF,P-B,utama,40,0.975609756097561,0.9287037037037037,0.9285714285714286,0.8666666666666667,0.896551724137931,0.9851851851851853,0.9314463314463315
HCV,RF,P-B,utama,41,0.975609756097561,0.9,1.0,0.8,0.8888888888888888,0.9518518518518518,0.9132827606723188
HCV,RF,P-B,utama,42,0.926829268292683,0.8435185185185186,0.6875,0.7333333333333333,0.7096774193548387,0.9530864197530865,0.850294476765065
HCV,RF,P-B,utama,43,0.959349593495935,0.8907407407407408,0.8571428571428571,0.8,0.8275862068965517,0.9919753086419753,0.9508903133903134
HCV,RF,P-B,utama,44,0.975609756097561,0.9574074074074075,0.875,0.9333333333333333,0.9032258064516129,0.995679012345679,0.9683778639660993
HCV,RF,P-B,utama,45,0.967479674796748,0.924074074074074,0.8666666666666667,0.8666666666666667,0.8666666666666667,0.987037037037037,0.9496498599439775
HCV,RF,P-B,utama,46,0.975609756097561,0.9574074074074075,0.875,0.9333333333333333,0.9032258064516129,0.9975308641975309,0.9838235294117647
HCV,RF,P-B,utama,47,0.975609756097561,0.9,1.0,0.8,0.8888888888888888,0.9632716049382717,0.917782227307399
HCV,RF,P-B,utama,48,0.967479674796748,0.8953703703703704,0.9230769230769231,0.8,0.8571428571428571,0.9839506172839506,0.9235162180814355
HCV,RF,P-B,utama,49,0.943089430894309,0.9388888888888889,0.7,0.9333333333333333,0.8,0.9598765432098766,0.8787591891539259
HCV,RF,P-C,utama,0,0.975609756097561,0.9861111111111112,0.8333333333333334,1.0,0.9090909090909091,1.0,1.0
HCV,RF,P-C,utama,1,0.943089430894309,0.9388888888888889,0.7,0.9333333333333333,0.8,0.9790123456790123,0.8807835057099763
HCV,RF,P-C,utama,2,0.959349593495935,0.9194444444444445,0.8125,0.8666666666666667,0.8387096774193549,0.9679012345679012,0.9367201426024956
HCV,RF,P-C,utama,3,0.9349593495934959,0.8481481481481481,0.7333333333333333,0.7333333333333333,0.7333333333333333,0.9648148148148148,0.8091045555751437
HCV,RF,P-C,utama,4,0.975609756097561,0.9287037037037037,0.9285714285714286,0.8666666666666667,0.896551724137931,0.9799382716049383,0.9412457912457912
HCV,RF,P-C,utama,5,0.967479674796748,0.924074074074074,0.8666666666666667,0.8666666666666667,0.8666666666666667,0.9712962962962963,0.9097215856039385
HCV,RF,P-C,utama,6,0.967479674796748,0.9527777777777777,0.8235294117647058,0.9333333333333333,0.875,0.9901234567901234,0.9287709311622356
HCV,RF,P-C,utama,7,0.959349593495935,0.9194444444444445,0.8125,0.8666666666666667,0.8387096774193549,0.9771604938271605,0.9313687600644122
HCV,RF,P-C,utama,8,0.926829268292683,0.8148148148148148,0.7142857142857143,0.6666666666666666,0.6896551724137931,0.9654320987654321,0.8394111595825182
HCV,RF,P-C,utama,9,0.9512195121951219,0.9148148148148147,0.7647058823529411,0.8666666666666667,0.8125,0.9858024691358025,0.9168203708915783
HCV,RF,P-C,utama,10,0.9349593495934959,0.9055555555555556,0.6842105263157895,0.8666666666666667,0.7647058823529411,0.9888888888888888,0.9405722779635823
HCV,RF,P-C,utama,11,0.9349593495934959,0.9055555555555556,0.6842105263157895,0.8666666666666667,0.7647058823529411,0.9842592592592592,0.9262834699866184
HCV,RF,P-C,utama,12,0.967479674796748,0.8666666666666667,1.0,0.7333333333333333,0.8461538461538461,0.9660493827160495,0.8987164881901724
HCV,RF,P-C,utama,13,0.967479674796748,0.9527777777777777,0.8235294117647058,0.9333333333333333,0.875,0.9734567901234568,0.9305464420891723
HCV,RF,P-C,utama,14,0.926829268292683,0.7861111111111111,0.75,0.6,0.6666666666666666,0.9561728395061728,0.7518269552085342
HCV,RF,P-C,utama,15,0.983739837398374,0.9907407407407407,0.8823529411764706,1.0,0.9375,0.9987654320987654,0.9916666666666667
HCV,RF,P-C,utama,16,0.975609756097561,0.9287037037037037,0.9285714285714286,0.8666666666666667,0.896551724137931,0.9901234567901235,0.9538437597261127
HCV,RF,P-C,utama,17,0.983739837398374,0.962037037037037,0.9333333333333333,0.9333333333333333,0.9333333333333333,0.9950617283950617,0.968998778998779
HCV,RF,P-C,utama,18,0.943089430894309,0.8814814814814815,0.75,0.8,0.7741935483870968,0.9456790123456791,0.8114423376188082
HCV,RF,P-C,utama,19,0.9349593495934959,0.8768518518518519,0.7058823529411765,0.8,0.75,0.9490740740740741,0.8850440917107583
HCV,RF,P-C,utama,20,0.9512195121951219,0.9148148148148147,0.7647058823529411,0.8666666666666667,0.8125,0.9722222222222222,0.9126851851851852
HCV,RF,P-C,utama,21,0.967479674796748,0.8666666666666667,1.0,0.7333333333333333,0.8461538461538461,0.9604938271604938,0.904111979974049
HCV,RF,P-C,utama,22,0.9512195121951219,0.9148148148148147,0.7647058823529411,0.8666666666666667,0.8125,0.9882716049382716,0.9265143044090411
HCV,RF,P-C,utama,23,0.959349593495935,0.9481481481481482,0.7777777777777778,0.9333333333333333,0.8484848484848485,0.9907407407407408,0.9336036186036185
HCV,RF,P-C,utama,24,0.959349593495935,0.9481481481481482,0.7777777777777778,0.9333333333333333,0.8484848484848485,0.9910493827160494,0.9336036186036185
HCV,RF,P-C,utama,25,0.967479674796748,0.9527777777777777,0.8235294117647058,0.9333333333333333,0.875,0.9938271604938271,0.9627289377289378
HCV,RF,P-C,utama,26,0.967479674796748,0.9527777777777777,0.8235294117647058,0.9333333333333333,0.875,0.9888888888888888,0.9118894177717707
HCV,RF,P-C,utama,27,0.959349593495935,0.8620370370370369,0.9166666666666666,0.7333333333333333,0.8148148148148148,0.9604938271604938,0.8875078227762325
HCV,RF,P-C,utama,28,0.9105691056910569,0.8916666666666666,0.5909090909090909,0.8666666666666667,0.7027027027027027,0.9456790123456791,0.8798844500810259
HCV,RF,P-C,utama,29,0.926829268292683,0.8722222222222222,0.6666666666666666,0.8,0.7272727272727273,0.9648148148148148,0.8333006606314877
HCV,RF,P-C,utama,30,0.9512195121951219,0.8861111111111111,0.8,0.8,0.8,0.9746913580246913,0.8986192696192696
HCV,RF,P-C,utama,31,0.9512195121951219,0.8287037037037037,0.9090909090909091,0.6666666666666666,0.7692307692307693,0.9506172839506173,0.8385441247205953
HCV,RF,P-C,utama,32,0.967479674796748,0.9527777777777777,0.8235294117647058,0.9333333333333333,0.875,0.9962962962962962,0.9788888888888889
HCV,RF,P-C,utama,33,0.967479674796748,0.9527777777777777,0.8235294117647058,0.9333333333333333,0.875,0.991358024691358,0.9439499389499388
HCV,RF,P-C,utama,34,0.943089430894309,0.8527777777777777,0.7857142857142857,0.7333333333333333,0.7586206896551724,0.9783950617283951,0.9007770785659802
HCV,RF,P-C,utama,35,0.9186991869918699,0.8962962962962964,0.6190476190476191,0.8666666666666667,0.7222222222222222,0.9746913580246913,0.9067134674111418
HCV,RF,P-C,utama,36,0.943089430894309,0.8240740740740741,0.8333333333333334,0.6666666666666666,0.7407407407407407,0.9197530864197531,0.8211213511027026
HCV,RF,P-C,utama,37,0.943089430894309,0.8527777777777777,0.7857142857142857,0.7333333333333333,0.7586206896551724,0.9601851851851851,0.8872590716243967
HCV,RF,P-C,utama,38,0.959349593495935,0.9194444444444445,0.8125,0.8666666666666667,0.8387096774193549,0.9907407407407408,0.9498989898989898
HCV,RF,P-C,utama,39,0.9349593495934959,0.9342592592592593,0.6666666666666666,0.9333333333333333,0.7777777777777778,0.980246913580247,0.8595335057099762
HCV,RF,P-C,utama,40,0.967479674796748,0.924074074074074,0.8666666666666667,0.8666666666666667,0.8666666666666667,0.9833333333333334,0.9228074539839245
HCV,RF,P-C,utama,41,0.959349593495935,0.8907407407407408,0.8571428571428571,0.8,0.8275862068965517,0.9759259259259261,0.9281771805400025
HCV,RF,P-C,utama,42,0.9024390243902439,0.8870370370370371,0.5652173913043478,0.8666666666666667,0.6842105263157895,0.9623456790123457,0.8215783090783091
HCV,RF,P-C,utama,43,0.967479674796748,0.8953703703703704,0.9230769230769231,0.8,0.8571428571428571,0.9932098765432098,0.9592975651799182
HCV,RF,P-C,utama,44,0.9512195121951219,0.9435185185185185,0.7368421052631579,0.9333333333333333,0.8235294117647058,0.9901234567901235,0.9246048396048396
HCV,RF,P-C,utama,45,0.975609756097561,0.9287037037037037,0.9285714285714286,0.8666666666666667,0.896551724137931,0.9790123456790124,0.9415146909827761
HCV,RF,P-C,utama,46,0.975609756097561,0.9574074074074075,0.875,0.9333333333333333,0.9032258064516129,0.9950617283950617,0.9677414690572586
HCV,RF,P-C,utama,47,0.975609756097561,0.9,1.0,0.8,0.8888888888888888,0.9404320987654322,0.924241192411924
HCV,RF,P-C,utama,48,0.967479674796748,0.8953703703703704,0.9230769230769231,0.8,0.8571428571428571,0.9814814814814815,0.9177022499603145
HCV,RF,P-C,utama,49,0.9349593495934959,0.8768518518518519,0.7058823529411765,0.8,0.75,0.9626543209876544,0.8123450188156072
HCV,GB,P-A,utama,0,0.967479674796748,0.924074074074074,0.8666666666666667,0.8666666666666667,0.8666666666666667,0.9919753086419753,0.9404286563110091
HCV,GB,P-A,utama,1,0.943089430894309,0.8814814814814815,0.75,0.8,0.7741935483870968,0.9771604938271605,0.9034965034965035
HCV,GB,P-A,utama,2,0.967479674796748,0.8953703703703704,0.9230769230769231,0.8,0.8571428571428571,0.980246913580247,0.9319005847953217
HCV,GB,P-A,utama,3,0.9512195121951219,0.8861111111111111,0.8,0.8,0.8,0.9808641975308643,0.9089486461251166
HCV,GB,P-A,utama,4,0.9512195121951219,0.8861111111111111,0.8,0.8,0.8,0.9262345679012346,0.8953492179376562
HCV,GB,P-A,utama,5,0.959349593495935,0.8620370370370369,0.9166666666666666,0.7333333333333333,0.8148148148148148,0.9543209876543209,0.9018876678876678
HCV,GB,P-A,utama,6,0.959349593495935,0.8907407407407408,0.8571428571428571,0.8,0.8275862068965517,0.9820987654320987,0.9247882526829895
HCV,GB,P-A,utama,7,0.959349593495935,0.8907407407407408,0.8571428571428571,0.8,0.8275862068965517,0.9734567901234568,0.8986252593669473
HCV,GB,P-A,utama,8,0.943089430894309,0.7953703703703703,0.9,0.6,0.72,0.9759259259259259,0.8644277676514518
HCV,GB,P-A,utama,9,0.9349593495934959,0.8194444444444444,0.7692307692307693,0.6666666666666666,0.7142857142857143,0.980246913580247,0.8530210944836062
HCV,GB,P-A,utama,10,0.975609756097561,0.9287037037037037,0.9285714285714286,0.8666666666666667,0.896551724137931,0.9969135802469136,0.9778223084105436
HCV,GB,P-A,utama,11,0.9512195121951219,0.9148148148148147,0.7647058823529411,0.8666666666666667,0.8125,0.9932098765432099,0.9586500974658869
HCV,GB,P-A,utama,12,0.9349593495934959,0.8194444444444444,0.7692307692307693,0.6666666666666666,0.7142857142857143,0.9530864197530865,0.8579142300194931
HCV,GB,P-A,utama,13,0.983739837398374,0.9333333333333333,1.0,0.8666666666666667,0.9285714285714286,0.9814814814814815,0.9374269005847953
HCV,GB,P-A,utama,14,0.9186991869918699,0.7814814814814814,0.6923076923076923,0.6,0.6428571428571429,0.9660493827160493,0.8391746969920344
HCV,GB,P-A,utama,15,0.983739837398374,0.962037037037037,0.9333333333333333,0.9333333333333333,0.9333333333333333,0.9981481481481481,0.9866269841269841
HCV,GB,P-A,utama,16,0.959349593495935,0.8333333333333333,1.0,0.6666666666666666,0.8,0.9697530864197531,0.9146765271765271
HCV,GB,P-A,utama,17,0.967479674796748,0.8666666666666667,1.0,0.7333333333333333,0.8461538461538461,1.0,1.0
HCV,GB,P-A,utama,18,0.9186991869918699,0.7240740740740741,0.7777777777777778,0.4666666666666667,0.5833333333333334,0.95,0.8080602636534839
HCV,GB,P-A,utama,19,0.9512195121951219,0.8861111111111111,0.8,0.8,0.8,0.9561728395061729,0.8962173533380964
HCV,GB,P-A,utama,20,0.959349593495935,0.9194444444444445,0.8125,0.8666666666666667,0.8387096774193549,0.962962962962963,0.9074757758581287
HCV,GB,P-A,utama,21,0.983739837398374,0.9333333333333333,1.0,0.8666666666666667,0.9285714285714286,0.9598765432098766,0.9142351900972591
HCV,GB,P-A,utama,22,0.943089430894309,0.7953703703703703,0.9,0.6,0.72,0.9685185185185186,0.8675032553653244
HCV,GB,P-A,utama,23,0.959349593495935,0.8907407407407408,0.8571428571428571,0.8,0.8275862068965517,0.9938271604938271,0.9617002063983489
HCV,GB,P-A,utama,24,0.983739837398374,0.9333333333333333,1.0,0.8666666666666667,0.9285714285714286,0.995679012345679,0.9765079365079364
HCV,GB,P-A,utama,25,0.959349593495935,0.8907407407407408,0.8571428571428571,0.8,0.8275862068965517,0.9919753086419754,0.9550841750841751
HCV,GB,P-A,utama,26,0.959349593495935,0.8907407407407408,0.8571428571428571,0.8,0.8275862068965517,0.9950617283950617,0.9642508798391152
HCV,GB,P-A,utama,27,0.959349593495935,0.8620370370370369,0.9166666666666666,0.7333333333333333,0.8148148148148148,0.9697530864197531,0.8693734505296372
HCV,GB,P-A,utama,28,0.9512195121951219,0.8574074074074074,0.8461538461538461,0.7333333333333333,0.7857142857142857,0.9592592592592593,0.8944107744107743
HCV,GB,P-A,utama,29,0.9349593495934959,0.8194444444444444,0.7692307692307693,0.6666666666666666,0.7142857142857143,0.9364197530864198,0.8429753579753578
HCV,GB,P-A,utama,30,0.959349593495935,0.8907407407407408,0.8571428571428571,0.8,0.8275862068965517,0.9895061728395061,0.9377686202686203
HCV,GB,P-A,utama,31,0.9512195121951219,0.8287037037037037,0.9090909090909091,0.6666666666666666,0.7692307692307693,0.967283950617284,0.8667492529257236
HCV,GB,P-A,utama,32,0.959349593495935,0.9481481481481482,0.7777777777777778,0.9333333333333333,0.8484848484848485,0.9925925925925926,0.9496438259596154
HCV,GB,P-A,utama,33,0.959349593495935,0.8907407407407408,0.8571428571428571,0.8,0.8275862068965517,0.9814814814814815,0.9034567475946785
HCV,GB,P-A,utama,34,0.9512195121951219,0.8287037037037037,0.9090909090909091,0.6666666666666666,0.7692307692307693,0.9666666666666668,0.887304856343758
HCV,GB,P-A,utama,35,0.926829268292683,0.9296296296296296,0.6363636363636364,0.9333333333333333,0.7567567567567568,0.9574074074074075,0.8880976952184382
HCV,GB,P-A,utama,36,0.9349593495934959,0.7907407407407407,0.8181818181818182,0.6,0.6923076923076923,0.9222222222222224,0.7936531440162271
HCV,GB,P-A,utama,37,0.959349593495935,0.8333333333333333,1.0,0.6666666666666666,0.8,0.9444444444444444,0.9166584846997217
HCV,GB,P-A,utama,38,0.983739837398374,0.9333333333333333,1.0,0.8666666666666667,0.9285714285714286,0.9956790123456791,0.9742002063983488
HCV,GB,P-A,utama,39,0.9512195121951219,0.8287037037037037,0.9090909090909091,0.6666666666666666,0.7692307692307693,0.9796296296296296,0.9029737854737854
HCV,GB,P-A,utama,40,0.983739837398374,0.9333333333333333,1.0,0.8666666666666667,0.9285714285714286,0.9814814814814815,0.9555555555555555
HCV,GB,P-A,utama,41,0.959349593495935,0.8620370370370369,0.9166666666666666,0.7333333333333333,0.8148148148148148,0.982716049382716,0.9255836755836755
HCV,GB,P-A,utama,42,0.959349593495935,0.8620370370370369,0.9166666666666666,0.7333333333333333,0.8148148148148148,0.9691358024691359,0.8952836251557479
HCV,GB,P-A,utama,43,0.967479674796748,0.924074074074074,0.8666666666666667,0.8666666666666667,0.8666666666666667,0.9876543209876544,0.9490647872052046
HCV,GB,P-A,utama,44,0.975609756097561,0.9287037037037037,0.9285714285714286,0.8666666666666667,0.896551724137931,0.9987654320987656,0.9913888888888889
HCV,GB,P-A,utama,45,0.975609756097561,0.9287037037037037,0.9285714285714286,0.8666666666666667,0.896551724137931,0.9864197530864197,0.9566666666666667
HCV,GB,P-A,utama,46,0.983739837398374,0.9907407407407407,0.8823529411764706,1.0,0.9375,0.9944444444444445,0.94747520997521
HCV,GB,P-A,utama,47,0.967479674796748,0.8666666666666667,1.0,0.7333333333333333,0.8461538461538461,0.9774691358024692,0.9209035409035409
HCV,GB,P-A,utama,48,0.9186991869918699,0.7240740740740741,0.7777777777777778,0.4666666666666667,0.5833333333333334,0.9783950617283952,0.876745521503586
HCV,GB,P-A,utama,49,0.9512195121951219,0.8861111111111111,0.8,0.8,0.8,0.9734567901234568,0.9102928509905255
HCV,GB,P-C,utama,0,0.967479674796748,0.9527777777777777,0.8235294117647058,0.9333333333333333,0.875,0.995679012345679,0.9787878787878788
HCV,GB,P-C,utama,1,0.9186991869918699,0.925,0.6086956521739131,0.9333333333333333,0.7368421052631579,0.9790123456790124,0.8948356780125106
HCV,GB,P-C,utama,2,0.975609756097561,0.9574074074074075,0.875,0.9333333333333333,0.9032258064516129,0.9790123456790124,0.9383333333333332
HCV,GB,P-C,utama,3,0.9349593495934959,0.9342592592592593,0.6666666666666666,0.9333333333333333,0.7777777777777778,0.9722222222222222,0.8559552321317028
HCV,GB,P-C,utama,4,0.9349593495934959,0.9055555555555556,0.6842105263157895,0.8666666666666667,0.7647058823529411,0.9456790123456791,0.9178846746839346
HCV,GB,P-C,utama,5,0.967479674796748,0.924074074074074,0.8666666666666667,0.8666666666666667,0.8666666666666667,0.9685185185185186,0.9252950752950753
HCV,GB,P-C,utama,6,0.9512195121951219,0.9435185185185185,0.7368421052631579,0.9333333333333333,0.8235294117647058,0.9901234567901235,0.9594827586206895
HCV,GB,P-C,utama,7,0.991869918699187,0.9666666666666667,1.0,0.9333333333333333,0.9655172413793104,0.9888888888888889,0.9636363636363636
HCV,GB,P-C,utama,8,0.926829268292683,0.8148148148148148,0.7142857142857143,0.6666666666666666,0.6896551724137931,0.9358024691358025,0.8089997707694616
HCV,GB,P-C,utama,9,0.926829268292683,0.8722222222222222,0.6666666666666666,0.8,0.7272727272727273,0.9827160493827161,0.8946938441675283
HCV,GB,P-C,utama,10,0.967479674796748,0.924074074074074,0.8666666666666667,0.8666666666666667,0.8666666666666667,0.9950617283950617,0.962317257905493
HCV,GB,P-C,utama,11,0.9349593495934959,0.9342592592592593,0.6666666666666666,0.9333333333333333,0.7777777777777778,0.9833333333333333,0.9327012383900929
HCV,GB,P-C,utama,12,0.967479674796748,0.9527777777777777,0.8235294117647058,0.9333333333333333,0.875,0.9691358024691357,0.9235364541296744
HCV,GB,P-C,utama,13,0.959349593495935,0.9481481481481482,0.7777777777777778,0.9333333333333333,0.8484848484848485,0.9833333333333334,0.9368464052287582
HCV,GB,P-C,utama,14,0.926829268292683,0.8148148148148148,0.7142857142857143,0.6666666666666666,0.6896551724137931,0.9746913580246914,0.8559125669651985
HCV,GB,P-C,utama,15,0.983739837398374,0.9907407407407407,0.8823529411764706,1.0,0.9375,0.9993827160493827,0.9958333333333333
HCV,GB,P-C,utama,16,0.943089430894309,0.9388888888888889,0.7,0.9333333333333333,0.8,0.9771604938271604,0.9419767907162864
HCV,GB,P-C,utama,17,0.967479674796748,0.8953703703703704,0.9230769230769231,0.8,0.8571428571428571,0.9938271604938271,0.961062271062271
HCV,GB,P-C,utama,18,0.9105691056910569,0.7768518518518519,0.6428571428571429,0.6,0.6206896551724138,0.9351851851851852,0.774934067996465
HCV,GB,P-C,utama,19,0.943089430894309,0.9101851851851852,0.7222222222222222,0.8666666666666667,0.7878787878787878,0.9567901234567902,0.9109803921568628
HCV,GB,P-C,utama,20,0.967479674796748,0.924074074074074,0.8666666666666667,0.8666666666666667,0.8666666666666667,0.9351851851851851,0.9147489213162245
HCV,GB,P-C,utama,21,0.983739837398374,0.9333333333333333,1.0,0.8666666666666667,0.9285714285714286,0.975925925925926,0.9236111111111112
HCV,GB,P-C,utama,22,0.926829268292683,0.9009259259259259,0.65,0.8666666666666667,0.7428571428571429,0.9783950617283951,0.8773113487819371
HCV,GB,P-C,utama,23,0.9512195121951219,0.9722222222222222,0.7142857142857143,1.0,0.8333333333333334,0.9969135802469136,0.9833333333333332
HCV,GB,P-C,utama,24,0.967479674796748,0.9527777777777777,0.8235294117647058,0.9333333333333333,0.875,0.9913580246913579,0.9600301659125188
HCV,GB,P-C,utama,25,0.975609756097561,0.9574074074074075,0.875,0.9333333333333333,0.9032258064516129,0.995679012345679,0.9765079365079364
HCV,GB,P-C,utama,26,0.9512195121951219,0.9435185185185185,0.7368421052631579,0.9333333333333333,0.8235294117647058,0.995679012345679,0.9741269841269842
HCV,GB,P-C,utama,27,0.959349593495935,0.9194444444444445,0.8125,0.8666666666666667,0.8387096774193549,0.9598765432098766,0.9037058497058497
HCV,GB,P-C,utama,28,0.943089430894309,0.9388888888888889,0.7,0.9333333333333333,0.8,0.9555555555555556,0.8974511353458721
HCV,GB,P-C,utama,29,0.9186991869918699,0.8962962962962964,0.6190476190476191,0.8666666666666667,0.7222222222222222,0.9580246913580247,0.8854870509607351
HCV,GB,P-C,utama,30,0.943089430894309,0.9101851851851852,0.7222222222222222,0.8666666666666667,0.7878787878787878,0.9851851851851852,0.9167012617012618
HCV,GB,P-C,utama,31,0.9349593495934959,0.8194444444444444,0.7692307692307693,0.6666666666666666,0.7142857142857143,0.9703703703703704,0.8673007384772091
HCV,GB,P-C,utama,32,0.975609756097561,0.9861111111111112,0.8333333333333334,1.0,0.9090909090909091,0.9987654320987654,0.9921568627450981
HCV,GB,P-C,utama,33,0.9512195121951219,0.9148148148148147,0.7647058823529411,0.8666666666666667,0.8125,0.9833333333333333,0.924558434484905
HCV,GB,P-C,utama,34,0.926829268292683,0.8435185185185186,0.6875,0.7333333333333333,0.7096774193548387,0.9685185185185186,0.8972709551656919
HCV,GB,P-C,utama,35,0.926829268292683,0.9296296296296296,0.6363636363636364,0.9333333333333333,0.7567567567567568,0.9611111111111111,0.9031955408425996
HCV,GB,P-C,utama,36,0.9349593495934959,0.7907407407407407,0.8181818181818182,0.6,0.6923076923076923,0.912962962962963,0.7682265381935324
HCV,GB,P-C,utama,37,0.9349593495934959,0.8768518518518519,0.7058823529411765,0.8,0.75,0.9320987654320989,0.8858994581254358
HCV,GB,P-C,utama,38,0.967479674796748,0.9527777777777777,0.8235294117647058,0.9333333333333333,0.875,0.9858024691358025,0.9527777777777777
HCV,GB,P-C,utama,39,0.9512195121951219,0.9148148148148147,0.7647058823529411,0.8666666666666667,0.8125,0.991358024691358,0.9554232804232805
HCV,GB,P-C,utama,40,0.983739837398374,0.962037037037037,0.9333333333333333,0.9333333333333333,0.9333333333333333,0.9901234567901235,0.9547130647130646
HCV,GB,P-C,utama,41,0.967479674796748,0.8666666666666667,1.0,0.7333333333333333,0.8461538461538461,0.9876543209876543,0.9420342920545759
HCV,GB,P-C,utama,42,0.9105691056910569,0.8629629629629629,0.6,0.8,0.6857142857142857,0.9691358024691358,0.8437768573648451
HCV,GB,P-C,utama,43,0.975609756097561,0.9574074074074075,0.875,0.9333333333333333,0.9032258064516129,0.9907407407407407,0.9666666666666666
HCV,GB,P-C,utama,44,0.959349593495935,0.9768518518518519,0.75,1.0,0.8571428571428571,0.9975308641975309,0.9844444444444445
HCV,GB,P-C,utama,45,0.967479674796748,0.924074074074074,0.8666666666666667,0.8666666666666667,0.8666666666666667,0.9771604938271605,0.9350724637681158
HCV,GB,P-C,utama,46,0.967479674796748,0.9814814814814814,0.7894736842105263,1.0,0.8823529411764706,0.9969135802469136,0.97906162464986
HCV,GB,P-C,utama,47,0.967479674796748,0.8953703703703704,0.9230769230769231,0.8,0.8571428571428571,0.9635802469135802,0.9261712711840588
HCV,GB,P-C,utama,48,0.959349593495935,0.9481481481481482,0.7777777777777778,0.9333333333333333,0.8484848484848485,0.991358024691358,0.9611640211640211
HCV,GB,P-C,utama,49,0.9105691056910569,0.8342592592592593,0.6111111111111112,0.7333333333333333,0.6666666666666666,0.9395061728395062,0.817499788117637
HCV,XGB,P-A,utama,0,0.983739837398374,0.9907407407407407,0.8823529411764706,1.0,0.9375,0.9969135802469136,0.9790616246498599
HCV,XGB,P-A,utama,1,0.943089430894309,0.8527777777777777,0.7857142857142857,0.7333333333333333,0.7586206896551724,0.9833333333333334,0.9121652421652421
HCV,XGB,P-A,utama,2,0.967479674796748,0.8953703703703704,0.9230769230769231,0.8,0.8571428571428571,0.9598765432098766,0.9292690058479531
HCV,XGB,P-A,utama,3,0.943089430894309,0.8240740740740741,0.8333333333333334,0.6666666666666666,0.7407407407407407,0.9555555555555556,0.8653712953712953
HCV,XGB,P-A,utama,4,0.9512195121951219,0.8861111111111111,0.8,0.8,0.8,0.9524691358024691,0.9151942355889724
HCV,XGB,P-A,utama,5,0.975609756097561,0.9287037037037037,0.9285714285714286,0.8666666666666667,0.896551724137931,0.9388888888888889,0.8787289327701698
HCV,XGB,P-A,utama,6,0.975609756097561,0.9574074074074075,0.875,0.9333333333333333,0.9032258064516129,0.995679012345679,0.9765079365079364
HCV,XGB,P-A,utama,7,0.967479674796748,0.924074074074074,0.8666666666666667,0.8666666666666667,0.8666666666666667,0.9814814814814814,0.9048760036260036
HCV,XGB,P-A,utama,8,0.943089430894309,0.7953703703703703,0.9,0.6,0.72,0.980246913580247,0.8813180827886711
HCV,XGB,P-A,utama,9,0.967479674796748,0.924074074074074,0.8666666666666667,0.8666666666666667,0.8666666666666667,0.9888888888888889,0.9363308913308912
HCV,XGB,P-A,utama,10,1.0,1.0,1.0,1.0,1.0,1.0,1.0
HCV,XGB,P-A,utama,11,0.9512195121951219,0.9148148148148147,0.7647058823529411,0.8666666666666667,0.8125,0.9746913580246914,0.924490381854723
HCV,XGB,P-A,utama,12,0.959349593495935,0.8333333333333333,1.0,0.6666666666666666,0.8,0.9666666666666668,0.8759753930280245
HCV,XGB,P-A,utama,13,0.983739837398374,0.9333333333333333,1.0,0.8666666666666667,0.9285714285714286,0.9876543209876544,0.9507765830346475
HCV,XGB,P-A,utama,14,0.9186991869918699,0.7814814814814814,0.6923076923076923,0.6,0.6428571428571429,0.9580246913580247,0.8059148935464724
HCV,XGB,P-A,utama,15,0.983739837398374,0.962037037037037,0.9333333333333333,0.9333333333333333,0.9333333333333333,0.9993827160493828,0.9958333333333333
HCV,XGB,P-A,utama,16,0.959349593495935,0.8333333333333333,1.0,0.6666666666666666,0.8,0.9796296296296296,0.9467391304347825
HCV,XGB,P-A,utama,17,0.975609756097561,0.9,1.0,0.8,0.8888888888888888,0.9925925925925926,0.9673504273504273
HCV,XGB,P-A,utama,18,0.9186991869918699,0.7527777777777778,0.7272727272727273,0.5333333333333333,0.6153846153846154,0.9450617283950618,0.8227950658446014
HCV,XGB,P-A,utama,19,0.9349593495934959,0.8768518518518519,0.7058823529411765,0.8,0.75,0.941358024691358,0.883743313528421
HCV,XGB,P-A,utama,20,0.959349593495935,0.9194444444444445,0.8125,0.8666666666666667,0.8387096774193549,0.9567901234567902,0.9147593926541295
HCV,XGB,P-A,utama,21,0.975609756097561,0.9,1.0,0.8,0.8888888888888888,0.9685185185185186,0.9134240362811792
HCV,XGB,P-A,utama,22,0.9186991869918699,0.7814814814814814,0.6923076923076923,0.6,0.6428571428571429,0.9654320987654321,0.8191097308488613
HCV,XGB,P-A,utama,23,1.0,1.0,1.0,1.0,1.0,1.0,1.0
HCV,XGB,P-A,utama,24,0.991869918699187,0.9666666666666667,1.0,0.9333333333333333,0.9655172413793104,0.9938271604938271,0.9733333333333332
HCV,XGB,P-A,utama,25,0.975609756097561,0.9287037037037037,0.9285714285714286,0.8666666666666667,0.896551724137931,0.9975308641975309,0.9844444444444445
HCV,XGB,P-A,utama,26,0.991869918699187,0.9953703703703703,0.9375,1.0,0.967741935483871,0.9969135802469136,0.9759432234432235
HCV,XGB,P-A,utama,27,0.9512195121951219,0.8287037037037037,0.9090909090909091,0.6666666666666666,0.7692307692307693,0.9709876543209877,0.8859298871063577
HCV,XGB,P-A,utama,28,0.959349593495935,0.8907407407407408,0.8571428571428571,0.8,0.8275862068965517,0.9438271604938272,0.8839343677545924
HCV,XGB,P-A,utama,29,0.959349593495935,0.9194444444444445,0.8125,0.8666666666666667,0.8387096774193549,0.9598765432098766,0.8936011904761905
HCV,XGB,P-A,utama,30,0.967479674796748,0.8666666666666667,1.0,0.7333333333333333,0.8461538461538461,0.9771604938271605,0.9063932980599647
HCV,XGB,P-A,utama,31,0.959349593495935,0.8620370370370369,0.9166666666666666,0.7333333333333333,0.8148148148148148,0.9722222222222222,0.8773563230142177
HCV,XGB,P-A,utama,32,0.983739837398374,0.9907407407407407,0.8823529411764706,1.0,0.9375,0.9975308641975309,0.9829505135387488
HCV,XGB,P-A,utama,33,0.967479674796748,0.9527777777777777,0.8235294117647058,0.9333333333333333,0.875,0.9944444444444445,0.975
HCV,XGB,P-A,utama,34,0.967479674796748,0.8666666666666667,1.0,0.7333333333333333,0.8461538461538461,0.9703703703703704,0.8970599819079301
HCV,XGB,P-A,utama,35,0.959349593495935,0.9481481481481482,0.7777777777777778,0.9333333333333333,0.8484848484848485,0.9740740740740741,0.9231015716309834
HCV,XGB,P-A,utama,36,0.9512195121951219,0.8,1.0,0.6,0.75,0.9561728395061728,0.8719201381496463
HCV,XGB,P-A,utama,37,0.959349593495935,0.8333333333333333,1.0,0.6666666666666666,0.8,0.9500000000000001,0.8811706811706811
HCV,XGB,P-A,utama,38,0.975609756097561,0.9287037037037037,0.9285714285714286,0.8666666666666667,0.896551724137931,0.9919753086419753,0.9535184114131483
HCV,XGB,P-A,utama,39,0.9512195121951219,0.8574074074074074,0.8461538461538461,0.7333333333333333,0.7857142857142857,0.9901234567901235,0.9465873015873014
HCV,XGB,P-A,utama,40,0.975609756097561,0.9287037037037037,0.9285714285714286,0.8666666666666667,0.896551724137931,0.991358024691358,0.9574603174603173
HCV,XGB,P-A,utama,41,0.967479674796748,0.8666666666666667,1.0,0.7333333333333333,0.8461538461538461,0.9765432098765432,0.9303452231956613
HCV,XGB,P-A,utama,42,0.9512195121951219,0.8574074074074074,0.8461538461538461,0.7333333333333333,0.7857142857142857,0.9580246913580246,0.8474742622121718
HCV,XGB,P-A,utama,43,0.967479674796748,0.8953703703703704,0.9230769230769231,0.8,0.8571428571428571,0.9919753086419753,0.9561579994316567
HCV,XGB,P-A,utama,44,0.991869918699187,0.9953703703703703,0.9375,1.0,0.967741935483871,0.9950617283950618,0.9558085433085433
HCV,XGB,P-A,utama,45,0.983739837398374,0.9333333333333333,1.0,0.8666666666666667,0.9285714285714286,0.9839506172839506,0.9538888888888888
HCV,XGB,P-A,utama,46,0.975609756097561,0.9574074074074075,0.875,0.9333333333333333,0.9032258064516129,0.9944444444444445,0.9562715062715064
HCV,XGB,P-A,utama,47,0.967479674796748,0.8666666666666667,1.0,0.7333333333333333,0.8461538461538461,0.9580246913580246,0.9277681179579914
HCV,XGB,P-A,utama,48,0.983739837398374,0.9333333333333333,1.0,0.8666666666666667,0.9285714285714286,0.9888888888888888,0.9601388888888889
HCV,XGB,P-A,utama,49,0.967479674796748,0.9527777777777777,0.8235294117647058,0.9333333333333333,0.875,0.9660493827160493,0.9231765334338864
HCV,XGB,P-B,utama,0,0.975609756097561,0.9861111111111112,0.8333333333333334,1.0,0.9090909090909091,0.9969135802469136,0.9805555555555555
HCV,XGB,P-B,utama,1,0.9349593495934959,0.962962962962963,0.6521739130434783,1.0,0.7894736842105263,0.9851851851851852,0.9168700737350621
HCV,XGB,P-B,utama,2,0.967479674796748,0.924074074074074,0.8666666666666667,0.8666666666666667,0.8666666666666667,0.9660493827160495,0.9351634683724235
HCV,XGB,P-B,utama,3,0.959349593495935,0.8907407407407408,0.8571428571428571,0.8,0.8275862068965517,0.9500000000000001,0.8674550286314993
HCV,XGB,P-B,utama,4,0.967479674796748,0.924074074074074,0.8666666666666667,0.8666666666666667,0.8666666666666667,0.9604938271604938,0.9247261990592921
HCV,XGB,P-B,utama,5,0.975609756097561,0.9287037037037037,0.9285714285714286,0.8666666666666667,0.896551724137931,0.954320987654321,0.895925185925186
HCV,XGB,P-B,utama,6,0.975609756097561,0.9574074074074075,0.875,0.9333333333333333,0.9032258064516129,0.9938271604938272,0.9656926406926407
HCV,XGB,P-B,utama,7,0.967479674796748,0.8953703703703704,0.9230769230769231,0.8,0.8571428571428571,0.9882716049382716,0.9364037814037813
HCV,XGB,P-B,utama,8,0.926829268292683,0.8435185185185186,0.6875,0.7333333333333333,0.7096774193548387,0.9746913580246913,0.8523266428361326
HCV,XGB,P-B,utama,9,0.975609756097561,0.9574074074074075,0.875,0.9333333333333333,0.9032258064516129,0.9919753086419754,0.9429018642176537
HCV,XGB,P-B,utama,10,1.0,1.0,1.0,1.0,1.0,1.0,1.0
HCV,XGB,P-B,utama,11,0.926829268292683,0.9009259259259259,0.65,0.8666666666666667,0.7428571428571429,0.9845679012345679,0.9395044413277231
HCV,XGB,P-B,utama,12,0.943089430894309,0.8240740740740741,0.8333333333333334,0.6666666666666666,0.7407407407407407,0.9611111111111111,0.8654226020892687
HCV,XGB,P-B,utama,13,0.967479674796748,0.924074074074074,0.8666666666666667,0.8666666666666667,0.8666666666666667,0.9901234567901235,0.957282913165266
HCV,XGB,P-B,utama,14,0.8943089430894309,0.7962962962962963,0.5555555555555556,0.6666666666666666,0.6060606060606061,0.9574074074074074,0.8022307322307323
HCV,XGB,P-B,utama,15,0.991869918699187,0.9953703703703703,0.9375,1.0,0.967741935483871,1.0,1.0
HCV,XGB,P-B,utama,16,0.967479674796748,0.8953703703703704,0.9230769230769231,0.8,0.8571428571428571,0.9777777777777779,0.9312934649891171
HCV,XGB,P-B,utama,17,0.983739837398374,0.962037037037037,0.9333333333333333,0.9333333333333333,0.9333333333333333,0.9932098765432099,0.9657936507936508
HCV,XGB,P-B,utama,18,0.9186991869918699,0.7814814814814814,0.6923076923076923,0.6,0.6428571428571429,0.9364197530864198,0.8341356363781993
HCV,XGB,P-B,utama,19,0.9024390243902439,0.8870370370370371,0.5652173913043478,0.8666666666666667,0.6842105263157895,0.9320987654320987,0.8877167905469792
HCV,XGB,P-B,utama,20,0.967479674796748,0.9527777777777777,0.8235294117647058,0.9333333333333333,0.875,0.9629629629629629,0.9235613810741687
HCV,XGB,P-B,utama,21,0.983739837398374,0.9333333333333333,1.0,0.8666666666666667,0.9285714285714286,0.9746913580246914,0.924490381854723
HCV,XGB,P-B,utama,22,0.943089430894309,0.8240740740740741,0.8333333333333334,0.6666666666666666,0.7407407407407407,0.9765432098765432,0.8675386215092098
HCV,XGB,P-B,utama,23,0.959349593495935,0.9768518518518519,0.75,1.0,0.8571428571428571,1.0,1.0
HCV,XGB,P-B,utama,24,0.967479674796748,0.9527777777777777,0.8235294117647058,0.9333333333333333,0.875,0.9950617283950617,0.9743434343434343
HCV,XGB,P-B,utama,25,0.983739837398374,0.962037037037037,0.9333333333333333,0.9333333333333333,0.9333333333333333,0.9962962962962962,0.9788888888888889
HCV,XGB,P-B,utama,26,0.967479674796748,0.9527777777777777,0.8235294117647058,0.9333333333333333,0.875,0.995679012345679,0.9689987789987791
HCV,XGB,P-B,utama,27,0.9512195121951219,0.8287037037037037,0.9090909090909091,0.6666666666666666,0.7692307692307693,0.9679012345679012,0.8736190835511718
HCV,XGB,P-B,utama,28,0.9512195121951219,0.8861111111111111,0.8,0.8,0.8,0.9444444444444444,0.8806637806637806
HCV,XGB,P-B,utama,29,0.959349593495935,0.9194444444444445,0.8125,0.8666666666666667,0.8387096774193549,0.9635802469135802,0.8972731253420907
HCV,XGB,P-B,utama,30,0.9186991869918699,0.8675925925925927,0.631578947368421,0.8,0.7058823529411765,0.9814814814814814,0.9046273291925465
HCV,XGB,P-B,utama,31,0.943089430894309,0.8527777777777777,0.7857142857142857,0.7333333333333333,0.7586206896551724,0.974074074074074,0.8917522974101921
HCV,XGB,P-B,utama,32,0.967479674796748,0.9814814814814814,0.7894736842105263,1.0,0.8823529411764706,0.9975308641975309,0.9838235294117647
HCV,XGB,P-B,utama,33,0.967479674796748,0.9527777777777777,0.8235294117647058,0.9333333333333333,0.875,0.9907407407407407,0.9607142857142856
HCV,XGB,P-B,utama,34,0.959349593495935,0.8907407407407408,0.8571428571428571,0.8,0.8275862068965517,0.9617283950617284,0.8839493692213727
HCV,XGB,P-B,utama,35,0.959349593495935,0.9481481481481482,0.7777777777777778,0.9333333333333333,0.8484848484848485,0.9672839506172839,0.9208948671243753
HCV,XGB,P-B,utama,36,0.959349593495935,0.8620370370370369,0.9166666666666666,0.7333333333333333,0.8148148148148148,0.9407407407407407,0.8502757302757302
HCV,XGB,P-B,utama,37,0.943089430894309,0.8527777777777777,0.7857142857142857,0.7333333333333333,0.7586206896551724,0.9493827160493827,0.8711990242836345
HCV,XGB,P-B,utama,38,0.975609756097561,0.9287037037037037,0.9285714285714286,0.8666666666666667,0.896551724137931,0.995679012345679,0.9723622782446311
HCV,XGB,P-B,utama,39,0.967479674796748,0.9527777777777777,0.8235294117647058,0.9333333333333333,0.875,0.9870370370370372,0.932772331154684
HCV,XGB,P-B,utama,40,0.975609756097561,0.9287037037037037,0.9285714285714286,0.8666666666666667,0.896551724137931,0.9870370370370372,0.9375556116935426
HCV,XGB,P-B,utama,41,0.9512195121951219,0.8574074074074074,0.8461538461538461,0.7333333333333333,0.7857142857142857,0.9777777777777779,0.9170754290876242
HCV,XGB,P-B,utama,42,0.9186991869918699,0.8388888888888888,0.6470588235294118,0.7333333333333333,0.6875,0.9641975308641976,0.8648085901027076
HCV,XGB,P-B,utama,43,0.975609756097561,0.9574074074074075,0.875,0.9333333333333333,0.9032258064516129,0.9901234567901236,0.9622222222222222
HCV,XGB,P-B,utama,44,0.975609756097561,0.9861111111111112,0.8333333333333334,1.0,0.9090909090909091,0.9932098765432098,0.9268402893402893
HCV,XGB,P-B,utama,45,0.975609756097561,0.9287037037037037,0.9285714285714286,0.8666666666666667,0.896551724137931,0.9765432098765433,0.9446078431372549
HCV,XGB,P-B,utama,46,0.975609756097561,0.9861111111111112,0.8333333333333334,1.0,0.9090909090909091,0.9975308641975309,0.9829505135387488
HCV,XGB,P-B,utama,47,0.975609756097561,0.9,1.0,0.8,0.8888888888888888,0.9611111111111111,0.9296246246246246
HCV,XGB,P-B,utama,48,0.975609756097561,0.9,1.0,0.8,0.8888888888888888,0.9858024691358025,0.9408294930875576
HCV,XGB,P-B,utama,49,0.9512195121951219,0.9435185185185185,0.7368421052631579,0.9333333333333333,0.8235294117647058,0.962962962962963,0.9178618113912231
HCV,XGB,P-C,utama,0,0.967479674796748,0.9814814814814814,0.7894736842105263,1.0,0.8823529411764706,0.995679012345679,0.9698064353946707
HCV,XGB,P-C,utama,1,0.9024390243902439,0.9157407407407407,0.56,0.9333333333333333,0.7,0.9746913580246913,0.8784639236544862
HCV,XGB,P-C,utama,2,0.959349593495935,0.9194444444444445,0.8125,0.8666666666666667,0.8387096774193549,0.9740740740740741,0.9309092867916398
HCV,XGB,P-C,utama,3,0.9349593495934959,0.8768518518518519,0.7058823529411765,0.8,0.75,0.9493827160493827,0.8171084797555386
HCV,XGB,P-C,utama,4,0.943089430894309,0.9101851851851852,0.7222222222222222,0.8666666666666667,0.7878787878787878,0.9561728395061728,0.9219114219114218
HCV,XGB,P-C,utama,5,0.975609756097561,0.9287037037037037,0.9285714285714286,0.8666666666666667,0.896551724137931,0.9660493827160495,0.9001795522485176
HCV,XGB,P-C,utama,6,0.967479674796748,0.9527777777777777,0.8235294117647058,0.9333333333333333,0.875,0.9938271604938271,0.9733333333333333
HCV,XGB,P-C,utama,7,0.975609756097561,0.9574074074074075,0.875,0.9333333333333333,0.9032258064516129,0.9790123456790124,0.9356654456654456
HCV,XGB,P-C,utama,8,0.9186991869918699,0.8101851851851851,0.6666666666666666,0.6666666666666666,0.6666666666666666,0.9685185185185186,0.8212637297601844
HCV,XGB,P-C,utama,9,0.9186991869918699,0.8962962962962964,0.6190476190476191,0.8666666666666667,0.7222222222222222,0.9716049382716049,0.8543267843267843
HCV,XGB,P-C,utama,10,0.975609756097561,0.9574074074074075,0.875,0.9333333333333333,0.9032258064516129,0.9987654320987654,0.9921568627450981
HCV,XGB,P-C,utama,11,0.9024390243902439,0.9157407407407407,0.56,0.9333333333333333,0.7,0.9759259259259259,0.9294685990338164
HCV,XGB,P-C,utama,12,0.9512195121951219,0.8574074074074074,0.8461538461538461,0.7333333333333333,0.7857142857142857,0.9709876543209877,0.8902089268755935
HCV,XGB,P-C,utama,13,0.959349593495935,0.9481481481481482,0.7777777777777778,0.9333333333333333,0.8484848484848485,0.9895061728395061,0.9497167755991285
HCV,XGB,P-C,utama,14,0.926829268292683,0.7861111111111111,0.75,0.6,0.6666666666666666,0.9660493827160493,0.8219945497336801
HCV,XGB,P-C,utama,15,0.983739837398374,0.9907407407407407,0.8823529411764706,1.0,0.9375,0.9987654320987654,0.992156862745098
HCV,XGB,P-C,utama,16,0.943089430894309,0.9101851851851852,0.7222222222222222,0.8666666666666667,0.7878787878787878,0.9827160493827161,0.9388888888888889
HCV,XGB,P-C,utama,17,0.9512195121951219,0.8287037037037037,0.9090909090909091,0.6666666666666666,0.7692307692307693,0.9901234567901235,0.9382101086048453
HCV,XGB,P-C,utama,18,0.9349593495934959,0.8481481481481481,0.7333333333333333,0.7333333333333333,0.7333333333333333,0.9450617283950618,0.8124923419660262
HCV,XGB,P-C,utama,19,0.9512195121951219,0.8861111111111111,0.8,0.8,0.8,0.9425925925925925,0.9128322440087147
HCV,XGB,P-C,utama,20,0.975609756097561,0.9574074074074075,0.875,0.9333333333333333,0.9032258064516129,0.9555555555555556,0.917773029439696
HCV,XGB,P-C,utama,21,0.967479674796748,0.8953703703703704,0.9230769230769231,0.8,0.8571428571428571,0.967283950617284,0.9110209235209235
HCV,XGB,P-C,utama,22,0.926829268292683,0.9009259259259259,0.65,0.8666666666666667,0.7428571428571429,0.9796296296296296,0.8905749565192289
HCV,XGB,P-C,utama,23,0.975609756097561,0.9861111111111112,0.8333333333333334,1.0,0.9090909090909091,1.0,1.0
HCV,XGB,P-C,utama,24,0.959349593495935,0.9481481481481482,0.7777777777777778,0.9333333333333333,0.8484848484848485,0.9907407407407407,0.9607142857142856
HCV,XGB,P-C,utama,25,0.9512195121951219,0.8861111111111111,0.8,0.8,0.8,0.9919753086419754,0.9532894736842105
HCV,XGB,P-C,utama,26,0.967479674796748,0.9814814814814814,0.7894736842105263,1.0,0.8823529411764706,0.9950617283950618,0.9654108309990662
HCV,XGB,P-C,utama,27,0.967479674796748,0.8953703703703704,0.9230769230769231,0.8,0.8571428571428571,0.9679012345679012,0.8928235344902011
HCV,XGB,P-C,utama,28,0.943089430894309,0.8814814814814815,0.75,0.8,0.7741935483870968,0.9493827160493827,0.8623627639417113
HCV,XGB,P-C,utama,29,0.9512195121951219,0.9148148148148147,0.7647058823529411,0.8666666666666667,0.8125,0.9790123456790124,0.9096445221445221
HCV,XGB,P-C,utama,30,0.9349593495934959,0.8768518518518519,0.7058823529411765,0.8,0.75,0.9858024691358025,0.9235754985754985
HCV,XGB,P-C,utama,31,0.943089430894309,0.8527777777777777,0.7857142857142857,0.7333333333333333,0.7586206896551724,0.9765432098765432,0.8861387686387686
HCV,XGB,P-C,utama,32,0.975609756097561,0.9861111111111112,0.8333333333333334,1.0,0.9090909090909091,0.9987654320987654,0.9921568627450981
HCV,XGB,P-C,utama,33,0.959349593495935,0.9481481481481482,0.7777777777777778,0.9333333333333333,0.8484848484848485,0.9932098765432098,0.9666666666666666
HCV,XGB,P-C,utama,34,0.9512195121951219,0.8574074074074074,0.8461538461538461,0.7333333333333333,0.7857142857142857,0.9783950617283951,0.8989939884676726
HCV,XGB,P-C,utama,35,0.9512195121951219,0.9435185185185185,0.7368421052631579,0.9333333333333333,0.8235294117647058,0.9666666666666667,0.8866762196638357
HCV,XGB,P-C,utama,36,0.959349593495935,0.8907407407407408,0.8571428571428571,0.8,0.8275862068965517,0.9512345679012346,0.8456685313289086
HCV,XGB,P-C,utama,37,0.9349593495934959,0.8481481481481481,0.7333333333333333,0.7333333333333333,0.7333333333333333,0.9425925925925925,0.8541952304271144
HCV,XGB,P-C,utama,38,0.959349593495935,0.9194444444444445,0.8125,0.8666666666666667,0.8387096774193549,0.9783950617283951,0.9380116959064326
HCV,XGB,P-C,utama,39,0.975609756097561,0.9287037037037037,0.9285714285714286,0.8666666666666667,0.896551724137931,0.9919753086419753,0.9535184114131483
HCV,XGB,P-C,utama,40,0.983739837398374,0.962037037037037,0.9333333333333333,0.9333333333333333,0.9333333333333333,0.9895061728395063,0.9491575091575091
HCV,XGB,P-C,utama,41,0.975609756097561,0.9,1.0,0.8,0.8888888888888888,0.9895061728395061,0.95605138607167
HCV,XGB,P-C,utama,42,0.9105691056910569,0.8629629629629629,0.6,0.8,0.6857142857142857,0.9586419753086419,0.8321519750091178
HCV,XGB,P-C,utama,43,0.959349593495935,0.9481481481481482,0.7777777777777778,0.9333333333333333,0.8484848484848485,0.9950617283950617,0.9768115942028985
HCV,XGB,P-C,utama,44,0.959349593495935,0.9768518518518519,0.75,1.0,0.8571428571428571,0.9956790123456791,0.9632159507159507
HCV,XGB,P-C,utama,45,0.967479674796748,0.924074074074074,0.8666666666666667,0.8666666666666667,0.8666666666666667,0.9746913580246914,0.9353973168214653
HCV,XGB,P-C,utama,46,0.975609756097561,0.9861111111111112,0.8333333333333334,1.0,0.9090909090909091,1.0,1.0
HCV,XGB,P-C,utama,47,0.975609756097561,0.9287037037037037,0.9285714285714286,0.8666666666666667,0.896551724137931,0.9567901234567902,0.9291524017014212
HCV,XGB,P-C,utama,48,0.983739837398374,0.9333333333333333,1.0,0.8666666666666667,0.9285714285714286,0.9771604938271605,0.9525641025641025
HCV,XGB,P-C,utama,49,0.9512195121951219,0.9435185185185185,0.7368421052631579,0.9333333333333333,0.8235294117647058,0.941358024691358,0.8614378993326361
Hepatitis,NB,P-A,utama,0,0.8709677419354839,0.7933333333333333,0.6666666666666666,0.6666666666666666,0.6666666666666666,0.9366666666666666,0.8425925925925926
Hepatitis,NB,P-A,utama,1,0.7741935483870968,0.6699999999999999,0.42857142857142855,0.5,0.46153846153846156,0.8466666666666667,0.4584045584045584
Hepatitis,NB,P-A,utama,2,0.8387096774193549,0.71,0.6,0.5,0.5454545454545454,0.8400000000000001,0.7284920634920634
Hepatitis,NB,P-A,utama,3,0.8387096774193549,0.7946428571428572,0.625,0.7142857142857143,0.6666666666666666,0.9166666666666666,0.8312074829931972
Hepatitis,NB,P-A,utama,4,0.7419354838709677,0.6815476190476191,0.4444444444444444,0.5714285714285714,0.5,0.8392857142857143,0.5951857666143381
Hepatitis,NB,P-A,utama,5,0.8709677419354839,0.7933333333333333,0.6666666666666666,0.6666666666666666,0.6666666666666666,0.9533333333333333,0.8708333333333333
Hepatitis,NB,P-A,utama,6,0.8064516129032258,0.7533333333333333,0.5,0.6666666666666666,0.5714285714285714,0.8266666666666667,0.5777638540796436
Hepatitis,NB,P-A,utama,7,0.8387096774193549,0.7733333333333333,0.5714285714285714,0.6666666666666666,0.6153846153846154,0.9066666666666666,0.725534188034188
Hepatitis,NB,P-A,utama,8,0.9354838709677419,0.8571428571428572,1.0,0.7142857142857143,0.8333333333333334,0.8571428571428571,0.8168831168831168
Hepatitis,NB,P-A,utama,9,0.8064516129032258,0.7232142857142857,0.5714285714285714,0.5714285714285714,0.5714285714285714,0.7559523809523808,0.6137035378414688
Hepatitis,NB,P-A,utama,10,0.8387096774193549,0.71,0.6,0.5,0.5454545454545454,0.9199999999999999,0.6801587301587302
Hepatitis,NB,P-A,utama,11,0.8064516129032258,0.69,0.5,0.5,0.5,0.8,0.6091269841269841
Hepatitis,NB,P-A,utama,12,0.8064516129032258,0.7533333333333333,0.5,0.6666666666666666,0.5714285714285714,0.9,0.7175925925925926
Hepatitis,NB,P-A,utama,13,0.8064516129032258,0.7232142857142857,0.5714285714285714,0.5714285714285714,0.5714285714285714,0.8452380952380952,0.7460164835164835
Hepatitis,NB,P-A,utama,14,0.8709677419354839,0.8154761904761905,0.7142857142857143,0.7142857142857143,0.7142857142857143,0.9166666666666666,0.8386904761904761
Hepatitis,NB,P-A,utama,15,0.8064516129032258,0.6266666666666667,0.5,0.3333333333333333,0.4,0.8633333333333333,0.6763888888888888
Hepatitis,NB,P-A,utama,16,0.9032258064516129,0.8766666666666667,0.7142857142857143,0.8333333333333334,0.7692307692307693,0.8933333333333334,0.8050125313283207
Hepatitis,NB,P-A,utama,17,0.9032258064516129,0.8766666666666667,0.7142857142857143,0.8333333333333334,0.7692307692307693,0.9733333333333333,0.9166666666666665
Hepatitis,NB,P-A,utama,18,0.7741935483870968,0.6011904761904762,0.5,0.2857142857142857,0.36363636363636365,0.7738095238095238,0.5364393125671321
Hepatitis,NB,P-A,utama,19,0.7419354838709677,0.6815476190476191,0.4444444444444444,0.5714285714285714,0.5,0.8690476190476191,0.7278388278388279
Hepatitis,NB,P-A,utama,20,0.9354838709677419,0.8333333333333333,1.0,0.6666666666666666,0.8,0.8866666666666667,0.8012477718360071
Hepatitis,NB,P-A,utama,21,0.9032258064516129,0.8133333333333332,0.8,0.6666666666666666,0.7272727272727273,0.8533333333333334,0.7878787878787878
Hepatitis,NB,P-A,utama,22,0.8709677419354839,0.8566666666666667,0.625,0.8333333333333334,0.7142857142857143,0.8266666666666668,0.7732142857142857
Hepatitis,NB,P-A,utama,23,0.7419354838709677,0.6309523809523809,0.42857142857142855,0.42857142857142855,0.42857142857142855,0.8869047619047619,0.6650793650793649
Hepatitis,NB,P-A,utama,24,0.7096774193548387,0.6607142857142857,0.4,0.5714285714285714,0.47058823529411764,0.7738095238095238,0.5525664811379096
Hepatitis,NB,P-A,utama,25,0.7741935483870968,0.6699999999999999,0.42857142857142855,0.5,0.46153846153846156,0.76,0.5703703703703704
Hepatitis,NB,P-A,utama,26,0.8387096774193549,0.71,0.6,0.5,0.5454545454545454,0.8733333333333333,0.7430555555555555
Hepatitis,NB,P-A,utama,27,0.9032258064516129,0.8133333333333332,0.8,0.6666666666666666,0.7272727272727273,0.9066666666666666,0.8412698412698412
Hepatitis,NB,P-A,utama,28,0.8709677419354839,0.8154761904761905,0.7142857142857143,0.7142857142857143,0.7142857142857143,0.8988095238095237,0.8306122448979592
Hepatitis,NB,P-A,utama,29,0.7741935483870968,0.7023809523809523,0.5,0.5714285714285714,0.5333333333333333,0.8392857142857142,0.7049062049062049
Hepatitis,NB,P-A,utama,30,0.8064516129032258,0.69,0.5,0.5,0.5,0.9333333333333333,0.7688492063492063
Hepatitis,NB,P-A,utama,31,0.8387096774193549,0.71,0.6,0.5,0.5454545454545454,0.7866666666666666,0.6703703703703703
Hepatitis,NB,P-A,utama,32,0.8064516129032258,0.7533333333333333,0.5,0.6666666666666666,0.5714285714285714,0.9,0.7297008547008547
Hepatitis,NB,P-A,utama,33,0.8064516129032258,0.7232142857142857,0.5714285714285714,0.5714285714285714,0.5714285714285714,0.7559523809523809,0.5727513227513228
Hepatitis,NB,P-A,utama,34,0.8709677419354839,0.8660714285714286,0.6666666666666666,0.8571428571428571,0.75,0.8928571428571429,0.8020408163265305
Hepatitis,NB,P-A,utama,35,0.7741935483870968,0.6699999999999999,0.42857142857142855,0.5,0.46153846153846156,0.76,0.6520847573479152
Hepatitis,NB,P-A,utama,36,0.8064516129032258,0.7533333333333333,0.5,0.6666666666666666,0.5714285714285714,0.9466666666666667,0.8592592592592592
Hepatitis,NB,P-A,utama,37,0.8387096774193549,0.7733333333333333,0.5714285714285714,0.6666666666666666,0.6153846153846154,0.7866666666666666,0.47942896456828343
Hepatitis,NB,P-A,utama,38,0.967741935483871,0.9285714285714286,1.0,0.8571428571428571,0.9230769230769231,0.9761904761904762,0.9480519480519478
Hepatitis,NB,P-A,utama,39,0.8064516129032258,0.7232142857142857,0.5714285714285714,0.5714285714285714,0.5714285714285714,0.8690476190476191,0.7447278911564625
Hepatitis,NB,P-A,utama,40,0.8709677419354839,0.7933333333333333,0.6666666666666666,0.6666666666666666,0.6666666666666666,0.8133333333333334,0.6946687370600413
Hepatitis,NB,P-A,utama,41,0.8709677419354839,0.8566666666666667,0.625,0.8333333333333334,0.7142857142857143,0.8666666666666667,0.7628968253968254
Hepatitis,NB,P-A,utama,42,0.8064516129032258,0.7533333333333333,0.5,0.6666666666666666,0.5714285714285714,0.8533333333333334,0.6674603174603174
Hepatitis,NB,P-A,utama,43,0.9032258064516129,0.7857142857142857,1.0,0.5714285714285714,0.7272727272727273,0.8988095238095238,0.8499999999999999
Hepatitis,NB,P-A,utama,44,0.7419354838709677,0.6309523809523809,0.42857142857142855,0.42857142857142855,0.42857142857142855,0.8690476190476191,0.6850649350649349
Hepatitis,NB,P-A,utama,45,0.8709677419354839,0.7933333333333333,0.6666666666666666,0.6666666666666666,0.6666666666666666,0.8200000000000001,0.762962962962963
Hepatitis,NB,P-A,utama,46,0.8064516129032258,0.8166666666666667,0.5,0.8333333333333334,0.625,0.8933333333333333,0.6646825396825397
Hepatitis,NB,P-A,utama,47,0.8709677419354839,0.7933333333333333,0.6666666666666666,0.6666666666666666,0.6666666666666666,0.8666666666666666,0.6829365079365078
Hepatitis,NB,P-A,utama,48,0.7741935483870968,0.6517857142857143,0.5,0.42857142857142855,0.46153846153846156,0.8333333333333334,0.7006802721088434
Hepatitis,NB,P-A,utama,49,0.8709677419354839,0.7648809523809523,0.8,0.5714285714285714,0.6666666666666666,0.9345238095238094,0.8717486994797918
Hepatitis,NB,P-C,utama,0,0.8064516129032258,0.7533333333333333,0.5,0.6666666666666666,0.5714285714285714,0.9366666666666666,0.8425925925925926
Hepatitis,NB,P-C,utama,1,0.8387096774193549,0.8366666666666667,0.5555555555555556,0.8333333333333334,0.6666666666666666,0.8333333333333334,0.4481481481481482
Hepatitis,NB,P-C,utama,2,0.8709677419354839,0.8566666666666667,0.625,0.8333333333333334,0.7142857142857143,0.8400000000000001,0.7284920634920634
Hepatitis,NB,P-C,utama,3,0.8387096774193549,0.8452380952380952,0.6,0.8571428571428571,0.7058823529411765,0.9166666666666666,0.8312074829931972
Hepatitis,NB,P-C,utama,4,0.7741935483870968,0.8035714285714286,0.5,0.8571428571428571,0.631578947368421,0.8511904761904762,0.6054421768707483
Hepatitis,NB,P-C,utama,5,0.9354838709677419,0.96,0.75,1.0,0.8571428571428571,0.9733333333333334,0.9107142857142856
Hepatitis,NB,P-C,utama,6,0.8387096774193549,0.8366666666666667,0.5555555555555556,0.8333333333333334,0.6666666666666666,0.8266666666666667,0.5777638540796436
Hepatitis,NB,P-C,utama,7,0.8709677419354839,0.8566666666666667,0.625,0.8333333333333334,0.7142857142857143,0.9,0.7096611721611721
Hepatitis,NB,P-C,utama,8,0.9354838709677419,0.8571428571428572,1.0,0.7142857142857143,0.8333333333333334,0.8869047619047619,0.8357142857142856
Hepatitis,NB,P-C,utama,9,0.7096774193548387,0.6607142857142857,0.4,0.5714285714285714,0.47058823529411764,0.7559523809523808,0.6137035378414688
Hepatitis,NB,P-C,utama,10,0.9032258064516129,0.8766666666666667,0.7142857142857143,0.8333333333333334,0.7692307692307693,0.9199999999999999,0.6801587301587302
Hepatitis,NB,P-C,utama,11,0.7741935483870968,0.7333333333333334,0.4444444444444444,0.6666666666666666,0.5333333333333333,0.7866666666666666,0.6003302253302253
Hepatitis,NB,P-C,utama,12,0.8387096774193549,0.8366666666666667,0.5555555555555556,0.8333333333333334,0.6666666666666666,0.9066666666666667,0.7294973544973544
Hepatitis,NB,P-C,utama,13,0.7741935483870968,0.7023809523809523,0.5,0.5714285714285714,0.5333333333333333,0.8154761904761905,0.7335497835497835
Hepatitis,NB,P-C,utama,14,0.8064516129032258,0.8244047619047619,0.5454545454545454,0.8571428571428571,0.6666666666666666,0.9166666666666666,0.8312074829931972
Hepatitis,NB,P-C,utama,15,0.8387096774193549,0.7733333333333333,0.5714285714285714,0.6666666666666666,0.6153846153846154,0.8766666666666667,0.6868686868686867
Hepatitis,NB,P-C,utama,16,0.8709677419354839,0.8566666666666667,0.625,0.8333333333333334,0.7142857142857143,0.8933333333333333,0.7857142857142857
Hepatitis,NB,P-C,utama,17,0.8709677419354839,0.9199999999999999,0.6,1.0,0.75,0.98,0.9305555555555556
Hepatitis,NB,P-C,utama,18,0.8387096774193549,0.7440476190476191,0.6666666666666666,0.5714285714285714,0.6153846153846154,0.7678571428571428,0.5371170690498421
Hepatitis,NB,P-C,utama,19,0.7741935483870968,0.7529761904761905,0.5,0.7142857142857143,0.5882352941176471,0.8095238095238094,0.6981292517006803
Hepatitis,NB,P-C,utama,20,0.8709677419354839,0.7933333333333333,0.6666666666666666,0.6666666666666666,0.6666666666666666,0.8733333333333334,0.7895927601809954
Hepatitis,NB,P-C,utama,21,0.8387096774193549,0.7733333333333333,0.5714285714285714,0.6666666666666666,0.6153846153846154,0.8666666666666667,0.8047138047138047
Hepatitis,NB,P-C,utama,22,0.8064516129032258,0.8166666666666667,0.5,0.8333333333333334,0.625,0.8333333333333334,0.774537037037037
Hepatitis,NB,P-C,utama,23,0.8387096774193549,0.8452380952380952,0.6,0.8571428571428571,0.7058823529411765,0.8809523809523809,0.6586691086691085
Hepatitis,NB,P-C,utama,24,0.7419354838709677,0.7321428571428572,0.45454545454545453,0.7142857142857143,0.5555555555555556,0.7797619047619048,0.5547309833024119
Hepatitis,NB,P-C,utama,25,0.7741935483870968,0.7966666666666666,0.45454545454545453,0.8333333333333334,0.5882352941176471,0.7533333333333333,0.5425925925925926
Hepatitis,NB,P-C,utama,26,0.7741935483870968,0.7333333333333334,0.4444444444444444,0.6666666666666666,0.5333333333333333,0.8666666666666667,0.7393790849673202
Hepatitis,NB,P-C,utama,27,0.8709677419354839,0.7933333333333333,0.6666666666666666,0.6666666666666666,0.6666666666666666,0.92,0.8482142857142856
Hepatitis,NB,P-C,utama,28,0.9032258064516129,0.8869047619047619,0.75,0.8571428571428571,0.8,0.8928571428571428,0.8282312925170068
Hepatitis,NB,P-C,utama,29,0.7741935483870968,0.7023809523809523,0.5,0.5714285714285714,0.5333333333333333,0.8392857142857142,0.7049062049062049
Hepatitis,NB,P-C,utama,30,0.9032258064516129,0.94,0.6666666666666666,1.0,0.8,0.9466666666666667,0.7884920634920634
Hepatitis,NB,P-C,utama,31,0.8064516129032258,0.69,0.5,0.5,0.5,0.7933333333333333,0.6730936819172113
Hepatitis,NB,P-C,utama,32,0.8064516129032258,0.8166666666666667,0.5,0.8333333333333334,0.625,0.9066666666666667,0.7389601139601139
Hepatitis,NB,P-C,utama,33,0.8064516129032258,0.7232142857142857,0.5714285714285714,0.5714285714285714,0.5714285714285714,0.7678571428571428,0.5982615268329554
Hepatitis,NB,P-C,utama,34,0.8064516129032258,0.8244047619047619,0.5454545454545454,0.8571428571428571,0.6666666666666666,0.8928571428571429,0.7689581095596132
Hepatitis,NB,P-C,utama,35,0.7741935483870968,0.6699999999999999,0.42857142857142855,0.5,0.46153846153846156,0.7533333333333333,0.6451417004048583
Hepatitis,NB,P-C,utama,36,0.8387096774193549,0.8366666666666667,0.5555555555555556,0.8333333333333334,0.6666666666666666,0.9466666666666667,0.8592592592592592
Hepatitis,NB,P-C,utama,37,0.7741935483870968,0.7333333333333334,0.4444444444444444,0.6666666666666666,0.5333333333333333,0.7533333333333334,0.45565476190476184
Hepatitis,NB,P-C,utama,38,0.8709677419354839,0.8660714285714286,0.6666666666666666,0.8571428571428571,0.75,0.9821428571428571,0.9571428571428571
Hepatitis,NB,P-C,utama,39,0.8387096774193549,0.8452380952380952,0.6,0.8571428571428571,0.7058823529411765,0.880952380952381,0.7502834467120181
Hepatitis,NB,P-C,utama,40,0.8709677419354839,0.7933333333333333,0.6666666666666666,0.6666666666666666,0.6666666666666666,0.8066666666666666,0.6995726495726495
Hepatitis,NB,P-C,utama,41,0.7741935483870968,0.7966666666666666,0.45454545454545453,0.8333333333333334,0.5882352941176471,0.8466666666666667,0.7170893719806763
Hepatitis,NB,P-C,utama,42,0.7419354838709677,0.7766666666666666,0.4166666666666667,0.8333333333333334,0.5555555555555556,0.8533333333333334,0.6674603174603174
Hepatitis,NB,P-C,utama,43,0.9354838709677419,0.8571428571428572,1.0,0.7142857142857143,0.8333333333333334,0.9047619047619048,0.8595238095238094
Hepatitis,NB,P-C,utama,44,0.7741935483870968,0.7023809523809523,0.5,0.5714285714285714,0.5333333333333333,0.8630952380952381,0.6803030303030302
Hepatitis,NB,P-C,utama,45,0.8387096774193549,0.7733333333333333,0.5714285714285714,0.6666666666666666,0.6153846153846154,0.8333333333333333,0.7683178534571723
Hepatitis,NB,P-C,utama,46,0.8064516129032258,0.8166666666666667,0.5,0.8333333333333334,0.625,0.8933333333333333,0.6646825396825397
Hepatitis,NB,P-C,utama,47,0.7741935483870968,0.7966666666666666,0.45454545454545453,0.8333333333333334,0.5882352941176471,0.86,0.6805555555555555
Hepatitis,NB,P-C,utama,48,0.8064516129032258,0.7232142857142857,0.5714285714285714,0.5714285714285714,0.5714285714285714,0.8333333333333334,0.7006802721088434
Hepatitis,NB,P-C,utama,49,0.9354838709677419,0.9077380952380952,0.8571428571428571,0.8571428571428571,0.8571428571428571,0.9523809523809524,0.919642857142857
Hepatitis,DT,P-A,utama,0,0.8709677419354839,0.7933333333333333,0.6666666666666666,0.6666666666666666,0.6666666666666666,0.8333333333333334,0.657258064516129
Hepatitis,DT,P-A,utama,1,0.7096774193548387,0.5666666666666667,0.2857142857142857,0.3333333333333333,0.3076923076923077,0.6933333333333334,0.38962985938792394
Hepatitis,DT,P-A,utama,2,0.8387096774193549,0.71,0.6,0.5,0.5454545454545454,0.8366666666666667,0.6534220856801503
Hepatitis,DT,P-A,utama,3,0.7419354838709677,0.6309523809523809,0.42857142857142855,0.42857142857142855,0.42857142857142855,0.7023809523809526,0.4627845273006563
Hepatitis,DT,P-A,utama,4,0.7096774193548387,0.6101190476190476,0.375,0.42857142857142855,0.4,0.7648809523809524,0.4846837944664032
Hepatitis,DT,P-A,utama,5,0.9032258064516129,0.75,1.0,0.5,0.6666666666666666,0.9533333333333334,0.7992424242424243
Hepatitis,DT,P-A,utama,6,0.8064516129032258,0.5633333333333334,0.5,0.16666666666666666,0.25,0.8833333333333333,0.6037037037037037
Hepatitis,DT,P-A,utama,7,0.7096774193548387,0.63,0.3333333333333333,0.5,0.4,0.6333333333333333,0.2981762597512123
Hepatitis,DT,P-A,utama,8,0.8709677419354839,0.7648809523809523,0.8,0.5714285714285714,0.6666666666666666,0.8720238095238096,0.6822580645161289
Hepatitis,DT,P-A,utama,9,0.8064516129032258,0.6220238095238095,0.6666666666666666,0.2857142857142857,0.4,0.5863095238095237,0.33855606758832557
Hepatitis,DT,P-A,utama,10,0.8064516129032258,0.6266666666666667,0.5,0.3333333333333333,0.4,0.7533333333333333,0.3885918003565062
Hepatitis,DT,P-A,utama,11,0.7741935483870968,0.6699999999999999,0.42857142857142855,0.5,0.46153846153846156,0.7866666666666667,0.4757405079985725
Hepatitis,DT,P-A,utama,12,0.7741935483870968,0.5433333333333333,0.3333333333333333,0.16666666666666666,0.2222222222222222,0.7733333333333335,0.43067076292882744
Hepatitis,DT,P-A,utama,13,0.8064516129032258,0.6220238095238095,0.6666666666666666,0.2857142857142857,0.4,0.5773809523809524,0.41111767563380464
Hepatitis,DT,P-A,utama,14,0.8064516129032258,0.7232142857142857,0.5714285714285714,0.5714285714285714,0.5714285714285714,0.8482142857142857,0.565110286538858
Hepatitis,DT,P-A,utama,15,0.7741935483870968,0.6066666666666667,0.4,0.3333333333333333,0.36363636363636365,0.6966666666666667,0.30795047246660145
Hepatitis,DT,P-A,utama,16,0.8387096774193549,0.8366666666666667,0.5555555555555556,0.8333333333333334,0.6666666666666666,0.8066666666666668,0.5924432497013142
Hepatitis,DT,P-A,utama,17,0.9354838709677419,0.8333333333333333,1.0,0.6666666666666666,0.8,0.8566666666666667,0.7683691756272402
Hepatitis,DT,P-A,utama,18,0.8064516129032258,0.6220238095238095,0.6666666666666666,0.2857142857142857,0.4,0.6339285714285714,0.40028527540048275
Hepatitis,DT,P-A,utama,19,0.7419354838709677,0.5297619047619048,0.3333333333333333,0.14285714285714285,0.2,0.6904761904761905,0.4392208496301746
Hepatitis,DT,P-A,utama,20,0.8709677419354839,0.6666666666666666,1.0,0.3333333333333333,0.5,0.84,0.625
Hepatitis,DT,P-A,utama,21,0.7419354838709677,0.65,0.375,0.5,0.42857142857142855,0.75,0.5125291375291375
Hepatitis,DT,P-A,utama,22,0.8064516129032258,0.6266666666666667,0.5,0.3333333333333333,0.4,0.81,0.5095307917888563
Hepatitis,DT,P-A,utama,23,0.7741935483870968,0.6011904761904762,0.5,0.2857142857142857,0.36363636363636365,0.7946428571428571,0.5077336197636949
Hepatitis,DT,P-A,utama,24,0.8709677419354839,0.7142857142857143,1.0,0.42857142857142855,0.6,0.7946428571428572,0.6386072708653354
Hepatitis,DT,P-A,utama,25,0.8387096774193549,0.6466666666666666,0.6666666666666666,0.3333333333333333,0.4444444444444444,0.6066666666666667,0.41621863799283154
Hepatitis,DT,P-A,utama,26,0.7741935483870968,0.5433333333333333,0.3333333333333333,0.16666666666666666,0.2222222222222222,0.5833333333333333,0.2884408602150538
Hepatitis,DT,P-A,utama,27,0.7419354838709677,0.5233333333333333,0.25,0.16666666666666666,0.2,0.7666666666666668,0.47838601064407515
Hepatitis,DT,P-A,utama,28,0.9032258064516129,0.8869047619047619,0.75,0.8571428571428571,0.8,0.9345238095238095,0.7197802197802197
Hepatitis,DT,P-A,utama,29,0.7419354838709677,0.5803571428571428,0.4,0.2857142857142857,0.3333333333333333,0.7648809523809523,0.541101601931095
Hepatitis,DT,P-A,utama,30,0.8064516129032258,0.5,0.0,0.0,0.0,0.8066666666666666,0.4180555555555555
Hepatitis,DT,P-A,utama,31,0.8064516129032258,0.6266666666666667,0.5,0.3333333333333333,0.4,0.6633333333333334,0.32594086021505375
Hepatitis,DT,P-A,utama,32,0.8064516129032258,0.69,0.5,0.5,0.5,0.6100000000000001,0.3897293288839451
Hepatitis,DT,P-A,utama,33,0.7741935483870968,0.5505952380952381,0.5,0.14285714285714285,0.2222222222222222,0.7351190476190477,0.3839587447882379
Hepatitis,DT,P-A,utama,34,0.8709677419354839,0.9166666666666667,0.6363636363636364,1.0,0.7777777777777778,0.9166666666666666,0.6757884972170687
Hepatitis,DT,P-A,utama,35,0.8064516129032258,0.6266666666666667,0.5,0.3333333333333333,0.4,0.65,0.31899641577060933
Hepatitis,DT,P-A,utama,36,0.8709677419354839,0.6666666666666666,1.0,0.3333333333333333,0.5,0.6466666666666668,0.5063959955506118
Hepatitis,DT,P-A,utama,37,0.8387096774193549,0.5833333333333334,1.0,0.16666666666666666,0.2857142857142857,0.73,0.45340501792114696
Hepatitis,DT,P-A,utama,38,0.8387096774193549,0.6934523809523809,0.75,0.42857142857142855,0.5454545454545454,0.8690476190476191,0.6431972789115646
Hepatitis,DT,P-A,utama,39,0.7419354838709677,0.6815476190476191,0.4444444444444444,0.5714285714285714,0.5,0.7202380952380952,0.4251152073732719
Hepatitis,DT,P-A,utama,40,0.8387096774193549,0.6466666666666666,0.6666666666666666,0.3333333333333333,0.4444444444444444,0.7799999999999999,0.47721454173067074
Hepatitis,DT,P-A,utama,41,0.8064516129032258,0.69,0.5,0.5,0.5,0.8333333333333334,0.6762237762237763
Hepatitis,DT,P-A,utama,42,0.7419354838709677,0.65,0.375,0.5,0.42857142857142855,0.6566666666666666,0.3884540375289901
Hepatitis,DT,P-A,utama,43,0.8709677419354839,0.7142857142857143,1.0,0.42857142857142855,0.6,0.8273809523809524,0.6738095238095239
Hepatitis,DT,P-A,utama,44,0.8064516129032258,0.6220238095238095,0.6666666666666666,0.2857142857142857,0.4,0.7559523809523809,0.615225097483162
Hepatitis,DT,P-A,utama,45,0.7096774193548387,0.63,0.3333333333333333,0.5,0.4,0.5966666666666667,0.4767025089605734
Hepatitis,DT,P-A,utama,46,0.8387096774193549,0.71,0.6,0.5,0.5454545454545454,0.8733333333333333,0.5185185185185186
Hepatitis,DT,P-A,utama,47,0.8064516129032258,0.7533333333333333,0.5,0.6666666666666666,0.5714285714285714,0.9,0.5651515151515152
Hepatitis,DT,P-A,utama,48,0.7741935483870968,0.6517857142857143,0.5,0.42857142857142855,0.46153846153846156,0.7857142857142858,0.6458111780692426
Hepatitis,DT,P-A,utama,49,0.8064516129032258,0.5714285714285714,1.0,0.14285714285714285,0.25,0.6398809523809522,0.4227342549923195
Hepatitis,DT,P-B,utama,0,0.7096774193548387,0.63,0.3333333333333333,0.5,0.4,0.7666666666666667,0.47064190289996743
Hepatitis,DT,P-B,utama,1,0.7419354838709677,0.65,0.375,0.5,0.42857142857142855,0.5566666666666668,0.26836917562724016
Hepatitis,DT,P-B,utama,2,0.7741935483870968,0.7333333333333334,0.4444444444444444,0.6666666666666666,0.5333333333333333,0.7766666666666666,0.4859617682198327
Hepatitis,DT,P-B,utama,3,0.5806451612903226,0.47619047619047616,0.2,0.2857142857142857,0.23529411764705882,0.5178571428571428,0.2572373862696443
Hepatitis,DT,P-B,utama,4,0.5806451612903226,0.5267857142857143,0.25,0.42857142857142855,0.3157894736842105,0.6696428571428571,0.3337535014005602
Hepatitis,DT,P-B,utama,5,0.8709677419354839,0.7933333333333333,0.6666666666666666,0.6666666666666666,0.6666666666666666,0.9333333333333333,0.6679292929292929
Hepatitis,DT,P-B,utama,6,0.8064516129032258,0.7533333333333333,0.5,0.6666666666666666,0.5714285714285714,0.84,0.5694444444444444
Hepatitis,DT,P-B,utama,7,0.7096774193548387,0.6933333333333334,0.36363636363636365,0.6666666666666666,0.47058823529411764,0.7433333333333334,0.35198135198135205
Hepatitis,DT,P-B,utama,8,0.6451612903225806,0.5684523809523809,0.3,0.42857142857142855,0.35294117647058826,0.6101190476190477,0.5004608294930875
Hepatitis,DT,P-B,utama,9,0.7096774193548387,0.5089285714285714,0.25,0.14285714285714285,0.18181818181818182,0.5208333333333333,0.2446236559139785
Hepatitis,DT,P-B,utama,10,0.8064516129032258,0.7533333333333333,0.5,0.6666666666666666,0.5714285714285714,0.9033333333333333,0.6538461538461539
Hepatitis,DT,P-B,utama,11,0.6774193548387096,0.61,0.3,0.5,0.375,0.7066666666666667,0.4167888563049853
Hepatitis,DT,P-B,utama,12,0.7096774193548387,0.63,0.3333333333333333,0.5,0.4,0.6966666666666668,0.3100358422939068
Hepatitis,DT,P-B,utama,13,0.6774193548387096,0.5386904761904762,0.2857142857142857,0.2857142857142857,0.2857142857142857,0.6190476190476191,0.421682618456812
Hepatitis,DT,P-B,utama,14,0.6451612903225806,0.6696428571428572,0.35714285714285715,0.7142857142857143,0.47619047619047616,0.6964285714285715,0.3808426596445029
Hepatitis,DT,P-B,utama,15,0.7096774193548387,0.6933333333333334,0.36363636363636365,0.6666666666666666,0.47058823529411764,0.6866666666666666,0.2968393613554904
Hepatitis,DT,P-B,utama,16,0.7419354838709677,0.7133333333333334,0.4,0.6666666666666666,0.5,0.8166666666666668,0.4865870688451333
Hepatitis,DT,P-B,utama,17,0.7096774193548387,0.6933333333333334,0.36363636363636365,0.6666666666666666,0.47058823529411764,0.7866666666666666,0.46626706626706627
Hepatitis,DT,P-B,utama,18,0.7096774193548387,0.5089285714285714,0.25,0.14285714285714285,0.18181818181818182,0.5119047619047619,0.24116743471582183
Hepatitis,DT,P-B,utama,19,0.7096774193548387,0.6607142857142857,0.4,0.5714285714285714,0.47058823529411764,0.6369047619047619,0.3160492733073378
Hepatitis,DT,P-B,utama,20,0.8064516129032258,0.7533333333333333,0.5,0.6666666666666666,0.5714285714285714,0.9,0.6166666666666667
Hepatitis,DT,P-B,utama,21,0.7096774193548387,0.6933333333333334,0.36363636363636365,0.6666666666666666,0.47058823529411764,0.75,0.5125291375291375
Hepatitis,DT,P-B,utama,22,0.7741935483870968,0.7333333333333334,0.4444444444444444,0.6666666666666666,0.5333333333333333,0.7233333333333333,0.3348864994026284
Hepatitis,DT,P-B,utama,23,0.7096774193548387,0.7619047619047619,0.42857142857142855,0.8571428571428571,0.5714285714285714,0.8482142857142857,0.6135204081632653
Hepatitis,DT,P-B,utama,24,0.7096774193548387,0.5595238095238095,0.3333333333333333,0.2857142857142857,0.3076923076923077,0.5773809523809524,0.2928780896522832
Hepatitis,DT,P-B,utama,25,0.6451612903225806,0.7166666666666667,0.3333333333333333,0.8333333333333334,0.47619047619047616,0.6933333333333334,0.2833333333333333
Hepatitis,DT,P-B,utama,26,0.7741935483870968,0.7966666666666666,0.45454545454545453,0.8333333333333334,0.5882352941176471,0.8033333333333335,0.6004398826979472
Hepatitis,DT,P-B,utama,27,0.7741935483870968,0.7966666666666666,0.45454545454545453,0.8333333333333334,0.5882352941176471,0.7666666666666668,0.47838601064407515
Hepatitis,DT,P-B,utama,28,0.7096774193548387,0.7619047619047619,0.42857142857142855,0.8571428571428571,0.5714285714285714,0.8273809523809526,0.6236412844707775
Hepatitis,DT,P-B,utama,29,0.7741935483870968,0.7529761904761905,0.5,0.7142857142857143,0.5882352941176471,0.755952380952381,0.4772145417306708
Hepatitis,DT,P-B,utama,30,0.5806451612903226,0.6133333333333333,0.26666666666666666,0.6666666666666666,0.38095238095238093,0.6366666666666667,0.2934843830005121
Hepatitis,DT,P-B,utama,31,0.7419354838709677,0.65,0.375,0.5,0.42857142857142855,0.6733333333333332,0.3413018433179723
Hepatitis,DT,P-B,utama,32,0.5483870967741935,0.5933333333333333,0.25,0.6666666666666666,0.36363636363636365,0.6633333333333333,0.3311827956989247
Hepatitis,DT,P-B,utama,33,0.7419354838709677,0.6309523809523809,0.42857142857142855,0.42857142857142855,0.42857142857142855,0.7410714285714286,0.3934825543120475
Hepatitis,DT,P-B,utama,34,0.7741935483870968,0.7529761904761905,0.5,0.7142857142857143,0.5882352941176471,0.875,0.5518053375196232
Hepatitis,DT,P-B,utama,35,0.6774193548387096,0.6733333333333333,0.3333333333333333,0.6666666666666666,0.4444444444444444,0.7233333333333332,0.38859020310633213
Hepatitis,DT,P-B,utama,36,0.8064516129032258,0.7533333333333333,0.5,0.6666666666666666,0.5714285714285714,0.8333333333333334,0.7211469534050179
Hepatitis,DT,P-B,utama,37,0.7096774193548387,0.5033333333333333,0.2,0.16666666666666666,0.18181818181818182,0.47,0.19014336917562724
Hepatitis,DT,P-B,utama,38,0.8064516129032258,0.7738095238095238,0.5555555555555556,0.7142857142857143,0.625,0.875,0.7247899159663866
Hepatitis,DT,P-B,utama,39,0.6774193548387096,0.7410714285714286,0.4,0.8571428571428571,0.5454545454545454,0.7559523809523809,0.48313417253509416
Hepatitis,DT,P-B,utama,40,0.8387096774193549,0.71,0.6,0.5,0.5454545454545454,0.7733333333333333,0.4430875576036866
Hepatitis,DT,P-B,utama,41,0.7419354838709677,0.7766666666666666,0.4166666666666667,0.8333333333333334,0.5555555555555556,0.8966666666666667,0.5819444444444444
Hepatitis,DT,P-B,utama,42,0.6774193548387096,0.61,0.3,0.5,0.375,0.58,0.2846841962591488
Hepatitis,DT,P-B,utama,43,0.8387096774193549,0.7946428571428572,0.625,0.7142857142857143,0.6666666666666666,0.9226190476190476,0.7755102040816326
Hepatitis,DT,P-B,utama,44,0.6774193548387096,0.6398809523809523,0.36363636363636365,0.5714285714285714,0.4444444444444444,0.6696428571428572,0.3490113112693758
Hepatitis,DT,P-B,utama,45,0.6451612903225806,0.5900000000000001,0.2727272727272727,0.5,0.35294117647058826,0.6133333333333333,0.4803410448571739
Hepatitis,DT,P-B,utama,46,0.7419354838709677,0.7766666666666666,0.4166666666666667,0.8333333333333334,0.5555555555555556,0.8466666666666667,0.4575396825396825
Hepatitis,DT,P-B,utama,47,0.8064516129032258,0.69,0.5,0.5,0.5,0.8200000000000001,0.5050125313283208
Hepatitis,DT,P-B,utama,48,0.7419354838709677,0.6815476190476191,0.4444444444444444,0.5714285714285714,0.5,0.7886904761904763,0.5214355536936182
Hepatitis,DT,P-B,utama,49,0.7419354838709677,0.5803571428571428,0.4,0.2857142857142857,0.3333333333333333,0.7083333333333333,0.4690712513293158
Hepatitis,DT,P-C,utama,0,0.8709677419354839,0.73,0.75,0.5,0.6,0.7533333333333333,0.48581242532855434
Hepatitis,DT,P-C,utama,1,0.7741935483870968,0.7333333333333334,0.4444444444444444,0.6666666666666666,0.5333333333333333,0.7933333333333333,0.6047619047619047
Hepatitis,DT,P-C,utama,2,0.8064516129032258,0.8166666666666667,0.5,0.8333333333333334,0.625,0.8,0.6036866359447004
Hepatitis,DT,P-C,utama,3,0.6451612903225806,0.46726190476190477,0.16666666666666666,0.14285714285714285,0.15384615384615385,0.5238095238095238,0.3433179723502304
Hepatitis,DT,P-C,utama,4,0.6774193548387096,0.5892857142857143,0.3333333333333333,0.42857142857142855,0.375,0.675595238095238,0.3453081232492997
Hepatitis,DT,P-C,utama,5,0.8709677419354839,0.7933333333333333,0.6666666666666666,0.6666666666666666,0.6666666666666666,0.7633333333333334,0.532258064516129
Hepatitis,DT,P-C,utama,6,0.7741935483870968,0.6066666666666667,0.4,0.3333333333333333,0.36363636363636365,0.7866666666666666,0.5686274509803921
Hepatitis,DT,P-C,utama,7,0.7096774193548387,0.6933333333333334,0.36363636363636365,0.6666666666666666,0.47058823529411764,0.7633333333333334,0.4123085695666341
Hepatitis,DT,P-C,utama,8,0.7096774193548387,0.6101190476190476,0.375,0.42857142857142855,0.4,0.5773809523809523,0.36133969716919023
Hepatitis,DT,P-C,utama,9,0.7741935483870968,0.7529761904761905,0.5,0.7142857142857143,0.5882352941176471,0.8095238095238095,0.47914451140257586
Hepatitis,DT,P-C,utama,10,0.7741935483870968,0.48,0.0,0.0,0.0,0.48,0.22427035330261139
Hepatitis,DT,P-C,utama,11,0.7419354838709677,0.65,0.375,0.5,0.42857142857142855,0.7566666666666667,0.34799880525686977
Hepatitis,DT,P-C,utama,12,0.7419354838709677,0.46,0.0,0.0,0.0,0.7133333333333334,0.3378136200716846
Hepatitis,DT,P-C,utama,13,0.7419354838709677,0.6309523809523809,0.42857142857142855,0.42857142857142855,0.42857142857142855,0.5863095238095237,0.32146711455467214
Hepatitis,DT,P-C,utama,14,0.7741935483870968,0.6517857142857143,0.5,0.42857142857142855,0.46153846153846156,0.7738095238095238,0.45062541145490453
Hepatitis,DT,P-C,utama,15,0.7419354838709677,0.7133333333333334,0.4,0.6666666666666666,0.5,0.7133333333333333,0.3311827956989247
Hepatitis,DT,P-C,utama,16,0.8387096774193549,0.7733333333333333,0.5714285714285714,0.6666666666666666,0.6153846153846154,0.8200000000000001,0.5108294930875577
Hepatitis,DT,P-C,utama,17,0.7096774193548387,0.7566666666666667,0.38461538461538464,0.8333333333333334,0.5263157894736842,0.87,0.7119722382880278
Hepatitis,DT,P-C,utama,18,0.7096774193548387,0.6101190476190476,0.375,0.42857142857142855,0.4,0.7202380952380952,0.34654377880184334
Hepatitis,DT,P-C,utama,19,0.7419354838709677,0.6309523809523809,0.42857142857142855,0.42857142857142855,0.42857142857142855,0.8125000000000001,0.4962672248386534
Hepatitis,DT,P-C,utama,20,0.8387096774193549,0.7733333333333333,0.5714285714285714,0.6666666666666666,0.6153846153846154,0.7866666666666666,0.577020202020202
Hepatitis,DT,P-C,utama,21,0.7096774193548387,0.6933333333333334,0.36363636363636365,0.6666666666666666,0.47058823529411764,0.7866666666666666,0.488034188034188
Hepatitis,DT,P-C,utama,22,0.8387096774193549,0.8366666666666667,0.5555555555555556,0.8333333333333334,0.6666666666666666,0.8300000000000001,0.5415173237753883
Hepatitis,DT,P-C,utama,23,0.7419354838709677,0.6815476190476191,0.4444444444444444,0.5714285714285714,0.5,0.7410714285714286,0.4108294930875577
Hepatitis,DT,P-C,utama,24,0.6451612903225806,0.5684523809523809,0.3,0.42857142857142855,0.35294117647058826,0.5744047619047619,0.2699819381847032
Hepatitis,DT,P-C,utama,25,0.8064516129032258,0.69,0.5,0.5,0.5,0.67,0.43333333333333335
Hepatitis,DT,P-C,utama,26,0.7419354838709677,0.5866666666666667,0.3333333333333333,0.3333333333333333,0.3333333333333333,0.53,0.22957607217896428
Hepatitis,DT,P-C,utama,27,0.7419354838709677,0.65,0.375,0.5,0.42857142857142855,0.79,0.6107212679793325
Hepatitis,DT,P-C,utama,28,0.9032258064516129,0.9375,0.7,1.0,0.8235294117647058,0.9375,0.8006802721088435
Hepatitis,DT,P-C,utama,29,0.7419354838709677,0.5803571428571428,0.4,0.2857142857142857,0.3333333333333333,0.7827380952380952,0.40412087912087913
Hepatitis,DT,P-C,utama,30,0.8709677419354839,0.73,0.75,0.5,0.6,0.8733333333333334,0.5694444444444444
Hepatitis,DT,P-C,utama,31,0.8387096774193549,0.6466666666666666,0.6666666666666666,0.3333333333333333,0.4444444444444444,0.8400000000000001,0.6155913978494623
Hepatitis,DT,P-C,utama,32,0.7741935483870968,0.6066666666666667,0.4,0.3333333333333333,0.36363636363636365,0.7733333333333333,0.5555555555555556
Hepatitis,DT,P-C,utama,33,0.7741935483870968,0.7023809523809523,0.5,0.5714285714285714,0.5333333333333333,0.7410714285714286,0.5357142857142857
Hepatitis,DT,P-C,utama,34,0.8387096774193549,0.8452380952380952,0.6,0.8571428571428571,0.7058823529411765,0.9166666666666667,0.6432900432900432
Hepatitis,DT,P-C,utama,35,0.6451612903225806,0.5266666666666666,0.2222222222222222,0.3333333333333333,0.26666666666666666,0.4933333333333333,0.20310633213859022
Hepatitis,DT,P-C,utama,36,0.8709677419354839,0.8566666666666667,0.625,0.8333333333333334,0.7142857142857143,0.8766666666666667,0.7030913978494624
Hepatitis,DT,P-C,utama,37,0.7096774193548387,0.5033333333333333,0.2,0.16666666666666666,0.18181818181818182,0.42999999999999994,0.20278773397052968
Hepatitis,DT,P-C,utama,38,0.8064516129032258,0.7232142857142857,0.5714285714285714,0.5714285714285714,0.5714285714285714,0.7767857142857142,0.4611129397995758
Hepatitis,DT,P-C,utama,39,0.6774193548387096,0.5892857142857143,0.3333333333333333,0.42857142857142855,0.375,0.7410714285714286,0.40294452091687116
Hepatitis,DT,P-C,utama,40,0.8387096774193549,0.71,0.6,0.5,0.5454545454545454,0.7766666666666666,0.6597542242703534
Hepatitis,DT,P-C,utama,41,0.7096774193548387,0.6933333333333334,0.36363636363636365,0.6666666666666666,0.47058823529411764,0.81,0.5731735369893265
Hepatitis,DT,P-C,utama,42,0.6451612903225806,0.5900000000000001,0.2727272727272727,0.5,0.35294117647058826,0.5466666666666666,0.3450583937850491
Hepatitis,DT,P-C,utama,43,0.8709677419354839,0.8154761904761905,0.7142857142857143,0.7142857142857143,0.7142857142857143,0.8035714285714286,0.6407066052227343
Hepatitis,DT,P-C,utama,44,0.6774193548387096,0.5386904761904762,0.2857142857142857,0.2857142857142857,0.2857142857142857,0.6011904761904762,0.29949528198376124
Hepatitis,DT,P-C,utama,45,0.6774193548387096,0.61,0.3,0.5,0.375,0.5466666666666666,0.24201228878648234
Hepatitis,DT,P-C,utama,46,0.7419354838709677,0.7133333333333334,0.4,0.6666666666666666,0.5,0.8699999999999999,0.5777777777777778
Hepatitis,DT,P-C,utama,47,0.7419354838709677,0.7133333333333334,0.4,0.6666666666666666,0.5,0.71,0.3811827956989247
Hepatitis,DT,P-C,utama,48,0.7741935483870968,0.7023809523809523,0.5,0.5714285714285714,0.5333333333333333,0.7440476190476191,0.4573732718894009
Hepatitis,DT,P-C,utama,49,0.7419354838709677,0.5297619047619048,0.3333333333333333,0.14285714285714285,0.2,0.6309523809523809,0.31582181259600617
Hepatitis,KNN,P-A,utama,0,0.8064516129032258,0.69,0.5,0.5,0.5,0.8400000000000001,0.6248506571087216
Hepatitis,KNN,P-A,utama,1,0.7419354838709677,0.46,0.0,0.0,0.0,0.8733333333333333,0.55
Hepatitis,KNN,P-A,utama,2,0.8064516129032258,0.5633333333333334,0.5,0.16666666666666666,0.25,0.7933333333333334,0.5487415809996455
Hepatitis,KNN,P-A,utama,3,0.8709677419354839,0.8154761904761905,0.7142857142857143,0.7142857142857143,0.7142857142857143,0.8839285714285715,0.5802721088435374
Hepatitis,KNN,P-A,utama,4,0.7419354838709677,0.5803571428571428,0.4,0.2857142857142857,0.3333333333333333,0.806547619047619,0.4376304367901007
Hepatitis,KNN,P-A,utama,5,0.9032258064516129,0.8133333333333332,0.8,0.6666666666666666,0.7272727272727273,0.9366666666666666,0.7262626262626263
Hepatitis,KNN,P-A,utama,6,0.8064516129032258,0.6266666666666667,0.5,0.3333333333333333,0.4,0.88,0.5833333333333334
Hepatitis,KNN,P-A,utama,7,0.8387096774193549,0.6466666666666666,0.6666666666666666,0.3333333333333333,0.4444444444444444,0.8933333333333333,0.6221001221001221
Hepatitis,KNN,P-A,utama,8,0.8064516129032258,0.6220238095238095,0.6666666666666666,0.2857142857142857,0.4,0.7738095238095237,0.570468509984639
Hepatitis,KNN,P-A,utama,9,0.7741935483870968,0.6011904761904762,0.5,0.2857142857142857,0.36363636363636365,0.7916666666666667,0.581320113578178
Hepatitis,KNN,P-A,utama,10,0.8387096774193549,0.6466666666666666,0.6666666666666666,0.3333333333333333,0.4444444444444444,0.87,0.5069444444444444
Hepatitis,KNN,P-A,utama,11,0.7741935483870968,0.6066666666666667,0.4,0.3333333333333333,0.36363636363636365,0.7866666666666666,0.49442737668544123
Hepatitis,KNN,P-A,utama,12,0.8709677419354839,0.6666666666666666,1.0,0.3333333333333333,0.5,0.9333333333333333,0.7314814814814814
Hepatitis,KNN,P-A,utama,13,0.8387096774193549,0.7440476190476191,0.6666666666666666,0.5714285714285714,0.6153846153846154,0.818452380952381,0.6879357201937846
Hepatitis,KNN,P-A,utama,14,0.7741935483870968,0.6517857142857143,0.5,0.42857142857142855,0.46153846153846156,0.8392857142857143,0.6781076066790352
Hepatitis,KNN,P-A,utama,15,0.8387096774193549,0.6466666666666666,0.6666666666666666,0.3333333333333333,0.4444444444444444,0.7299999999999999,0.5359447004608295
Hepatitis,KNN,P-A,utama,16,0.8387096774193549,0.71,0.6,0.5,0.5454545454545454,0.8966666666666666,0.6158730158730159
Hepatitis,KNN,P-A,utama,17,0.9354838709677419,0.8333333333333333,1.0,0.6666666666666666,0.8,0.95,0.8523809523809525
Hepatitis,KNN,P-A,utama,18,0.7419354838709677,0.4791666666666667,0.0,0.0,0.0,0.8125,0.48507191732998184
Hepatitis,KNN,P-A,utama,19,0.8387096774193549,0.7440476190476191,0.6666666666666666,0.5714285714285714,0.6153846153846154,0.851190476190476,0.6533613445378151
Hepatitis,KNN,P-A,utama,20,0.9032258064516129,0.75,1.0,0.5,0.6666666666666666,0.9366666666666665,0.7867063492063492
Hepatitis,KNN,P-A,utama,21,0.8709677419354839,0.73,0.75,0.5,0.6,0.8066666666666668,0.6499320571901217
Hepatitis,KNN,P-A,utama,22,0.8387096774193549,0.6466666666666666,0.6666666666666666,0.3333333333333333,0.4444444444444444,0.8133333333333335,0.622205154463219
Hepatitis,KNN,P-A,utama,23,0.8064516129032258,0.5714285714285714,1.0,0.14285714285714285,0.25,0.8482142857142858,0.5656454656454657
Hepatitis,KNN,P-A,utama,24,0.7741935483870968,0.6517857142857143,0.5,0.42857142857142855,0.46153846153846156,0.7857142857142858,0.6341418949713881
Hepatitis,KNN,P-A,utama,25,0.7419354838709677,0.5233333333333333,0.25,0.16666666666666666,0.2,0.7366666666666668,0.3322580645161291
Hepatitis,KNN,P-A,utama,26,0.8064516129032258,0.5633333333333334,0.5,0.16666666666666666,0.25,0.8766666666666667,0.5945378151260504
Hepatitis,KNN,P-A,utama,27,0.8709677419354839,0.73,0.75,0.5,0.6,0.8533333333333333,0.6899961597542243
Hepatitis,KNN,P-A,utama,28,0.8064516129032258,0.6726190476190476,0.6,0.42857142857142855,0.5,0.9166666666666667,0.7285714285714285
Hepatitis,KNN,P-A,utama,29,0.7419354838709677,0.5803571428571428,0.4,0.2857142857142857,0.3333333333333333,0.8095238095238095,0.5457393483709273
Hepatitis,KNN,P-A,utama,30,0.8064516129032258,0.6266666666666667,0.5,0.3333333333333333,0.4,0.8433333333333334,0.5553751803751804
Hepatitis,KNN,P-A,utama,31,0.9032258064516129,0.75,1.0,0.5,0.6666666666666666,0.8800000000000001,0.7405913978494624
Hepatitis,KNN,P-A,utama,32,0.9032258064516129,0.8133333333333332,0.8,0.6666666666666666,0.7272727272727273,0.9,0.7162878787878788
Hepatitis,KNN,P-A,utama,33,0.7419354838709677,0.5297619047619048,0.3333333333333333,0.14285714285714285,0.2,0.7708333333333334,0.4934825543120474
Hepatitis,KNN,P-A,utama,34,0.8709677419354839,0.7648809523809523,0.8,0.5714285714285714,0.6666666666666666,0.8660714285714287,0.6465437788018433
Hepatitis,KNN,P-A,utama,35,0.8064516129032258,0.69,0.5,0.5,0.5,0.7133333333333332,0.45845552297165204
Hepatitis,KNN,P-A,utama,36,0.9032258064516129,0.75,1.0,0.5,0.6666666666666666,0.9233333333333333,0.7827903091060986
Hepatitis,KNN,P-A,utama,37,0.7741935483870968,0.5433333333333333,0.3333333333333333,0.16666666666666666,0.2222222222222222,0.8366666666666667,0.5266025641025641
Hepatitis,KNN,P-A,utama,38,0.8064516129032258,0.5714285714285714,1.0,0.14285714285714285,0.25,0.9464285714285714,0.7571428571428571
Hepatitis,KNN,P-A,utama,39,0.8064516129032258,0.6726190476190476,0.6,0.42857142857142855,0.5,0.875,0.6047619047619047
Hepatitis,KNN,P-A,utama,40,0.8709677419354839,0.73,0.75,0.5,0.6,0.7933333333333332,0.57642089093702
Hepatitis,KNN,P-A,utama,41,0.8709677419354839,0.73,0.75,0.5,0.6,0.9,0.6805555555555555
Hepatitis,KNN,P-A,utama,42,0.7741935483870968,0.6699999999999999,0.42857142857142855,0.5,0.46153846153846156,0.8033333333333333,0.4732804232804233
Hepatitis,KNN,P-A,utama,43,0.8709677419354839,0.7142857142857143,1.0,0.42857142857142855,0.6,0.9404761904761905,0.8571428571428572
Hepatitis,KNN,P-A,utama,44,0.8064516129032258,0.6220238095238095,0.6666666666666666,0.2857142857142857,0.4,0.6339285714285714,0.38197644649257545
Hepatitis,KNN,P-A,utama,45,0.8064516129032258,0.6266666666666667,0.5,0.3333333333333333,0.4,0.8666666666666667,0.6333333333333333
Hepatitis,KNN,P-A,utama,46,0.8387096774193549,0.71,0.6,0.5,0.5454545454545454,0.8899999999999999,0.6799242424242423
Hepatitis,KNN,P-A,utama,47,0.8064516129032258,0.5633333333333334,0.5,0.16666666666666666,0.25,0.8300000000000001,0.4477124183006536
Hepatitis,KNN,P-A,utama,48,0.7741935483870968,0.6517857142857143,0.5,0.42857142857142855,0.46153846153846156,0.8125,0.5449041485907845
Hepatitis,KNN,P-A,utama,49,0.8064516129032258,0.6220238095238095,0.6666666666666666,0.2857142857142857,0.4,0.7738095238095238,0.564516129032258
Hepatitis,KNN,P-C,utama,0,0.8387096774193549,0.8366666666666667,0.5555555555555556,0.8333333333333334,0.6666666666666666,0.8833333333333334,0.7703533026113671
Hepatitis,KNN,P-C,utama,1,0.7741935483870968,0.7966666666666666,0.45454545454545453,0.8333333333333334,0.5882352941176471,0.8533333333333333,0.6096861471861472
Hepatitis,KNN,P-C,utama,2,0.7096774193548387,0.6933333333333334,0.36363636363636365,0.6666666666666666,0.47058823529411764,0.7733333333333334,0.5236333558914205
Hepatitis,KNN,P-C,utama,3,0.8387096774193549,0.8958333333333333,0.5833333333333334,1.0,0.7368421052631579,0.9047619047619049,0.6309523809523809
Hepatitis,KNN,P-C,utama,4,0.7419354838709677,0.7321428571428572,0.45454545454545453,0.7142857142857143,0.5555555555555556,0.8184523809523808,0.4643939393939394
Hepatitis,KNN,P-C,utama,5,0.8387096774193549,0.9,0.5454545454545454,1.0,0.7058823529411765,0.9566666666666667,0.7634920634920634
Hepatitis,KNN,P-C,utama,6,0.7096774193548387,0.7566666666666667,0.38461538461538464,0.8333333333333334,0.5263157894736842,0.8566666666666667,0.6266025641025641
Hepatitis,KNN,P-C,utama,7,0.7741935483870968,0.7966666666666666,0.45454545454545453,0.8333333333333334,0.5882352941176471,0.8633333333333334,0.47507122507122507
Hepatitis,KNN,P-C,utama,8,0.7419354838709677,0.7321428571428572,0.45454545454545453,0.7142857142857143,0.5555555555555556,0.7470238095238095,0.5070022143754862
Hepatitis,KNN,P-C,utama,9,0.7096774193548387,0.6607142857142857,0.4,0.5714285714285714,0.47058823529411764,0.7678571428571429,0.4737546631555848
Hepatitis,KNN,P-C,utama,10,0.8387096774193549,0.9,0.5454545454545454,1.0,0.7058823529411765,0.9,0.538961038961039
Hepatitis,KNN,P-C,utama,11,0.8064516129032258,0.8166666666666667,0.5,0.8333333333333334,0.625,0.7766666666666666,0.40448028673835124
Hepatitis,KNN,P-C,utama,12,0.7741935483870968,0.7966666666666666,0.45454545454545453,0.8333333333333334,0.5882352941176471,0.93,0.7430555555555556
Hepatitis,KNN,P-C,utama,13,0.7096774193548387,0.7113095238095238,0.4166666666666667,0.7142857142857143,0.5263157894736842,0.8273809523809524,0.69343022568829
Hepatitis,KNN,P-C,utama,14,0.6774193548387096,0.7410714285714286,0.4,0.8571428571428571,0.5454545454545454,0.8303571428571429,0.6655844155844155
Hepatitis,KNN,P-C,utama,15,0.8064516129032258,0.69,0.5,0.5,0.5,0.7,0.4717741935483871
Hepatitis,KNN,P-C,utama,16,0.7741935483870968,0.86,0.46153846153846156,1.0,0.631578947368421,0.9166666666666666,0.7554945054945055
Hepatitis,KNN,P-C,utama,17,0.8064516129032258,0.88,0.5,1.0,0.6666666666666666,0.9366666666666668,0.7760942760942761
Hepatitis,KNN,P-C,utama,18,0.8064516129032258,0.8244047619047619,0.5454545454545454,0.8571428571428571,0.6666666666666666,0.8214285714285714,0.5044287509725297
Hepatitis,KNN,P-C,utama,19,0.6774193548387096,0.7410714285714286,0.4,0.8571428571428571,0.5454545454545454,0.8392857142857143,0.6294584500466853
Hepatitis,KNN,P-C,utama,20,0.7741935483870968,0.6699999999999999,0.42857142857142855,0.5,0.46153846153846156,0.7866666666666666,0.4541139863720509
Hepatitis,KNN,P-C,utama,21,0.7096774193548387,0.7566666666666667,0.38461538461538464,0.8333333333333334,0.5263157894736842,0.8333333333333334,0.7267025089605734
Hepatitis,KNN,P-C,utama,22,0.8064516129032258,0.8166666666666667,0.5,0.8333333333333334,0.625,0.7966666666666667,0.44892473118279574
Hepatitis,KNN,P-C,utama,23,0.7419354838709677,0.7827380952380952,0.46153846153846156,0.8571428571428571,0.6,0.8958333333333334,0.7326007326007327
Hepatitis,KNN,P-C,utama,24,0.7419354838709677,0.7321428571428572,0.45454545454545453,0.7142857142857143,0.5555555555555556,0.7946428571428572,0.5538000146295077
Hepatitis,KNN,P-C,utama,25,0.7096774193548387,0.6933333333333334,0.36363636363636365,0.6666666666666666,0.47058823529411764,0.7633333333333334,0.45725806451612905
Hepatitis,KNN,P-C,utama,26,0.7741935483870968,0.7333333333333334,0.4444444444444444,0.6666666666666666,0.5333333333333333,0.8600000000000001,0.5482804232804233
Hepatitis,KNN,P-C,utama,27,0.7741935483870968,0.7966666666666666,0.45454545454545453,0.8333333333333334,0.5882352941176471,0.8899999999999999,0.8655913978494623
Hepatitis,KNN,P-C,utama,28,0.7741935483870968,0.8541666666666667,0.5,1.0,0.6666666666666666,0.9553571428571428,0.7976190476190476
Hepatitis,KNN,P-C,utama,29,0.7419354838709677,0.7827380952380952,0.46153846153846156,0.8571428571428571,0.6,0.8154761904761905,0.4921855921855922
Hepatitis,KNN,P-C,utama,30,0.7741935483870968,0.7966666666666666,0.45454545454545453,0.8333333333333334,0.5882352941176471,0.8866666666666666,0.7215909090909092
Hepatitis,KNN,P-C,utama,31,0.8387096774193549,0.8366666666666667,0.5555555555555556,0.8333333333333334,0.6666666666666666,0.8333333333333334,0.6433691756272402
Hepatitis,KNN,P-C,utama,32,0.5483870967741935,0.72,0.3,1.0,0.46153846153846156,0.8066666666666666,0.42499999999999993
Hepatitis,KNN,P-C,utama,33,0.6774193548387096,0.6398809523809523,0.36363636363636365,0.5714285714285714,0.4444444444444444,0.7559523809523809,0.5553599626180271
Hepatitis,KNN,P-C,utama,34,0.8064516129032258,0.8244047619047619,0.5454545454545454,0.8571428571428571,0.6666666666666666,0.8690476190476191,0.71321044546851
Hepatitis,KNN,P-C,utama,35,0.6774193548387096,0.6733333333333333,0.3333333333333333,0.6666666666666666,0.4444444444444444,0.7499999999999999,0.5719235364396654
Hepatitis,KNN,P-C,utama,36,0.8709677419354839,0.7933333333333333,0.6666666666666666,0.6666666666666666,0.6666666666666666,0.9066666666666667,0.7116013071895424
Hepatitis,KNN,P-C,utama,37,0.7419354838709677,0.7133333333333334,0.4,0.6666666666666666,0.5,0.8333333333333333,0.5138528138528139
Hepatitis,KNN,P-C,utama,38,0.7741935483870968,0.8035714285714286,0.5,0.8571428571428571,0.631578947368421,0.9196428571428572,0.8035714285714285
Hepatitis,KNN,P-C,utama,39,0.7741935483870968,0.8541666666666667,0.5,1.0,0.6666666666666666,0.9166666666666667,0.6904761904761905
Hepatitis,KNN,P-C,utama,40,0.8387096774193549,0.7733333333333333,0.5714285714285714,0.6666666666666666,0.6153846153846154,0.7833333333333333,0.5375320020481311
Hepatitis,KNN,P-C,utama,41,0.7419354838709677,0.7766666666666666,0.4166666666666667,0.8333333333333334,0.5555555555555556,0.9066666666666666,0.7302521008403362
Hepatitis,KNN,P-C,utama,42,0.7096774193548387,0.8200000000000001,0.4,1.0,0.5714285714285714,0.7866666666666666,0.4777777777777778
Hepatitis,KNN,P-C,utama,43,0.8709677419354839,0.8154761904761905,0.7142857142857143,0.7142857142857143,0.7142857142857143,0.9464285714285715,0.8443223443223443
Hepatitis,KNN,P-C,utama,44,0.7096774193548387,0.6607142857142857,0.4,0.5714285714285714,0.47058823529411764,0.75,0.4579031612645058
Hepatitis,KNN,P-C,utama,45,0.7741935483870968,0.7333333333333334,0.4444444444444444,0.6666666666666666,0.5333333333333333,0.8666666666666667,0.7060185185185186
Hepatitis,KNN,P-C,utama,46,0.7419354838709677,0.8400000000000001,0.42857142857142855,1.0,0.6,0.9,0.6853174603174603
Hepatitis,KNN,P-C,utama,47,0.7419354838709677,0.7133333333333334,0.4,0.6666666666666666,0.5,0.87,0.58994708994709
Hepatitis,KNN,P-C,utama,48,0.7419354838709677,0.7321428571428572,0.45454545454545453,0.7142857142857143,0.5555555555555556,0.8273809523809523,0.6671786994367639
Hepatitis,KNN,P-C,utama,49,0.8064516129032258,0.7738095238095238,0.5555555555555556,0.7142857142857143,0.625,0.7976190476190477,0.5144009216589862
Hepatitis,RF,P-A,utama,0,0.8709677419354839,0.73,0.75,0.5,0.6,0.89,0.6194444444444445
Hepatitis,RF,P-A,utama,1,0.7741935483870968,0.5433333333333333,0.3333333333333333,0.16666666666666666,0.2222222222222222,0.86,0.5047619047619046
Hepatitis,RF,P-A,utama,2,0.9032258064516129,0.75,1.0,0.5,0.6666666666666666,0.8733333333333333,0.7652777777777777
Hepatitis,RF,P-A,utama,3,0.8064516129032258,0.6220238095238095,0.6666666666666666,0.2857142857142857,0.4,0.8928571428571428,0.7446428571428572
Hepatitis,RF,P-A,utama,4,0.7419354838709677,0.5803571428571428,0.4,0.2857142857142857,0.3333333333333333,0.8035714285714286,0.48863636363636365
Hepatitis,RF,P-A,utama,5,0.8709677419354839,0.7933333333333333,0.6666666666666666,0.6666666666666666,0.6666666666666666,0.9666666666666667,0.8968253968253967
Hepatitis,RF,P-A,utama,6,0.8064516129032258,0.5633333333333334,0.5,0.16666666666666666,0.25,0.84,0.5668290043290043
Hepatitis,RF,P-A,utama,7,0.8064516129032258,0.69,0.5,0.5,0.5,0.8733333333333333,0.6
Hepatitis,RF,P-A,utama,8,0.8387096774193549,0.6934523809523809,0.75,0.42857142857142855,0.5454545454545454,0.8244047619047619,0.7438226903664691
Hepatitis,RF,P-A,utama,9,0.8709677419354839,0.7142857142857143,1.0,0.42857142857142855,0.6,0.7738095238095237,0.7255102040816326
Hepatitis,RF,P-A,utama,10,0.8387096774193549,0.6466666666666666,0.6666666666666666,0.3333333333333333,0.4444444444444444,0.9066666666666667,0.6079365079365079
Hepatitis,RF,P-A,utama,11,0.8064516129032258,0.7533333333333333,0.5,0.6666666666666666,0.5714285714285714,0.8866666666666666,0.7569444444444444
Hepatitis,RF,P-A,utama,12,0.8387096774193549,0.6466666666666666,0.6666666666666666,0.3333333333333333,0.4444444444444444,0.9333333333333332,0.7402777777777777
Hepatitis,RF,P-A,utama,13,0.8709677419354839,0.7648809523809523,0.8,0.5714285714285714,0.6666666666666666,0.8214285714285714,0.6757936507936508
Hepatitis,RF,P-A,utama,14,0.8709677419354839,0.7142857142857143,1.0,0.42857142857142855,0.6,0.8809523809523809,0.7634920634920634
Hepatitis,RF,P-A,utama,15,0.8064516129032258,0.6266666666666667,0.5,0.3333333333333333,0.4,0.85,0.5138888888888888
Hepatitis,RF,P-A,utama,16,0.9032258064516129,0.8133333333333332,0.8,0.6666666666666666,0.7272727272727273,0.8866666666666666,0.734090909090909
Hepatitis,RF,P-A,utama,17,0.9032258064516129,0.8133333333333332,0.8,0.6666666666666666,0.7272727272727273,0.9466666666666665,0.8617424242424241
Hepatitis,RF,P-A,utama,18,0.7741935483870968,0.5505952380952381,0.5,0.14285714285714285,0.2222222222222222,0.7738095238095237,0.6036727822442108
Hepatitis,RF,P-A,utama,19,0.8064516129032258,0.6726190476190476,0.6,0.42857142857142855,0.5,0.8392857142857143,0.6556689342403628
Hepatitis,RF,P-A,utama,20,0.9032258064516129,0.75,1.0,0.5,0.6666666666666666,0.9199999999999999,0.8269230769230769
Hepatitis,RF,P-A,utama,21,0.8709677419354839,0.7933333333333333,0.6666666666666666,0.6666666666666666,0.6666666666666666,0.8333333333333334,0.7404761904761904
Hepatitis,RF,P-A,utama,22,0.8387096774193549,0.71,0.6,0.5,0.5454545454545454,0.8,0.5603174603174603
Hepatitis,RF,P-A,utama,23,0.8064516129032258,0.6220238095238095,0.6666666666666666,0.2857142857142857,0.4,0.9166666666666666,0.7210884353741496
Hepatitis,RF,P-A,utama,24,0.8387096774193549,0.6934523809523809,0.75,0.42857142857142855,0.5454545454545454,0.8273809523809523,0.6805227354099534
Hepatitis,RF,P-A,utama,25,0.8387096774193549,0.71,0.6,0.5,0.5454545454545454,0.7733333333333334,0.5789272030651341
Hepatitis,RF,P-A,utama,26,0.8064516129032258,0.5633333333333334,0.5,0.16666666666666666,0.25,0.8533333333333334,0.6035353535353535
Hepatitis,RF,P-A,utama,27,0.9032258064516129,0.75,1.0,0.5,0.6666666666666666,0.8733333333333333,0.7916666666666666
Hepatitis,RF,P-A,utama,28,0.9032258064516129,0.7857142857142857,1.0,0.5714285714285714,0.7272727272727273,0.9523809523809523,0.9081632653061225
Hepatitis,RF,P-A,utama,29,0.8064516129032258,0.6726190476190476,0.6,0.42857142857142855,0.5,0.8452380952380953,0.6556998556998557
Hepatitis,RF,P-A,utama,30,0.8709677419354839,0.6666666666666666,1.0,0.3333333333333333,0.5,0.9266666666666666,0.7438492063492063
Hepatitis,RF,P-A,utama,31,0.8387096774193549,0.6466666666666666,0.6666666666666666,0.3333333333333333,0.4444444444444444,0.8066666666666666,0.6335470085470085
Hepatitis,RF,P-A,utama,32,0.8387096774193549,0.71,0.6,0.5,0.5454545454545454,0.8400000000000001,0.5133089133089133
Hepatitis,RF,P-A,utama,33,0.8387096774193549,0.6934523809523809,0.75,0.42857142857142855,0.5454545454545454,0.8095238095238095,0.6109977324263038
Hepatitis,RF,P-A,utama,34,0.8709677419354839,0.8154761904761905,0.7142857142857143,0.7142857142857143,0.7142857142857143,0.9047619047619048,0.7520408163265306
Hepatitis,RF,P-A,utama,35,0.8387096774193549,0.71,0.6,0.5,0.5454545454545454,0.7999999999999999,0.5906862745098039
Hepatitis,RF,P-A,utama,36,0.9354838709677419,0.8333333333333333,1.0,0.6666666666666666,0.8,0.9733333333333333,0.9333333333333333
Hepatitis,RF,P-A,utama,37,0.7741935483870968,0.5433333333333333,0.3333333333333333,0.16666666666666666,0.2222222222222222,0.8133333333333334,0.43528138528138527
Hepatitis,RF,P-A,utama,38,0.8064516129032258,0.5714285714285714,1.0,0.14285714285714285,0.25,0.9702380952380952,0.9404761904761902
Hepatitis,RF,P-A,utama,39,0.8387096774193549,0.7440476190476191,0.6666666666666666,0.5714285714285714,0.6153846153846154,0.8988095238095238,0.7537724180581322
Hepatitis,RF,P-A,utama,40,0.9032258064516129,0.75,1.0,0.5,0.6666666666666666,0.88,0.764102564102564
Hepatitis,RF,P-A,utama,41,0.8709677419354839,0.73,0.75,0.5,0.6,0.9199999999999999,0.7464285714285713
Hepatitis,RF,P-A,utama,42,0.8064516129032258,0.6266666666666667,0.5,0.3333333333333333,0.4,0.7533333333333333,0.5624007936507937
Hepatitis,RF,P-A,utama,43,0.8709677419354839,0.7142857142857143,1.0,0.42857142857142855,0.6,0.9583333333333334,0.9136577708006279
Hepatitis,RF,P-A,utama,44,0.7741935483870968,0.6011904761904762,0.5,0.2857142857142857,0.36363636363636365,0.8273809523809524,0.5904252610134963
Hepatitis,RF,P-A,utama,45,0.9032258064516129,0.8133333333333332,0.8,0.6666666666666666,0.7272727272727273,0.8400000000000001,0.7025735294117647
Hepatitis,RF,P-A,utama,46,0.8387096774193549,0.71,0.6,0.5,0.5454545454545454,0.8666666666666667,0.663034188034188
Hepatitis,RF,P-A,utama,47,0.8709677419354839,0.73,0.75,0.5,0.6,0.9333333333333333,0.746067821067821
Hepatitis,RF,P-A,utama,48,0.8387096774193549,0.6934523809523809,0.75,0.42857142857142855,0.5454545454545454,0.8273809523809523,0.6929181929181929
Hepatitis,RF,P-A,utama,49,0.8709677419354839,0.7142857142857143,1.0,0.42857142857142855,0.6,0.8988095238095238,0.8166666666666667
Hepatitis,RF,P-B,utama,0,0.8709677419354839,0.8566666666666667,0.625,0.8333333333333334,0.7142857142857143,0.89,0.6013888888888889
Hepatitis,RF,P-B,utama,1,0.8387096774193549,0.8366666666666667,0.5555555555555556,0.8333333333333334,0.6666666666666666,0.8733333333333334,0.525595238095238
Hepatitis,RF,P-B,utama,2,0.7741935483870968,0.7966666666666666,0.45454545454545453,0.8333333333333334,0.5882352941176471,0.8533333333333333,0.8009259259259259
Hepatitis,RF,P-B,utama,3,0.7741935483870968,0.7023809523809523,0.5,0.5714285714285714,0.5333333333333333,0.7916666666666666,0.44988404452690167
Hepatitis,RF,P-B,utama,4,0.7419354838709677,0.6815476190476191,0.4444444444444444,0.5714285714285714,0.5,0.7976190476190476,0.47991632550456076
Hepatitis,RF,P-B,utama,5,0.8387096774193549,0.8366666666666667,0.5555555555555556,0.8333333333333334,0.6666666666666666,0.96,0.8857142857142857
Hepatitis,RF,P-B,utama,6,0.8064516129032258,0.69,0.5,0.5,0.5,0.82,0.538507326007326
Hepatitis,RF,P-B,utama,7,0.8387096774193549,0.8366666666666667,0.5555555555555556,0.8333333333333334,0.6666666666666666,0.9066666666666666,0.660515873015873
Hepatitis,RF,P-B,utama,8,0.8064516129032258,0.7738095238095238,0.5555555555555556,0.7142857142857143,0.625,0.8303571428571428,0.7567277167277167
Hepatitis,RF,P-B,utama,9,0.7419354838709677,0.6815476190476191,0.4444444444444444,0.5714285714285714,0.5,0.8035714285714285,0.7445054945054945
Hepatitis,RF,P-B,utama,10,0.8709677419354839,0.8566666666666667,0.625,0.8333333333333334,0.7142857142857143,0.9133333333333333,0.6155122655122655
Hepatitis,RF,P-B,utama,11,0.7741935483870968,0.7333333333333334,0.4444444444444444,0.6666666666666666,0.5333333333333333,0.8066666666666666,0.5240601503759399
Hepatitis,RF,P-B,utama,12,0.8387096774193549,0.8366666666666667,0.5555555555555556,0.8333333333333334,0.6666666666666666,0.9066666666666666,0.6855158730158729
Hepatitis,RF,P-B,utama,13,0.7419354838709677,0.6815476190476191,0.4444444444444444,0.5714285714285714,0.5,0.8035714285714285,0.6638888888888888
Hepatitis,RF,P-B,utama,14,0.7419354838709677,0.7827380952380952,0.46153846153846156,0.8571428571428571,0.6,0.8988095238095238,0.7990079365079363
Hepatitis,RF,P-B,utama,15,0.8064516129032258,0.7533333333333333,0.5,0.6666666666666666,0.5714285714285714,0.8633333333333333,0.5571067821067821
Hepatitis,RF,P-B,utama,16,0.8064516129032258,0.8166666666666667,0.5,0.8333333333333334,0.625,0.9066666666666666,0.7625
Hepatitis,RF,P-B,utama,17,0.7741935483870968,0.7966666666666666,0.45454545454545453,0.8333333333333334,0.5882352941176471,0.9466666666666667,0.8690476190476191
Hepatitis,RF,P-B,utama,18,0.8387096774193549,0.7440476190476191,0.6666666666666666,0.5714285714285714,0.6153846153846154,0.8095238095238095,0.5998763141620285
Hepatitis,RF,P-B,utama,19,0.6774193548387096,0.6904761904761905,0.38461538461538464,0.7142857142857143,0.5,0.7678571428571429,0.49252276668243056
Hepatitis,RF,P-B,utama,20,0.9032258064516129,0.8133333333333332,0.8,0.6666666666666666,0.7272727272727273,0.9133333333333333,0.8041666666666667
Hepatitis,RF,P-B,utama,21,0.7741935483870968,0.7333333333333334,0.4444444444444444,0.6666666666666666,0.5333333333333333,0.84,0.7252136752136752
Hepatitis,RF,P-B,utama,22,0.8387096774193549,0.8366666666666667,0.5555555555555556,0.8333333333333334,0.6666666666666666,0.8266666666666668,0.540303657694962
Hepatitis,RF,P-B,utama,23,0.8064516129032258,0.8244047619047619,0.5454545454545454,0.8571428571428571,0.6666666666666666,0.8928571428571428,0.6322261072261072
Hepatitis,RF,P-B,utama,24,0.6774193548387096,0.6904761904761905,0.38461538461538464,0.7142857142857143,0.5,0.7797619047619048,0.6130952380952381
Hepatitis,RF,P-B,utama,25,0.7096774193548387,0.6933333333333334,0.36363636363636365,0.6666666666666666,0.47058823529411764,0.7799999999999999,0.569017094017094
Hepatitis,RF,P-B,utama,26,0.7741935483870968,0.6699999999999999,0.42857142857142855,0.5,0.46153846153846156,0.8533333333333334,0.5436507936507936
Hepatitis,RF,P-B,utama,27,0.8387096774193549,0.7733333333333333,0.5714285714285714,0.6666666666666666,0.6153846153846154,0.86,0.6720760233918128
Hepatitis,RF,P-B,utama,28,0.8709677419354839,0.8660714285714286,0.6666666666666666,0.8571428571428571,0.75,0.9523809523809523,0.9081632653061225
Hepatitis,RF,P-B,utama,29,0.7741935483870968,0.7023809523809523,0.5,0.5714285714285714,0.5333333333333333,0.8630952380952381,0.6406204906204906
Hepatitis,RF,P-B,utama,30,0.9032258064516129,0.94,0.6666666666666666,1.0,0.8,0.9333333333333332,0.7291666666666666
Hepatitis,RF,P-B,utama,31,0.7741935483870968,0.6699999999999999,0.42857142857142855,0.5,0.46153846153846156,0.8133333333333334,0.6444444444444444
Hepatitis,RF,P-B,utama,32,0.7096774193548387,0.63,0.3333333333333333,0.5,0.4,0.8066666666666666,0.48124098124098125
Hepatitis,RF,P-B,utama,33,0.7096774193548387,0.6101190476190476,0.375,0.42857142857142855,0.4,0.8035714285714286,0.6325087610801896
Hepatitis,RF,P-B,utama,34,0.8387096774193549,0.8452380952380952,0.6,0.8571428571428571,0.7058823529411765,0.9107142857142857,0.7877551020408162
Hepatitis,RF,P-B,utama,35,0.7096774193548387,0.6933333333333334,0.36363636363636365,0.6666666666666666,0.47058823529411764,0.7866666666666666,0.48235294117647054
Hepatitis,RF,P-B,utama,36,0.8709677419354839,0.8566666666666667,0.625,0.8333333333333334,0.7142857142857143,0.9733333333333333,0.9333333333333333
Hepatitis,RF,P-B,utama,37,0.8064516129032258,0.69,0.5,0.5,0.5,0.7933333333333333,0.4247086247086247
Hepatitis,RF,P-B,utama,38,0.8387096774193549,0.8958333333333333,0.5833333333333334,1.0,0.7368421052631579,0.9583333333333333,0.8444444444444443
Hepatitis,RF,P-B,utama,39,0.7741935483870968,0.8035714285714286,0.5,0.8571428571428571,0.631578947368421,0.9345238095238095,0.8404761904761904
Hepatitis,RF,P-B,utama,40,0.8709677419354839,0.7933333333333333,0.6666666666666666,0.6666666666666666,0.6666666666666666,0.8733333333333333,0.7599358974358974
Hepatitis,RF,P-B,utama,41,0.7741935483870968,0.7966666666666666,0.45454545454545453,0.8333333333333334,0.5882352941176471,0.9066666666666667,0.7374999999999999
Hepatitis,RF,P-B,utama,42,0.6451612903225806,0.5900000000000001,0.2727272727272727,0.5,0.35294117647058826,0.7466666666666667,0.43303571428571425
Hepatitis,RF,P-B,utama,43,0.8709677419354839,0.8154761904761905,0.7142857142857143,0.7142857142857143,0.7142857142857143,0.9523809523809524,0.8983516483516483
Hepatitis,RF,P-B,utama,44,0.7419354838709677,0.6815476190476191,0.4444444444444444,0.5714285714285714,0.5,0.8511904761904762,0.6244588744588744
Hepatitis,RF,P-B,utama,45,0.7419354838709677,0.7133333333333334,0.4,0.6666666666666666,0.5,0.7999999999999999,0.6000992063492063
Hepatitis,RF,P-B,utama,46,0.7096774193548387,0.6933333333333334,0.36363636363636365,0.6666666666666666,0.47058823529411764,0.8466666666666667,0.5853174603174603
Hepatitis,RF,P-B,utama,47,0.7741935483870968,0.7966666666666666,0.45454545454545453,0.8333333333333334,0.5882352941176471,0.92,0.7727564102564102
Hepatitis,RF,P-B,utama,48,0.8064516129032258,0.7738095238095238,0.5555555555555556,0.7142857142857143,0.625,0.8333333333333333,0.681013431013431
Hepatitis,RF,P-B,utama,49,0.9032258064516129,0.8363095238095238,0.8333333333333334,0.7142857142857143,0.7692307692307693,0.8928571428571429,0.8145021645021644
Hepatitis,RF,P-C,utama,0,0.8387096774193549,0.7733333333333333,0.5714285714285714,0.6666666666666666,0.6153846153846154,0.8633333333333334,0.611441798941799
Hepatitis,RF,P-C,utama,1,0.8387096774193549,0.7733333333333333,0.5714285714285714,0.6666666666666666,0.6153846153846154,0.88,0.5259259259259259
Hepatitis,RF,P-C,utama,2,0.9032258064516129,0.8766666666666667,0.7142857142857143,0.8333333333333334,0.7692307692307693,0.8733333333333333,0.8472222222222221
Hepatitis,RF,P-C,utama,3,0.7419354838709677,0.6309523809523809,0.42857142857142855,0.42857142857142855,0.42857142857142855,0.8035714285714285,0.47169637085603466
Hepatitis,RF,P-C,utama,4,0.7096774193548387,0.6101190476190476,0.375,0.42857142857142855,0.4,0.8154761904761905,0.49912309912309905
Hepatitis,RF,P-C,utama,5,0.8709677419354839,0.8566666666666667,0.625,0.8333333333333334,0.7142857142857143,0.96,0.8857142857142857
Hepatitis,RF,P-C,utama,6,0.7419354838709677,0.65,0.375,0.5,0.42857142857142855,0.8266666666666667,0.5194083694083694
Hepatitis,RF,P-C,utama,7,0.8064516129032258,0.69,0.5,0.5,0.5,0.86,0.4925925925925926
Hepatitis,RF,P-C,utama,8,0.8064516129032258,0.6726190476190476,0.6,0.42857142857142855,0.5,0.788690476190476,0.6426064462930823
Hepatitis,RF,P-C,utama,9,0.8387096774193549,0.7440476190476191,0.6666666666666666,0.5714285714285714,0.6153846153846154,0.7857142857142857,0.6909863945578232
Hepatitis,RF,P-C,utama,10,0.8064516129032258,0.6266666666666667,0.5,0.3333333333333333,0.4,0.9066666666666667,0.5877344877344878
Hepatitis,RF,P-C,utama,11,0.8064516129032258,0.7533333333333333,0.5,0.6666666666666666,0.5714285714285714,0.8,0.408029878618114
Hepatitis,RF,P-C,utama,12,0.8709677419354839,0.8566666666666667,0.625,0.8333333333333334,0.7142857142857143,0.9266666666666666,0.7041666666666665
Hepatitis,RF,P-C,utama,13,0.7741935483870968,0.7023809523809523,0.5,0.5714285714285714,0.5333333333333333,0.8154761904761905,0.6111394557823129
Hepatitis,RF,P-C,utama,14,0.7741935483870968,0.7529761904761905,0.5,0.7142857142857143,0.5882352941176471,0.8452380952380952,0.7243197278911564
Hepatitis,RF,P-C,utama,15,0.7741935483870968,0.6699999999999999,0.42857142857142855,0.5,0.46153846153846156,0.87,0.6840909090909091
Hepatitis,RF,P-C,utama,16,0.8387096774193549,0.8366666666666667,0.5555555555555556,0.8333333333333334,0.6666666666666666,0.8666666666666666,0.5875
Hepatitis,RF,P-C,utama,17,0.9032258064516129,0.8766666666666667,0.7142857142857143,0.8333333333333334,0.7692307692307693,0.9166666666666666,0.8148809523809524
Hepatitis,RF,P-C,utama,18,0.8387096774193549,0.6934523809523809,0.75,0.42857142857142855,0.5454545454545454,0.8333333333333333,0.6432178932178931
Hepatitis,RF,P-C,utama,19,0.7419354838709677,0.6309523809523809,0.42857142857142855,0.42857142857142855,0.42857142857142855,0.8392857142857142,0.5882086167800453
Hepatitis,RF,P-C,utama,20,0.8709677419354839,0.73,0.75,0.5,0.6,0.8933333333333333,0.6887917637917637
Hepatitis,RF,P-C,utama,21,0.8387096774193549,0.7733333333333333,0.5714285714285714,0.6666666666666666,0.6153846153846154,0.8533333333333334,0.742063492063492
Hepatitis,RF,P-C,utama,22,0.8064516129032258,0.7533333333333333,0.5,0.6666666666666666,0.5714285714285714,0.7766666666666667,0.5145331967912613
Hepatitis,RF,P-C,utama,23,0.7419354838709677,0.6815476190476191,0.4444444444444444,0.5714285714285714,0.5,0.875,0.6078754578754578
Hepatitis,RF,P-C,utama,24,0.7419354838709677,0.6815476190476191,0.4444444444444444,0.5714285714285714,0.5,0.7857142857142857,0.5904452690166976
Hepatitis,RF,P-C,utama,25,0.8064516129032258,0.69,0.5,0.5,0.5,0.7333333333333334,0.43271230685023787
Hepatitis,RF,P-C,utama,26,0.7741935483870968,0.6699999999999999,0.42857142857142855,0.5,0.46153846153846156,0.8266666666666667,0.4391534391534392
Hepatitis,RF,P-C,utama,27,0.8387096774193549,0.71,0.6,0.5,0.5454545454545454,0.84,0.5480019493177388
Hepatitis,RF,P-C,utama,28,0.9354838709677419,0.9077380952380952,0.8571428571428571,0.8571428571428571,0.8571428571428571,0.9761904761904763,0.9480519480519478
Hepatitis,RF,P-C,utama,29,0.7419354838709677,0.6309523809523809,0.42857142857142855,0.42857142857142855,0.42857142857142855,0.8511904761904762,0.6150252525252524
Hepatitis,RF,P-C,utama,30,0.8709677419354839,0.7933333333333333,0.6666666666666666,0.6666666666666666,0.6666666666666666,0.9466666666666667,0.8069444444444444
Hepatitis,RF,P-C,utama,31,0.7741935483870968,0.6066666666666667,0.4,0.3333333333333333,0.36363636363636365,0.7666666666666667,0.5987563810144455
Hepatitis,RF,P-C,utama,32,0.7096774193548387,0.63,0.3333333333333333,0.5,0.4,0.8066666666666668,0.462010212010212
Hepatitis,RF,P-C,utama,33,0.7419354838709677,0.6309523809523809,0.42857142857142855,0.42857142857142855,0.42857142857142855,0.7857142857142857,0.5731292517006803
Hepatitis,RF,P-C,utama,34,0.8709677419354839,0.8660714285714286,0.6666666666666666,0.8571428571428571,0.75,0.9166666666666666,0.7622972265829409
Hepatitis,RF,P-C,utama,35,0.7096774193548387,0.63,0.3333333333333333,0.5,0.4,0.7533333333333333,0.43105423987776925
Hepatitis,RF,P-C,utama,36,0.8709677419354839,0.7933333333333333,0.6666666666666666,0.6666666666666666,0.6666666666666666,0.9533333333333333,0.8708333333333333
Hepatitis,RF,P-C,utama,37,0.7419354838709677,0.5233333333333333,0.25,0.16666666666666666,0.2,0.78,0.3758089133089133
Hepatitis,RF,P-C,utama,38,0.8387096774193549,0.7946428571428572,0.625,0.7142857142857143,0.6666666666666666,0.9285714285714286,0.8453213453213453
Hepatitis,RF,P-C,utama,39,0.8387096774193549,0.7946428571428572,0.625,0.7142857142857143,0.6666666666666666,0.9226190476190477,0.7286641929499071
Hepatitis,RF,P-C,utama,40,0.8387096774193549,0.7733333333333333,0.5714285714285714,0.6666666666666666,0.6153846153846154,0.86,0.7513888888888889
Hepatitis,RF,P-C,utama,41,0.8709677419354839,0.8566666666666667,0.625,0.8333333333333334,0.7142857142857143,0.8733333333333333,0.6610060690943044
Hepatitis,RF,P-C,utama,42,0.7096774193548387,0.63,0.3333333333333333,0.5,0.4,0.7533333333333333,0.42340686274509803
Hepatitis,RF,P-C,utama,43,0.9032258064516129,0.8363095238095238,0.8333333333333334,0.7142857142857143,0.7692307692307693,0.9583333333333333,0.9047619047619047
Hepatitis,RF,P-C,utama,44,0.8064516129032258,0.6726190476190476,0.6,0.42857142857142855,0.5,0.800595238095238,0.5769688644688644
Hepatitis,RF,P-C,utama,45,0.8387096774193549,0.7733333333333333,0.5714285714285714,0.6666666666666666,0.6153846153846154,0.8066666666666666,0.5734126984126984
Hepatitis,RF,P-C,utama,46,0.7741935483870968,0.7333333333333334,0.4444444444444444,0.6666666666666666,0.5333333333333333,0.8533333333333333,0.5805194805194805
Hepatitis,RF,P-C,utama,47,0.8064516129032258,0.8166666666666667,0.5,0.8333333333333334,0.625,0.88,0.5695767195767195
Hepatitis,RF,P-C,utama,48,0.8064516129032258,0.7738095238095238,0.5555555555555556,0.7142857142857143,0.625,0.8273809523809524,0.6673409923409923
Hepatitis,RF,P-C,utama,49,0.7741935483870968,0.6011904761904762,0.5,0.2857142857142857,0.36363636363636365,0.8273809523809523,0.6515590689503732
Hepatitis,GB,P-A,utama,0,0.8064516129032258,0.7533333333333333,0.5,0.6666666666666666,0.5714285714285714,0.91,0.7556878306878306
Hepatitis,GB,P-A,utama,1,0.6129032258064516,0.5066666666666667,0.2,0.3333333333333333,0.25,0.7733333333333333,0.5095571095571095
Hepatitis,GB,P-A,utama,2,0.8064516129032258,0.7533333333333333,0.5,0.6666666666666666,0.5714285714285714,0.84,0.7977207977207977
Hepatitis,GB,P-A,utama,3,0.7419354838709677,0.5803571428571428,0.4,0.2857142857142857,0.3333333333333333,0.6666666666666666,0.3566457352171638
Hepatitis,GB,P-A,utama,4,0.7096774193548387,0.6101190476190476,0.375,0.42857142857142855,0.4,0.7440476190476191,0.393733250876108
Hepatitis,GB,P-A,utama,5,0.9032258064516129,0.8133333333333332,0.8,0.6666666666666666,0.7272727272727273,0.94,0.8626373626373626
Hepatitis,GB,P-A,utama,6,0.7419354838709677,0.5866666666666667,0.3333333333333333,0.3333333333333333,0.3333333333333333,0.7533333333333334,0.3682840307840308
Hepatitis,GB,P-A,utama,7,0.7741935483870968,0.6699999999999999,0.42857142857142855,0.5,0.46153846153846156,0.8333333333333333,0.5463675213675213
Hepatitis,GB,P-A,utama,8,0.8387096774193549,0.7440476190476191,0.6666666666666666,0.5714285714285714,0.6153846153846154,0.8244047619047619,0.7043650793650793
Hepatitis,GB,P-A,utama,9,0.7741935483870968,0.6011904761904762,0.5,0.2857142857142857,0.36363636363636365,0.7678571428571429,0.5237161442826467
Hepatitis,GB,P-A,utama,10,0.7741935483870968,0.6066666666666667,0.4,0.3333333333333333,0.36363636363636365,0.8533333333333333,0.5121082621082621
Hepatitis,GB,P-A,utama,11,0.8064516129032258,0.7533333333333333,0.5,0.6666666666666666,0.5714285714285714,0.7933333333333333,0.6336996336996337
Hepatitis,GB,P-A,utama,12,0.8064516129032258,0.6266666666666667,0.5,0.3333333333333333,0.4,0.8466666666666667,0.5815527065527065
Hepatitis,GB,P-A,utama,13,0.8064516129032258,0.7232142857142857,0.5714285714285714,0.5714285714285714,0.5714285714285714,0.8154761904761905,0.7080428343586238
Hepatitis,GB,P-A,utama,14,0.8387096774193549,0.7946428571428572,0.625,0.7142857142857143,0.6666666666666666,0.8422619047619048,0.7715086034413765
Hepatitis,GB,P-A,utama,15,0.7741935483870968,0.6066666666666667,0.4,0.3333333333333333,0.36363636363636365,0.7433333333333333,0.5704545454545454
Hepatitis,GB,P-A,utama,16,0.8064516129032258,0.7533333333333333,0.5,0.6666666666666666,0.5714285714285714,0.8066666666666666,0.6492592592592592
Hepatitis,GB,P-A,utama,17,0.9032258064516129,0.8133333333333332,0.8,0.6666666666666666,0.7272727272727273,0.9133333333333333,0.7611823361823361
Hepatitis,GB,P-A,utama,18,0.8064516129032258,0.6220238095238095,0.6666666666666666,0.2857142857142857,0.4,0.8214285714285714,0.5900200989486704
Hepatitis,GB,P-A,utama,19,0.7096774193548387,0.6101190476190476,0.375,0.42857142857142855,0.4,0.601190476190476,0.5186848091270169
Hepatitis,GB,P-A,utama,20,0.8387096774193549,0.71,0.6,0.5,0.5454545454545454,0.7866666666666666,0.5996947496947497
Hepatitis,GB,P-A,utama,21,0.7741935483870968,0.7333333333333334,0.4444444444444444,0.6666666666666666,0.5333333333333333,0.8333333333333334,0.6865079365079364
Hepatitis,GB,P-A,utama,22,0.8709677419354839,0.7933333333333333,0.6666666666666666,0.6666666666666666,0.6666666666666666,0.7933333333333332,0.6513888888888889
Hepatitis,GB,P-A,utama,23,0.8064516129032258,0.6220238095238095,0.6666666666666666,0.2857142857142857,0.4,0.8035714285714286,0.596855525426954
Hepatitis,GB,P-A,utama,24,0.7419354838709677,0.6309523809523809,0.42857142857142855,0.42857142857142855,0.42857142857142855,0.7619047619047619,0.5260179434092478
Hepatitis,GB,P-A,utama,25,0.7096774193548387,0.5666666666666667,0.2857142857142857,0.3333333333333333,0.3076923076923077,0.7133333333333334,0.4945897143477789
Hepatitis,GB,P-A,utama,26,0.7741935483870968,0.6066666666666667,0.4,0.3333333333333333,0.36363636363636365,0.6733333333333333,0.3248391385539723
Hepatitis,GB,P-A,utama,27,0.8064516129032258,0.69,0.5,0.5,0.5,0.8066666666666666,0.6212121212121212
Hepatitis,GB,P-A,utama,28,0.8709677419354839,0.7648809523809523,0.8,0.5714285714285714,0.6666666666666666,0.9285714285714286,0.7983516483516482
Hepatitis,GB,P-A,utama,29,0.7741935483870968,0.7023809523809523,0.5,0.5714285714285714,0.5333333333333333,0.8571428571428571,0.5389198103483817
Hepatitis,GB,P-A,utama,30,0.8709677419354839,0.73,0.75,0.5,0.6,0.8933333333333333,0.7662037037037037
Hepatitis,GB,P-A,utama,31,0.8387096774193549,0.71,0.6,0.5,0.5454545454545454,0.7666666666666666,0.40707577446707877
Hepatitis,GB,P-A,utama,32,0.8064516129032258,0.69,0.5,0.5,0.5,0.6133333333333333,0.3648148148148148
Hepatitis,GB,P-A,utama,33,0.7741935483870968,0.6011904761904762,0.5,0.2857142857142857,0.36363636363636365,0.6964285714285715,0.4300223585937871
Hepatitis,GB,P-A,utama,34,0.8387096774193549,0.7946428571428572,0.625,0.7142857142857143,0.6666666666666666,0.880952380952381,0.7132452981192476
Hepatitis,GB,P-A,utama,35,0.8387096774193549,0.71,0.6,0.5,0.5454545454545454,0.7533333333333334,0.6499320571901216
Hepatitis,GB,P-A,utama,36,0.9354838709677419,0.8333333333333333,1.0,0.6666666666666666,0.8,0.94,0.8999999999999999
Hepatitis,GB,P-A,utama,37,0.7741935483870968,0.5433333333333333,0.3333333333333333,0.16666666666666666,0.2222222222222222,0.61,0.38623188405797104
Hepatitis,GB,P-A,utama,38,0.8387096774193549,0.7440476190476191,0.6666666666666666,0.5714285714285714,0.6153846153846154,0.9196428571428571,0.7852564102564101
Hepatitis,GB,P-A,utama,39,0.6774193548387096,0.5892857142857143,0.3333333333333333,0.42857142857142855,0.375,0.8452380952380952,0.6880119880119879
Hepatitis,GB,P-A,utama,40,0.8709677419354839,0.73,0.75,0.5,0.6,0.8,0.758183990442055
Hepatitis,GB,P-A,utama,41,0.9032258064516129,0.8766666666666667,0.7142857142857143,0.8333333333333334,0.7692307692307693,0.8799999999999999,0.6884920634920634
Hepatitis,GB,P-A,utama,42,0.7419354838709677,0.65,0.375,0.5,0.42857142857142855,0.7066666666666667,0.6271929824561403
Hepatitis,GB,P-A,utama,43,0.8387096774193549,0.6428571428571428,1.0,0.2857142857142857,0.4444444444444444,0.875,0.7326007326007327
Hepatitis,GB,P-A,utama,44,0.7741935483870968,0.6517857142857143,0.5,0.42857142857142855,0.46153846153846156,0.8571428571428572,0.5714594928880643
Hepatitis,GB,P-A,utama,45,0.7741935483870968,0.6066666666666667,0.4,0.3333333333333333,0.36363636363636365,0.7133333333333334,0.3725380899293943
Hepatitis,GB,P-A,utama,46,0.8064516129032258,0.7533333333333333,0.5,0.6666666666666666,0.5714285714285714,0.8733333333333333,0.5769230769230769
Hepatitis,GB,P-A,utama,47,0.8387096774193549,0.71,0.6,0.5,0.5454545454545454,0.9,0.7660714285714285
Hepatitis,GB,P-A,utama,48,0.7741935483870968,0.6517857142857143,0.5,0.42857142857142855,0.46153846153846156,0.8154761904761905,0.6019513068385249
Hepatitis,GB,P-A,utama,49,0.9032258064516129,0.7857142857142857,1.0,0.5714285714285714,0.7272727272727273,0.8363095238095238,0.7494588744588744
Hepatitis,GB,P-C,utama,0,0.7741935483870968,0.6699999999999999,0.42857142857142855,0.5,0.46153846153846156,0.87,0.6361111111111111
Hepatitis,GB,P-C,utama,1,0.6774193548387096,0.61,0.3,0.5,0.375,0.7933333333333333,0.42947052947052944
Hepatitis,GB,P-C,utama,2,0.8387096774193549,0.7733333333333333,0.5714285714285714,0.6666666666666666,0.6153846153846154,0.84,0.8078703703703703
Hepatitis,GB,P-C,utama,3,0.7741935483870968,0.6011904761904762,0.5,0.2857142857142857,0.36363636363636365,0.744047619047619,0.42403628117913833
Hepatitis,GB,P-C,utama,4,0.7419354838709677,0.6815476190476191,0.4444444444444444,0.5714285714285714,0.5,0.7142857142857142,0.4224747474747475
Hepatitis,GB,P-C,utama,5,0.7741935483870968,0.7333333333333334,0.4444444444444444,0.6666666666666666,0.5333333333333333,0.9066666666666666,0.7713675213675213
Hepatitis,GB,P-C,utama,6,0.7419354838709677,0.65,0.375,0.5,0.42857142857142855,0.7466666666666666,0.336002886002886
Hepatitis,GB,P-C,utama,7,0.8387096774193549,0.8366666666666667,0.5555555555555556,0.8333333333333334,0.6666666666666666,0.8533333333333333,0.4604858104858105
Hepatitis,GB,P-C,utama,8,0.8064516129032258,0.7232142857142857,0.5714285714285714,0.5714285714285714,0.5714285714285714,0.8035714285714286,0.724175824175824
Hepatitis,GB,P-C,utama,9,0.8709677419354839,0.8154761904761905,0.7142857142857143,0.7142857142857143,0.7142857142857143,0.7857142857142857,0.5555711939948393
Hepatitis,GB,P-C,utama,10,0.8709677419354839,0.7933333333333333,0.6666666666666666,0.6666666666666666,0.6666666666666666,0.9066666666666666,0.5801587301587302
Hepatitis,GB,P-C,utama,11,0.8064516129032258,0.7533333333333333,0.5,0.6666666666666666,0.5714285714285714,0.7600000000000001,0.5330687830687831
Hepatitis,GB,P-C,utama,12,0.8387096774193549,0.71,0.6,0.5,0.5454545454545454,0.9133333333333333,0.5968253968253969
Hepatitis,GB,P-C,utama,13,0.7741935483870968,0.6517857142857143,0.5,0.42857142857142855,0.46153846153846156,0.8333333333333333,0.6864246864246863
Hepatitis,GB,P-C,utama,14,0.8064516129032258,0.7738095238095238,0.5555555555555556,0.7142857142857143,0.625,0.7738095238095238,0.7028499278499278
Hepatitis,GB,P-C,utama,15,0.7741935483870968,0.6699999999999999,0.42857142857142855,0.5,0.46153846153846156,0.8166666666666667,0.44373219373219375
Hepatitis,GB,P-C,utama,16,0.8709677419354839,0.7933333333333333,0.6666666666666666,0.6666666666666666,0.6666666666666666,0.8600000000000001,0.712037037037037
Hepatitis,GB,P-C,utama,17,0.8387096774193549,0.7733333333333333,0.5714285714285714,0.6666666666666666,0.6153846153846154,0.8533333333333333,0.7527777777777778
Hepatitis,GB,P-C,utama,18,0.8064516129032258,0.6726190476190476,0.6,0.42857142857142855,0.5,0.6666666666666666,0.5091288128154488
Hepatitis,GB,P-C,utama,19,0.7096774193548387,0.6101190476190476,0.375,0.42857142857142855,0.4,0.5773809523809523,0.48380080282357324
Hepatitis,GB,P-C,utama,20,0.8064516129032258,0.69,0.5,0.5,0.5,0.8133333333333334,0.6733058608058607
Hepatitis,GB,P-C,utama,21,0.7419354838709677,0.65,0.375,0.5,0.42857142857142855,0.7866666666666666,0.66818688557819
Hepatitis,GB,P-C,utama,22,0.8387096774193549,0.8366666666666667,0.5555555555555556,0.8333333333333334,0.6666666666666666,0.7933333333333333,0.6366652983032294
Hepatitis,GB,P-C,utama,23,0.7741935483870968,0.7023809523809523,0.5,0.5714285714285714,0.5333333333333333,0.7678571428571429,0.5626083766840069
Hepatitis,GB,P-C,utama,24,0.7419354838709677,0.6815476190476191,0.4444444444444444,0.5714285714285714,0.5,0.8452380952380952,0.5577398791684506
Hepatitis,GB,P-C,utama,25,0.8064516129032258,0.8166666666666667,0.5,0.8333333333333334,0.625,0.7866666666666667,0.640194572452637
Hepatitis,GB,P-C,utama,26,0.7419354838709677,0.5866666666666667,0.3333333333333333,0.3333333333333333,0.3333333333333333,0.52,0.3240349604596916
Hepatitis,GB,P-C,utama,27,0.7419354838709677,0.65,0.375,0.5,0.42857142857142855,0.8066666666666666,0.6195286195286195
Hepatitis,GB,P-C,utama,28,0.8709677419354839,0.8660714285714286,0.6666666666666666,0.8571428571428571,0.75,0.9047619047619048,0.6369047619047619
Hepatitis,GB,P-C,utama,29,0.7419354838709677,0.6309523809523809,0.42857142857142855,0.42857142857142855,0.42857142857142855,0.8095238095238095,0.557936507936508
Hepatitis,GB,P-C,utama,30,0.8709677419354839,0.8566666666666667,0.625,0.8333333333333334,0.7142857142857143,0.9333333333333333,0.8134920634920635
Hepatitis,GB,P-C,utama,31,0.7419354838709677,0.5866666666666667,0.3333333333333333,0.3333333333333333,0.3333333333333333,0.7733333333333334,0.4735962566844919
Hepatitis,GB,P-C,utama,32,0.7419354838709677,0.65,0.375,0.5,0.42857142857142855,0.6266666666666666,0.47886701112507557
Hepatitis,GB,P-C,utama,33,0.7419354838709677,0.6815476190476191,0.4444444444444444,0.5714285714285714,0.5,0.7202380952380953,0.47429063512012815
Hepatitis,GB,P-C,utama,34,0.8387096774193549,0.8452380952380952,0.6,0.8571428571428571,0.7058823529411765,0.8452380952380951,0.7253741496598638
Hepatitis,GB,P-C,utama,35,0.7741935483870968,0.6066666666666667,0.4,0.3333333333333333,0.36363636363636365,0.6833333333333335,0.459242191500256
Hepatitis,GB,P-C,utama,36,0.967741935483871,0.9166666666666667,1.0,0.8333333333333334,0.9090909090909091,0.9133333333333333,0.8859649122807017
Hepatitis,GB,P-C,utama,37,0.7419354838709677,0.5233333333333333,0.25,0.16666666666666666,0.2,0.6533333333333333,0.3199254449254449
Hepatitis,GB,P-C,utama,38,0.8709677419354839,0.8154761904761905,0.7142857142857143,0.7142857142857143,0.7142857142857143,0.9404761904761905,0.8072356215213357
Hepatitis,GB,P-C,utama,39,0.7419354838709677,0.7827380952380952,0.46153846153846156,0.8571428571428571,0.6,0.8928571428571428,0.7383503401360545
Hepatitis,GB,P-C,utama,40,0.9032258064516129,0.8133333333333332,0.8,0.6666666666666666,0.7272727272727273,0.8,0.7175925925925926
Hepatitis,GB,P-C,utama,41,0.8709677419354839,0.8566666666666667,0.625,0.8333333333333334,0.7142857142857143,0.92,0.7569444444444444
Hepatitis,GB,P-C,utama,42,0.7741935483870968,0.6699999999999999,0.42857142857142855,0.5,0.46153846153846156,0.7066666666666667,0.4869332421964001
Hepatitis,GB,P-C,utama,43,0.8709677419354839,0.8154761904761905,0.7142857142857143,0.7142857142857143,0.7142857142857143,0.9404761904761905,0.888095238095238
Hepatitis,GB,P-C,utama,44,0.7096774193548387,0.6101190476190476,0.375,0.42857142857142855,0.4,0.8273809523809523,0.6107123870281765
Hepatitis,GB,P-C,utama,45,0.8387096774193549,0.7733333333333333,0.5714285714285714,0.6666666666666666,0.6153846153846154,0.7733333333333333,0.5991554741554741
Hepatitis,GB,P-C,utama,46,0.8064516129032258,0.7533333333333333,0.5,0.6666666666666666,0.5714285714285714,0.8733333333333333,0.6137917637917638
Hepatitis,GB,P-C,utama,47,0.8064516129032258,0.7533333333333333,0.5,0.6666666666666666,0.5714285714285714,0.86,0.6310457516339869
Hepatitis,GB,P-C,utama,48,0.7741935483870968,0.7023809523809523,0.5,0.5714285714285714,0.5333333333333333,0.7619047619047619,0.5463980463980465
Hepatitis,GB,P-C,utama,49,0.7741935483870968,0.6011904761904762,0.5,0.2857142857142857,0.36363636363636365,0.8511904761904762,0.6217120181405895
Hepatitis,XGB,P-A,utama,0,0.8709677419354839,0.7933333333333333,0.6666666666666666,0.6666666666666666,0.6666666666666666,0.8633333333333333,0.6960470085470085
Hepatitis,XGB,P-A,utama,1,0.7741935483870968,0.6699999999999999,0.42857142857142855,0.5,0.46153846153846156,0.8066666666666666,0.47063492063492063
Hepatitis,XGB,P-A,utama,2,0.8709677419354839,0.73,0.75,0.5,0.6,0.8866666666666667,0.8023809523809524
Hepatitis,XGB,P-A,utama,3,0.7741935483870968,0.6011904761904762,0.5,0.2857142857142857,0.36363636363636365,0.8511904761904762,0.5104007104007104
Hepatitis,XGB,P-A,utama,4,0.7419354838709677,0.5803571428571428,0.4,0.2857142857142857,0.3333333333333333,0.8273809523809523,0.5056689342403629
Hepatitis,XGB,P-A,utama,5,0.8709677419354839,0.7933333333333333,0.6666666666666666,0.6666666666666666,0.6666666666666666,0.9266666666666666,0.764520202020202
Hepatitis,XGB,P-A,utama,6,0.7419354838709677,0.5866666666666667,0.3333333333333333,0.3333333333333333,0.3333333333333333,0.7866666666666666,0.4028679653679654
Hepatitis,XGB,P-A,utama,7,0.7419354838709677,0.65,0.375,0.5,0.42857142857142855,0.7866666666666666,0.5848124098124098
Hepatitis,XGB,P-A,utama,8,0.8387096774193549,0.6934523809523809,0.75,0.42857142857142855,0.5454545454545454,0.8303571428571429,0.759047619047619
Hepatitis,XGB,P-A,utama,9,0.7096774193548387,0.5089285714285714,0.25,0.14285714285714285,0.18181818181818182,0.7440476190476191,0.4614145569810594
Hepatitis,XGB,P-A,utama,10,0.8387096774193549,0.6466666666666666,0.6666666666666666,0.3333333333333333,0.4444444444444444,0.8400000000000001,0.5449346405228758
Hepatitis,XGB,P-A,utama,11,0.8064516129032258,0.7533333333333333,0.5,0.6666666666666666,0.5714285714285714,0.7066666666666668,0.36865079365079373
Hepatitis,XGB,P-A,utama,12,0.8387096774193549,0.6466666666666666,0.6666666666666666,0.3333333333333333,0.4444444444444444,0.88,0.6258648758648759
Hepatitis,XGB,P-A,utama,13,0.8064516129032258,0.7232142857142857,0.5714285714285714,0.5714285714285714,0.5714285714285714,0.8035714285714285,0.6094387755102041
Hepatitis,XGB,P-A,utama,14,0.9032258064516129,0.8363095238095238,0.8333333333333334,0.7142857142857143,0.7692307692307693,0.7976190476190477,0.7717948717948717
Hepatitis,XGB,P-A,utama,15,0.7741935483870968,0.6066666666666667,0.4,0.3333333333333333,0.36363636363636365,0.73,0.4474074074074074
Hepatitis,XGB,P-A,utama,16,0.8064516129032258,0.7533333333333333,0.5,0.6666666666666666,0.5714285714285714,0.8466666666666666,0.6711640211640211
Hepatitis,XGB,P-A,utama,17,0.8387096774193549,0.7733333333333333,0.5714285714285714,0.6666666666666666,0.6153846153846154,0.8,0.6129084967320261
Hepatitis,XGB,P-A,utama,18,0.7741935483870968,0.5,0.0,0.0,0.0,0.6964285714285714,0.37774685631828486
Hepatitis,XGB,P-A,utama,19,0.7419354838709677,0.6309523809523809,0.42857142857142855,0.42857142857142855,0.42857142857142855,0.7559523809523809,0.4391877963306534
Hepatitis,XGB,P-A,utama,20,0.8709677419354839,0.6666666666666666,1.0,0.3333333333333333,0.5,0.76,0.7028929851510496
Hepatitis,XGB,P-A,utama,21,0.7419354838709677,0.65,0.375,0.5,0.42857142857142855,0.7566666666666667,0.6249999999999999
Hepatitis,XGB,P-A,utama,22,0.8387096774193549,0.71,0.6,0.5,0.5454545454545454,0.8266666666666667,0.6218253968253968
Hepatitis,XGB,P-A,utama,23,0.8064516129032258,0.6220238095238095,0.6666666666666666,0.2857142857142857,0.4,0.9047619047619048,0.6432496075353218
Hepatitis,XGB,P-A,utama,24,0.7741935483870968,0.6011904761904762,0.5,0.2857142857142857,0.36363636363636365,0.7291666666666666,0.4970369570753202
Hepatitis,XGB,P-A,utama,25,0.8064516129032258,0.69,0.5,0.5,0.5,0.7466666666666667,0.4538850486431132
Hepatitis,XGB,P-A,utama,26,0.7741935483870968,0.5433333333333333,0.3333333333333333,0.16666666666666666,0.2222222222222222,0.7466666666666667,0.4901709401709401
Hepatitis,XGB,P-A,utama,27,0.8387096774193549,0.71,0.6,0.5,0.5454545454545454,0.8266666666666667,0.6544834307992202
Hepatitis,XGB,P-A,utama,28,0.9032258064516129,0.8363095238095238,0.8333333333333334,0.7142857142857143,0.7692307692307693,0.9523809523809524,0.9081632653061225
Hepatitis,XGB,P-A,utama,29,0.8064516129032258,0.6726190476190476,0.6,0.42857142857142855,0.5,0.8035714285714286,0.5880670054583098
Hepatitis,XGB,P-A,utama,30,0.8064516129032258,0.5633333333333334,0.5,0.16666666666666666,0.25,0.9133333333333333,0.7098595848595849
Hepatitis,XGB,P-A,utama,31,0.7419354838709677,0.5866666666666667,0.3333333333333333,0.3333333333333333,0.3333333333333333,0.74,0.4734940984940985
Hepatitis,XGB,P-A,utama,32,0.8387096774193549,0.71,0.6,0.5,0.5454545454545454,0.8266666666666667,0.5807692307692307
Hepatitis,XGB,P-A,utama,33,0.7096774193548387,0.5595238095238095,0.3333333333333333,0.2857142857142857,0.3076923076923077,0.6904761904761905,0.38450773364566465
Hepatitis,XGB,P-A,utama,34,0.8709677419354839,0.8154761904761905,0.7142857142857143,0.7142857142857143,0.7142857142857143,0.8988095238095238,0.7799119647859143
Hepatitis,XGB,P-A,utama,35,0.8387096774193549,0.7733333333333333,0.5714285714285714,0.6666666666666666,0.6153846153846154,0.74,0.4485853227232537
Hepatitis,XGB,P-A,utama,36,0.9354838709677419,0.8333333333333333,1.0,0.6666666666666666,0.8,0.9666666666666667,0.9055555555555554
Hepatitis,XGB,P-A,utama,37,0.7741935483870968,0.5433333333333333,0.3333333333333333,0.16666666666666666,0.2222222222222222,0.72,0.3490319865319865
Hepatitis,XGB,P-A,utama,38,0.7419354838709677,0.5803571428571428,0.4,0.2857142857142857,0.3333333333333333,0.8869047619047619,0.6471449185734899
Hepatitis,XGB,P-A,utama,39,0.7096774193548387,0.7113095238095238,0.4166666666666667,0.7142857142857143,0.5263157894736842,0.8571428571428571,0.6874149659863946
Hepatitis,XGB,P-A,utama,40,0.9032258064516129,0.75,1.0,0.5,0.6666666666666666,0.8133333333333334,0.7497605363984674
Hepatitis,XGB,P-A,utama,41,0.8387096774193549,0.71,0.6,0.5,0.5454545454545454,0.8733333333333333,0.6855680868838764
Hepatitis,XGB,P-A,utama,42,0.7419354838709677,0.65,0.375,0.5,0.42857142857142855,0.7000000000000001,0.41328976034858383
Hepatitis,XGB,P-A,utama,43,0.9032258064516129,0.7857142857142857,1.0,0.5714285714285714,0.7272727272727273,0.9345238095238095,0.842517006802721
Hepatitis,XGB,P-A,utama,44,0.7741935483870968,0.6517857142857143,0.5,0.42857142857142855,0.46153846153846156,0.8095238095238095,0.4967744673627026
Hepatitis,XGB,P-A,utama,45,0.8387096774193549,0.71,0.6,0.5,0.5454545454545454,0.7466666666666666,0.6121212121212121
Hepatitis,XGB,P-A,utama,46,0.8387096774193549,0.7733333333333333,0.5714285714285714,0.6666666666666666,0.6153846153846154,0.84,0.4534743034743035
Hepatitis,XGB,P-A,utama,47,0.8387096774193549,0.71,0.6,0.5,0.5454545454545454,0.8733333333333334,0.5856481481481483
Hepatitis,XGB,P-A,utama,48,0.7741935483870968,0.6517857142857143,0.5,0.42857142857142855,0.46153846153846156,0.6964285714285714,0.6159584258106425
Hepatitis,XGB,P-A,utama,49,0.8064516129032258,0.6220238095238095,0.6666666666666666,0.2857142857142857,0.4,0.7916666666666666,0.6371290545203588
Hepatitis,XGB,P-B,utama,0,0.8709677419354839,0.8566666666666667,0.625,0.8333333333333334,0.7142857142857143,0.89,0.6688492063492063
Hepatitis,XGB,P-B,utama,1,0.7096774193548387,0.63,0.3333333333333333,0.5,0.4,0.7333333333333333,0.3246933621933622
Hepatitis,XGB,P-B,utama,2,0.8064516129032258,0.7533333333333333,0.5,0.6666666666666666,0.5714285714285714,0.8933333333333333,0.6953703703703703
Hepatitis,XGB,P-B,utama,3,0.6774193548387096,0.48809523809523814,0.2,0.14285714285714285,0.16666666666666666,0.7083333333333333,0.38341618698761554
Hepatitis,XGB,P-B,utama,4,0.7741935483870968,0.7529761904761905,0.5,0.7142857142857143,0.5882352941176471,0.7738095238095238,0.4329598506069095
Hepatitis,XGB,P-B,utama,5,0.9354838709677419,0.96,0.75,1.0,0.8571428571428571,0.9666666666666667,0.8773809523809524
Hepatitis,XGB,P-B,utama,6,0.8064516129032258,0.7533333333333333,0.5,0.6666666666666666,0.5714285714285714,0.84,0.574963924963925
Hepatitis,XGB,P-B,utama,7,0.7419354838709677,0.65,0.375,0.5,0.42857142857142855,0.7533333333333333,0.49711399711399706
Hepatitis,XGB,P-B,utama,8,0.8064516129032258,0.7232142857142857,0.5714285714285714,0.5714285714285714,0.5714285714285714,0.8482142857142857,0.739105339105339
Hepatitis,XGB,P-B,utama,9,0.7741935483870968,0.6011904761904762,0.5,0.2857142857142857,0.36363636363636365,0.738095238095238,0.5412698412698413
Hepatitis,XGB,P-B,utama,10,0.7741935483870968,0.7966666666666666,0.45454545454545453,0.8333333333333334,0.5882352941176471,0.8466666666666667,0.5015151515151515
Hepatitis,XGB,P-B,utama,11,0.8064516129032258,0.7533333333333333,0.5,0.6666666666666666,0.5714285714285714,0.7666666666666667,0.501984126984127
Hepatitis,XGB,P-B,utama,12,0.8387096774193549,0.7733333333333333,0.5714285714285714,0.6666666666666666,0.6153846153846154,0.86,0.536050061050061
Hepatitis,XGB,P-B,utama,13,0.8064516129032258,0.7232142857142857,0.5714285714285714,0.5714285714285714,0.5714285714285714,0.7976190476190476,0.674165120593692
Hepatitis,XGB,P-B,utama,14,0.6774193548387096,0.6904761904761905,0.38461538461538464,0.7142857142857143,0.5,0.8154761904761905,0.7210317460317459
Hepatitis,XGB,P-B,utama,15,0.7741935483870968,0.7333333333333334,0.4444444444444444,0.6666666666666666,0.5333333333333333,0.7366666666666667,0.43169793169793164
Hepatitis,XGB,P-B,utama,16,0.8064516129032258,0.8166666666666667,0.5,0.8333333333333334,0.625,0.84,0.7552777777777777
Hepatitis,XGB,P-B,utama,17,0.8064516129032258,0.7533333333333333,0.5,0.6666666666666666,0.5714285714285714,0.8466666666666667,0.7474358974358974
Hepatitis,XGB,P-B,utama,18,0.8387096774193549,0.6428571428571428,1.0,0.2857142857142857,0.4444444444444444,0.8035714285714285,0.660990860990861
Hepatitis,XGB,P-B,utama,19,0.7096774193548387,0.6101190476190476,0.375,0.42857142857142855,0.4,0.6488095238095237,0.5118220015278838
Hepatitis,XGB,P-B,utama,20,0.7741935483870968,0.6066666666666667,0.4,0.3333333333333333,0.36363636363636365,0.7933333333333334,0.6336996336996337
Hepatitis,XGB,P-B,utama,21,0.7096774193548387,0.6933333333333334,0.36363636363636365,0.6666666666666666,0.47058823529411764,0.7666666666666667,0.6780012771392081
Hepatitis,XGB,P-B,utama,22,0.8709677419354839,0.7933333333333333,0.6666666666666666,0.6666666666666666,0.6666666666666666,0.8266666666666667,0.5273989898989898
Hepatitis,XGB,P-B,utama,23,0.8709677419354839,0.7648809523809523,0.8,0.5714285714285714,0.6666666666666666,0.8630952380952381,0.7064625850340136
Hepatitis,XGB,P-B,utama,24,0.7096774193548387,0.6101190476190476,0.375,0.42857142857142855,0.4,0.7083333333333334,0.4494787793659974
Hepatitis,XGB,P-B,utama,25,0.8387096774193549,0.7733333333333333,0.5714285714285714,0.6666666666666666,0.6153846153846154,0.78,0.47962962962962963
Hepatitis,XGB,P-B,utama,26,0.8064516129032258,0.69,0.5,0.5,0.5,0.5666666666666667,0.33963365539452495
Hepatitis,XGB,P-B,utama,27,0.7096774193548387,0.63,0.3333333333333333,0.5,0.4,0.7933333333333333,0.6045454545454545
Hepatitis,XGB,P-B,utama,28,0.8709677419354839,0.8154761904761905,0.7142857142857143,0.7142857142857143,0.7142857142857143,0.9285714285714286,0.8636363636363635
Hepatitis,XGB,P-B,utama,29,0.8064516129032258,0.7738095238095238,0.5555555555555556,0.7142857142857143,0.625,0.851190476190476,0.617187784204591
Hepatitis,XGB,P-B,utama,30,0.8709677419354839,0.8566666666666667,0.625,0.8333333333333334,0.7142857142857143,0.9066666666666667,0.8277777777777777
Hepatitis,XGB,P-B,utama,31,0.8064516129032258,0.69,0.5,0.5,0.5,0.78,0.3976851851851852
Hepatitis,XGB,P-B,utama,32,0.8064516129032258,0.69,0.5,0.5,0.5,0.7533333333333333,0.505996963562753
Hepatitis,XGB,P-B,utama,33,0.7419354838709677,0.6309523809523809,0.42857142857142855,0.42857142857142855,0.42857142857142855,0.7797619047619047,0.5003174603174603
Hepatitis,XGB,P-B,utama,34,0.8387096774193549,0.7946428571428572,0.625,0.7142857142857143,0.6666666666666666,0.8571428571428571,0.6425170068027211
Hepatitis,XGB,P-B,utama,35,0.7741935483870968,0.7333333333333334,0.4444444444444444,0.6666666666666666,0.5333333333333333,0.74,0.5110431683012329
Hepatitis,XGB,P-B,utama,36,0.9354838709677419,0.8333333333333333,1.0,0.6666666666666666,0.8,0.9266666666666666,0.8523809523809522
Hepatitis,XGB,P-B,utama,37,0.7096774193548387,0.5033333333333333,0.2,0.16666666666666666,0.18181818181818182,0.5733333333333333,0.28070982015994805
Hepatitis,XGB,P-B,utama,38,0.8387096774193549,0.8958333333333333,0.5833333333333334,1.0,0.7368421052631579,0.8928571428571428,0.6585343228200371
Hepatitis,XGB,P-B,utama,39,0.8064516129032258,0.875,0.5384615384615384,1.0,0.7,0.8988095238095238,0.7413530913530912
Hepatitis,XGB,P-B,utama,40,0.8709677419354839,0.73,0.75,0.5,0.6,0.8666666666666668,0.7829545454545455
Hepatitis,XGB,P-B,utama,41,0.8387096774193549,0.8366666666666667,0.5555555555555556,0.8333333333333334,0.6666666666666666,0.8866666666666666,0.6917600373482726
Hepatitis,XGB,P-B,utama,42,0.6774193548387096,0.61,0.3,0.5,0.375,0.7000000000000001,0.5334640522875816
Hepatitis,XGB,P-B,utama,43,0.8387096774193549,0.6934523809523809,0.75,0.42857142857142855,0.5454545454545454,0.8809523809523809,0.712049062049062
Hepatitis,XGB,P-B,utama,44,0.8064516129032258,0.7738095238095238,0.5555555555555556,0.7142857142857143,0.625,0.8392857142857143,0.5436307856475924
Hepatitis,XGB,P-B,utama,45,0.7741935483870968,0.7333333333333334,0.4444444444444444,0.6666666666666666,0.5333333333333333,0.7933333333333332,0.6511093073593073
Hepatitis,XGB,P-B,utama,46,0.7741935483870968,0.7966666666666666,0.45454545454545453,0.8333333333333334,0.5882352941176471,0.8533333333333333,0.47962962962962963
Hepatitis,XGB,P-B,utama,47,0.8064516129032258,0.8166666666666667,0.5,0.8333333333333334,0.625,0.8733333333333334,0.7262426900584795
Hepatitis,XGB,P-B,utama,48,0.7741935483870968,0.7023809523809523,0.5,0.5714285714285714,0.5333333333333333,0.7738095238095238,0.6336996336996337
Hepatitis,XGB,P-B,utama,49,0.7419354838709677,0.6309523809523809,0.42857142857142855,0.42857142857142855,0.42857142857142855,0.7023809523809523,0.6123737373737373
Hepatitis,XGB,P-C,utama,0,0.8387096774193549,0.7733333333333333,0.5714285714285714,0.6666666666666666,0.6153846153846154,0.8833333333333333,0.5749389499389499
Hepatitis,XGB,P-C,utama,1,0.6451612903225806,0.4633333333333333,0.14285714285714285,0.16666666666666666,0.15384615384615385,0.7266666666666666,0.3197903947903948
Hepatitis,XGB,P-C,utama,2,0.9032258064516129,0.8766666666666667,0.7142857142857143,0.8333333333333334,0.7692307692307693,0.8733333333333334,0.8733333333333333
Hepatitis,XGB,P-C,utama,3,0.8387096774193549,0.7946428571428572,0.625,0.7142857142857143,0.6666666666666666,0.75,0.4497062461348175
Hepatitis,XGB,P-C,utama,4,0.7096774193548387,0.6101190476190476,0.375,0.42857142857142855,0.4,0.761904761904762,0.42487904252610137
Hepatitis,XGB,P-C,utama,5,0.8064516129032258,0.7533333333333333,0.5,0.6666666666666666,0.5714285714285714,0.86,0.5555555555555556
Hepatitis,XGB,P-C,utama,6,0.6774193548387096,0.61,0.3,0.5,0.375,0.67,0.3063732563732564
Hepatitis,XGB,P-C,utama,7,0.7419354838709677,0.65,0.375,0.5,0.42857142857142855,0.8333333333333333,0.6253218459100812
Hepatitis,XGB,P-C,utama,8,0.8387096774193549,0.7440476190476191,0.6666666666666666,0.5714285714285714,0.6153846153846154,0.7976190476190476,0.7164021164021164
Hepatitis,XGB,P-C,utama,9,0.8064516129032258,0.6726190476190476,0.6,0.42857142857142855,0.5,0.7738095238095237,0.6031746031746031
Hepatitis,XGB,P-C,utama,10,0.8387096774193549,0.71,0.6,0.5,0.5454545454545454,0.9133333333333333,0.6138888888888888
Hepatitis,XGB,P-C,utama,11,0.8387096774193549,0.8366666666666667,0.5555555555555556,0.8333333333333334,0.6666666666666666,0.7533333333333333,0.558183990442055
Hepatitis,XGB,P-C,utama,12,0.8387096774193549,0.71,0.6,0.5,0.5454545454545454,0.8733333333333334,0.5427609427609428
Hepatitis,XGB,P-C,utama,13,0.8064516129032258,0.7232142857142857,0.5714285714285714,0.5714285714285714,0.5714285714285714,0.7857142857142857,0.6406593406593406
Hepatitis,XGB,P-C,utama,14,0.8387096774193549,0.7946428571428572,0.625,0.7142857142857143,0.6666666666666666,0.7678571428571428,0.6499099639855943
Hepatitis,XGB,P-C,utama,15,0.7741935483870968,0.7333333333333334,0.4444444444444444,0.6666666666666666,0.5333333333333333,0.8233333333333334,0.5393518518518519
Hepatitis,XGB,P-C,utama,16,0.8064516129032258,0.7533333333333333,0.5,0.6666666666666666,0.5714285714285714,0.8066666666666666,0.6241660915573959
Hepatitis,XGB,P-C,utama,17,0.8709677419354839,0.7933333333333333,0.6666666666666666,0.6666666666666666,0.6666666666666666,0.9133333333333333,0.7973544973544974
Hepatitis,XGB,P-C,utama,18,0.8064516129032258,0.6726190476190476,0.6,0.42857142857142855,0.5,0.7440476190476192,0.6142024642024642
Hepatitis,XGB,P-C,utama,19,0.7096774193548387,0.6101190476190476,0.375,0.42857142857142855,0.4,0.7083333333333333,0.4931972789115646
Hepatitis,XGB,P-C,utama,20,0.8387096774193549,0.6466666666666666,0.6666666666666666,0.3333333333333333,0.4444444444444444,0.8133333333333332,0.6856481481481481
Hepatitis,XGB,P-C,utama,21,0.7741935483870968,0.6699999999999999,0.42857142857142855,0.5,0.46153846153846156,0.7599999999999999,0.5346153846153846
Hepatitis,XGB,P-C,utama,22,0.8387096774193549,0.8366666666666667,0.5555555555555556,0.8333333333333334,0.6666666666666666,0.78,0.6124167946748592
Hepatitis,XGB,P-C,utama,23,0.7741935483870968,0.7023809523809523,0.5,0.5714285714285714,0.5333333333333333,0.8392857142857142,0.5690785405071119
Hepatitis,XGB,P-C,utama,24,0.8064516129032258,0.6726190476190476,0.6,0.42857142857142855,0.5,0.7738095238095238,0.4709989258861439
Hepatitis,XGB,P-C,utama,25,0.8064516129032258,0.7533333333333333,0.5,0.6666666666666666,0.5714285714285714,0.7533333333333333,0.4741554741554741
Hepatitis,XGB,P-C,utama,26,0.7741935483870968,0.6699999999999999,0.42857142857142855,0.5,0.46153846153846156,0.6266666666666667,0.36458129683936136
Hepatitis,XGB,P-C,utama,27,0.7419354838709677,0.65,0.375,0.5,0.42857142857142855,0.7000000000000001,0.5487012987012987
Hepatitis,XGB,P-C,utama,28,0.967741935483871,0.9791666666666667,0.875,1.0,0.9333333333333333,1.0,0.9999999999999998
Hepatitis,XGB,P-C,utama,29,0.7741935483870968,0.6517857142857143,0.5,0.42857142857142855,0.46153846153846156,0.7976190476190477,0.5851449275362319
Hepatitis,XGB,P-C,utama,30,0.8064516129032258,0.8166666666666667,0.5,0.8333333333333334,0.625,0.9600000000000001,0.9166666666666666
Hepatitis,XGB,P-C,utama,31,0.7741935483870968,0.6699999999999999,0.42857142857142855,0.5,0.46153846153846156,0.7666666666666666,0.5050597550597551
Hepatitis,XGB,P-C,utama,32,0.8064516129032258,0.6266666666666667,0.5,0.3333333333333333,0.4,0.7266666666666667,0.4182692307692308
Hepatitis,XGB,P-C,utama,33,0.8064516129032258,0.7232142857142857,0.5714285714285714,0.5714285714285714,0.5714285714285714,0.7232142857142857,0.46321044546850987
Hepatitis,XGB,P-C,utama,34,0.8387096774193549,0.7946428571428572,0.625,0.7142857142857143,0.6666666666666666,0.875,0.7583333333333333
Hepatitis,XGB,P-C,utama,35,0.8064516129032258,0.69,0.5,0.5,0.5,0.72,0.4532763532763533
Hepatitis,XGB,P-C,utama,36,0.9354838709677419,0.8333333333333333,1.0,0.6666666666666666,0.8,0.9266666666666667,0.8680555555555556
Hepatitis,XGB,P-C,utama,37,0.7096774193548387,0.5033333333333333,0.2,0.16666666666666666,0.18181818181818182,0.7333333333333333,0.33609625668449195
Hepatitis,XGB,P-C,utama,38,0.8387096774193549,0.7946428571428572,0.625,0.7142857142857143,0.6666666666666666,0.8720238095238095,0.6665075120957473
Hepatitis,XGB,P-C,utama,39,0.8387096774193549,0.8958333333333333,0.5833333333333334,1.0,0.7368421052631579,0.8928571428571428,0.7014739229024942
Hepatitis,XGB,P-C,utama,40,0.8709677419354839,0.73,0.75,0.5,0.6,0.78,0.7350358422939067
Hepatitis,XGB,P-C,utama,41,0.8387096774193549,0.7733333333333333,0.5714285714285714,0.6666666666666666,0.6153846153846154,0.8333333333333334,0.6282679738562091
Hepatitis,XGB,P-C,utama,42,0.7419354838709677,0.65,0.375,0.5,0.42857142857142855,0.6733333333333333,0.38838566827697263
Hepatitis,XGB,P-C,utama,43,0.8709677419354839,0.8154761904761905,0.7142857142857143,0.7142857142857143,0.7142857142857143,0.9523809523809524,0.8687074829931971
Hepatitis,XGB,P-C,utama,44,0.7096774193548387,0.6101190476190476,0.375,0.42857142857142855,0.4,0.7857142857142857,0.5627705627705628
Hepatitis,XGB,P-C,utama,45,0.7419354838709677,0.65,0.375,0.5,0.42857142857142855,0.8466666666666667,0.6456649831649831
Hepatitis,XGB,P-C,utama,46,0.8387096774193549,0.7733333333333333,0.5714285714285714,0.6666666666666666,0.6153846153846154,0.8533333333333333,0.5876623376623377
Hepatitis,XGB,P-C,utama,47,0.8387096774193549,0.7733333333333333,0.5714285714285714,0.6666666666666666,0.6153846153846154,0.86,0.5555555555555555
Hepatitis,XGB,P-C,utama,48,0.7741935483870968,0.7023809523809523,0.5,0.5714285714285714,0.5333333333333333,0.7261904761904762,0.5744840458177406
Hepatitis,XGB,P-C,utama,49,0.7741935483870968,0.6011904761904762,0.5,0.2857142857142857,0.36363636363636365,0.7976190476190476,0.5964102564102564
HCV,NB,V1,utama,0,0.8943089430894309,0.8824074074074074,0.5416666666666666,0.8666666666666667,0.6666666666666666,0.9521604938271605,0.6317539894745776
HCV,NB,V1,utama,1,0.9349593495934959,0.8768518518518519,0.7058823529411765,0.8,0.75,0.8932098765432098,0.7090103728799381
HCV,NB,V1,utama,2,0.9349593495934959,0.7907407407407407,0.8181818181818182,0.6,0.6923076923076923,0.9018518518518518,0.8078979867910335
HCV,NB,V1,utama,3,0.926829268292683,0.7861111111111111,0.75,0.6,0.6666666666666666,0.8277777777777777,0.5904342185895584
HCV,NB,V1,utama,4,0.926829268292683,0.7861111111111111,0.75,0.6,0.6666666666666666,0.932716049382716,0.8034839508412478
HCV,NB,V1,utama,5,0.9186991869918699,0.7814814814814814,0.6923076923076923,0.6,0.6428571428571429,0.8842592592592593,0.6496344241116717
HCV,NB,V1,utama,6,0.9186991869918699,0.8101851851851851,0.6666666666666666,0.6666666666666666,0.6666666666666666,0.894753086419753,0.650110603784254
HCV,NB,V1,utama,7,0.8943089430894309,0.7675925925925926,0.5625,0.6,0.5806451612903226,0.8981481481481481,0.7313197197252925
HCV,NB,V1,utama,8,0.967479674796748,0.8953703703703704,0.9230769230769231,0.8,0.8571428571428571,0.9592592592592593,0.7918647401980735
HCV,NB,V1,utama,9,0.943089430894309,0.8814814814814815,0.75,0.8,0.7741935483870968,0.967283950617284,0.7288710548710549
HCV,NB,V1,utama,10,0.959349593495935,0.8620370370370369,0.9166666666666666,0.7333333333333333,0.8148148148148148,0.9351851851851852,0.8555458820164703
HCV,NB,V1,utama,11,0.926829268292683,0.8722222222222222,0.6666666666666666,0.8,0.7272727272727273,0.9481481481481481,0.7105446623093683
HCV,NB,V1,utama,12,0.8943089430894309,0.7101851851851853,0.5833333333333334,0.4666666666666667,0.5185185185185185,0.8459876543209877,0.6168834353885901
HCV,NB,V1,utama,13,0.943089430894309,0.8527777777777777,0.7857142857142857,0.7333333333333333,0.7586206896551724,0.9101851851851852,0.712886187886188
HCV,NB,V1,utama,14,0.8861788617886179,0.7055555555555555,0.5384615384615384,0.4666666666666667,0.5,0.8351851851851853,0.580501248001248
HCV,NB,V1,utama,15,0.943089430894309,0.9101851851851852,0.7222222222222222,0.8666666666666667,0.7878787878787878,0.9611111111111111,0.8775007063201975
HCV,NB,V1,utama,16,0.9349593495934959,0.7907407407407407,0.8181818181818182,0.6,0.6923076923076923,0.9123456790123456,0.7925584795321637
HCV,NB,V1,utama,17,0.8943089430894309,0.7675925925925926,0.5625,0.6,0.5806451612903226,0.9188271604938271,0.5302986480582188
HCV,NB,V1,utama,18,0.9186991869918699,0.7527777777777778,0.7272727272727273,0.5333333333333333,0.6153846153846154,0.8830246913580246,0.6287291800195027
HCV,NB,V1,utama,19,0.9349593495934959,0.8481481481481481,0.7333333333333333,0.7333333333333333,0.7333333333333333,0.888888888888889,0.7107706672412555
HCV,NB,V1,utama,20,0.926829268292683,0.8435185185185186,0.6875,0.7333333333333333,0.7096774193548387,0.9299382716049382,0.7179942688945068
HCV,NB,V1,utama,21,0.943089430894309,0.8240740740740741,0.8333333333333334,0.6666666666666666,0.7407407407407407,0.9018518518518519,0.7406544321485296
HCV,NB,V1,utama,22,0.943089430894309,0.7953703703703703,0.9,0.6,0.72,0.962962962962963,0.7755321977902623
HCV,NB,V1,utama,23,0.9024390243902439,0.8009259259259259,0.5882352941176471,0.6666666666666666,0.625,0.8589506172839506,0.5914458946019817
HCV,NB,V1,utama,24,0.926829268292683,0.8722222222222222,0.6666666666666666,0.8,0.7272727272727273,0.9518518518518517,0.703247104109173
HCV,NB,V1,utama,25,0.9105691056910569,0.8055555555555556,0.625,0.6666666666666666,0.6451612903225806,0.921604938271605,0.7638943851847078
HCV,NB,V1,utama,26,0.943089430894309,0.8814814814814815,0.75,0.8,0.7741935483870968,0.9537037037037037,0.7876097413053935
HCV,NB,V1,utama,27,0.9105691056910569,0.7768518518518519,0.6428571428571429,0.6,0.6206896551724138,0.8611111111111112,0.6737096193782275
HCV,NB,V1,utama,28,0.9349593495934959,0.8194444444444444,0.7692307692307693,0.6666666666666666,0.7142857142857143,0.9212962962962963,0.7229097948834792
HCV,NB,V1,utama,29,0.9186991869918699,0.8101851851851851,0.6666666666666666,0.6666666666666666,0.6666666666666666,0.8783950617283951,0.6180470395533509
HCV,NB,V1,utama,30,0.9024390243902439,0.7722222222222221,0.6,0.6,0.6,0.9271604938271605,0.7547831564259111
HCV,NB,V1,utama,31,0.9105691056910569,0.8055555555555556,0.625,0.6666666666666666,0.6451612903225806,0.8574074074074074,0.619301176654871
HCV,NB,V1,utama,32,0.926829268292683,0.8722222222222222,0.6666666666666666,0.8,0.7272727272727273,0.9376543209876543,0.7177983713379251
HCV,NB,V1,utama,33,0.9349593495934959,0.8194444444444444,0.7692307692307693,0.6666666666666666,0.7142857142857143,0.8950617283950617,0.7615250511241028
HCV,NB,V1,utama,34,0.926829268292683,0.7861111111111111,0.75,0.6,0.6666666666666666,0.875925925925926,0.6046811791750109
HCV,NB,V1,utama,35,0.9105691056910569,0.8629629629629629,0.6,0.8,0.6857142857142857,0.921604938271605,0.7310978028625088
HCV,NB,V1,utama,36,0.9186991869918699,0.7527777777777778,0.7272727272727273,0.5333333333333333,0.6153846153846154,0.841358024691358,0.696697373886739
HCV,NB,V1,utama,37,0.9186991869918699,0.7527777777777778,0.7272727272727273,0.5333333333333333,0.6153846153846154,0.9117283950617283,0.7507038567933273
HCV,NB,V1,utama,38,0.9512195121951219,0.8574074074074074,0.8461538461538461,0.7333333333333333,0.7857142857142857,0.9666666666666668,0.8981801222513297
HCV,NB,V1,utama,39,0.8861788617886179,0.762962962962963,0.5294117647058824,0.6,0.5625,0.9095679012345679,0.5822398492845523
HCV,NB,V1,utama,40,0.9186991869918699,0.8101851851851851,0.6666666666666666,0.6666666666666666,0.6666666666666666,0.9271604938271605,0.7809907902554961
HCV,NB,V1,utama,41,0.9186991869918699,0.7527777777777778,0.7272727272727273,0.5333333333333333,0.6153846153846154,0.8703703703703705,0.6260291241769276
HCV,NB,V1,utama,42,0.943089430894309,0.8240740740740741,0.8333333333333334,0.6666666666666666,0.7407407407407407,0.9018518518518518,0.80333103164367
HCV,NB,V1,utama,43,0.9186991869918699,0.8388888888888888,0.6470588235294118,0.7333333333333333,0.6875,0.9487654320987654,0.6611912900269341
HCV,NB,V1,utama,44,0.943089430894309,0.8814814814814815,0.75,0.8,0.7741935483870968,0.9604938271604938,0.8232432757151438
HCV,NB,V1,utama,45,0.9512195121951219,0.8861111111111111,0.8,0.8,0.8,0.9370370370370371,0.8412585061996827
HCV,NB,V1,utama,46,0.9024390243902439,0.8296296296296296,0.5789473684210527,0.7333333333333333,0.6470588235294118,0.9385802469135802,0.7287376351506786
HCV,NB,V1,utama,47,0.9024390243902439,0.7435185185185185,0.6153846153846154,0.5333333333333333,0.5714285714285714,0.8506172839506173,0.6703304571163797
HCV,NB,V1,utama,48,0.8861788617886179,0.6768518518518518,0.5454545454545454,0.4,0.46153846153846156,0.8290123456790124,0.4513930412150477
HCV,NB,V1,utama,49,0.975609756097561,0.9574074074074075,0.875,0.9333333333333333,0.9032258064516129,0.9302469135802469,0.8420615080959908
HCV,NB,V2,utama,0,0.7962962962962963,0.7962962962962963,0.8902439024390244,0.6759259259259259,0.7684210526315789,0.9146519204389575,0.8922262746001489
HCV,NB,V2,utama,1,0.8425925925925926,0.8425925925925926,0.9404761904761905,0.7314814814814815,0.8229166666666666,0.9303840877914952,0.9245920888695982
HCV,NB,V2,utama,2,0.8055555555555556,0.8055555555555556,0.9852941176470589,0.6203703703703703,0.7613636363636364,0.9388717421124828,0.9483405692891543
HCV,NB,V2,utama,3,0.8518518518518519,0.8518518518518519,0.9634146341463414,0.7314814814814815,0.8315789473684211,0.9386574074074074,0.9375082042560343
HCV,NB,V2,utama,4,0.8194444444444444,0.8194444444444444,0.9726027397260274,0.6574074074074074,0.7845303867403315,0.9552469135802468,0.961249632987448
HCV,NB,V2,utama,5,0.8425925925925926,0.8425925925925926,0.9625,0.7129629629629629,0.8191489361702128,0.9412294238683128,0.9352549176182702
HCV,NB,V2,utama,6,0.7870370370370371,0.787037037037037,0.9428571428571428,0.6111111111111112,0.7415730337078652,0.9013203017832647,0.9028656777854536
HCV,NB,V2,utama,7,0.8425925925925926,0.8425925925925926,0.9204545454545454,0.75,0.826530612244898,0.9405435528120714,0.934499987402662
HCV,NB,V2,utama,8,0.8240740740740741,0.8240740740740741,0.9487179487179487,0.6851851851851852,0.7956989247311828,0.9455589849108368,0.9460625651798623
HCV,NB,V2,utama,9,0.8425925925925926,0.8425925925925926,0.9625,0.7129629629629629,0.8191489361702128,0.9465020576131687,0.9507578970231348
HCV,NB,V2,utama,10,0.8148148148148148,0.8148148148148149,0.9722222222222222,0.6481481481481481,0.7777777777777778,0.9684499314128945,0.9661420582198215
HCV,NB,V2,utama,11,0.8333333333333334,0.8333333333333333,0.9285714285714286,0.7222222222222222,0.8125,0.9251543209876543,0.9123604822267987
HCV,NB,V2,utama,12,0.8055555555555556,0.8055555555555556,0.9230769230769231,0.6666666666666666,0.7741935483870968,0.9328275034293554,0.9254322172817604
HCV,NB,V2,utama,13,0.8379629629629629,0.8379629629629629,0.9506172839506173,0.7129629629629629,0.8148148148148148,0.9337277091906722,0.938442715814341
HCV,NB,V2,utama,14,0.8240740740740741,0.8240740740740741,0.9487179487179487,0.6851851851851852,0.7956989247311828,0.9146947873799726,0.9309704502590953
HCV,NB,V2,utama,15,0.8333333333333334,0.8333333333333333,0.9615384615384616,0.6944444444444444,0.8064516129032258,0.951474622770919,0.9547494081956904
HCV,NB,V2,utama,16,0.8055555555555556,0.8055555555555556,0.9459459459459459,0.6481481481481481,0.7692307692307693,0.9279406721536351,0.9296958788307176
HCV,NB,V2,utama,17,0.8055555555555556,0.8055555555555556,0.9459459459459459,0.6481481481481481,0.7692307692307693,0.9060785322359397,0.909769530144421
HCV,NB,V2,utama,18,0.8472222222222222,0.8472222222222222,0.9518072289156626,0.7314814814814815,0.8272251308900523,0.9384430727023318,0.9302804185041235
HCV,NB,V2,utama,19,0.8425925925925926,0.8425925925925926,0.9404761904761905,0.7314814814814815,0.8229166666666666,0.9503600823045267,0.9510665314214555
HCV,NB,V2,utama,20,0.7962962962962963,0.7962962962962963,0.9210526315789473,0.6481481481481481,0.7608695652173914,0.9232681755829903,0.9070858472238847
HCV,NB,V2,utama,21,0.8333333333333334,0.8333333333333333,0.9615384615384616,0.6944444444444444,0.8064516129032258,0.9389574759945131,0.9487546372238136
HCV,NB,V2,utama,22,0.8240740740740741,0.8240740740740741,0.9605263157894737,0.6759259259259259,0.7934782608695652,0.9476165980795611,0.9519056703489696
HCV,NB,V2,utama,23,0.8703703703703703,0.8703703703703703,0.9347826086956522,0.7962962962962963,0.86,0.9373285322359397,0.9259031820045662
HCV,NB,V2,utama,24,0.8101851851851852,0.8101851851851851,0.958904109589041,0.6481481481481481,0.7734806629834254,0.9344993141289437,0.9414809418821158
HCV,NB,V2,utama,25,0.875,0.875,0.9764705882352941,0.7685185185185185,0.8601036269430051,0.9725651577503429,0.9632574568495456
HCV,NB,V2,utama,26,0.8009259259259259,0.8009259259259259,0.9710144927536232,0.6203703703703703,0.7570621468926554,0.9314128943758573,0.9407447783340008
HCV,NB,V2,utama,27,0.8055555555555556,0.8055555555555556,0.9230769230769231,0.6666666666666666,0.7741935483870968,0.92554012345679,0.916569298959664
HCV,NB,V2,utama,28,0.8333333333333334,0.8333333333333333,0.9615384615384616,0.6944444444444444,0.8064516129032258,0.948045267489712,0.948516124033778
HCV,NB,V2,utama,29,0.8101851851851852,0.8101851851851851,0.9036144578313253,0.6944444444444444,0.7853403141361257,0.8984053497942386,0.8988123438394221
HCV,NB,V2,utama,30,0.8472222222222222,0.8472222222222222,0.9629629629629629,0.7222222222222222,0.8253968253968254,0.9350565843621399,0.9326834807931863
HCV,NB,V2,utama,31,0.8564814814814815,0.8564814814814814,0.9325842696629213,0.7685185185185185,0.8426395939086294,0.9304698216735254,0.9039843131384138
HCV,NB,V2,utama,32,0.8101851851851852,0.8101851851851851,0.9466666666666667,0.6574074074074074,0.7759562841530054,0.9367283950617284,0.9406241349458047
HCV,NB,V2,utama,33,0.8287037037037037,0.8287037037037037,0.9493670886075949,0.6944444444444444,0.8021390374331551,0.9402863511659808,0.9408243746531213
HCV,NB,V2,utama,34,0.7962962962962963,0.7962962962962963,0.9324324324324325,0.6388888888888888,0.7582417582417582,0.9350137174211248,0.9395360175530689
HCV,NB,V2,utama,35,0.8148148148148148,0.8148148148148149,0.9594594594594594,0.6574074074074074,0.7802197802197802,0.9437585733882029,0.9447498094298693
HCV,NB,V2,utama,36,0.8194444444444444,0.8194444444444444,0.9156626506024096,0.7037037037037037,0.7958115183246073,0.9110082304526749,0.9007036281268221
HCV,NB,V2,utama,37,0.8611111111111112,0.8611111111111112,0.9534883720930233,0.7592592592592593,0.845360824742268,0.954775377229081,0.9536648523444072
HCV,NB,V2,utama,38,0.8379629629629629,0.8379629629629629,0.9506172839506173,0.7129629629629629,0.8148148148148148,0.9296982167352537,0.9398127355980715
HCV,NB,V2,utama,39,0.8009259259259259,0.8009259259259259,0.9577464788732394,0.6296296296296297,0.7597765363128491,0.9430727023319615,0.9313359739191126
HCV,NB,V2,utama,40,0.8564814814814815,0.8564814814814815,0.9753086419753086,0.7314814814814815,0.8359788359788359,0.9233539094650207,0.9239672450131194
HCV,NB,V2,utama,41,0.8657407407407407,0.8657407407407407,0.9759036144578314,0.75,0.8481675392670157,0.9512174211248285,0.9556755569434271
HCV,NB,V2,utama,42,0.8009259259259259,0.8009259259259259,0.9710144927536232,0.6203703703703703,0.7570621468926554,0.9524176954732508,0.9506216894267372
HCV,NB,V2,utama,43,0.7638888888888888,0.7638888888888888,0.8701298701298701,0.6203703703703703,0.7243243243243244,0.8942901234567902,0.8839909729621458
HCV,NB,V2,utama,44,0.8240740740740741,0.8240740740740741,0.9487179487179487,0.6851851851851852,0.7956989247311828,0.9498456790123456,0.9541051319059324
HCV,NB,V2,utama,45,0.7824074074074074,0.7824074074074074,0.9066666666666666,0.6296296296296297,0.7431693989071039,0.8784293552812069,0.8805865377411667
HCV,NB,V2,utama,46,0.8518518518518519,0.8518518518518519,0.975,0.7222222222222222,0.8297872340425532,0.9743655692729768,0.9728092134495919
HCV,NB,V2,utama,47,0.8935185185185185,0.8935185185185185,0.956989247311828,0.8240740740740741,0.8855721393034826,0.9415294924554184,0.9275731986180857
HCV,NB,V2,utama,48,0.8055555555555556,0.8055555555555556,0.9714285714285714,0.6296296296296297,0.7640449438202247,0.9517318244170094,0.9537546111316006
HCV,NB,V2,utama,49,0.8009259259259259,0.8009259259259259,0.9113924050632911,0.6666666666666666,0.7700534759358288,0.9278120713305898,0.9225383065386392
HCV,NB,V2b,utama,0,0.9024390243902439,0.8870370370370371,0.5652173913043478,0.8666666666666667,0.6842105263157895,0.9564814814814815,0.634868143838732
HCV,NB,V2b,utama,1,0.9349593495934959,0.8768518518518519,0.7058823529411765,0.8,0.75,0.9401234567901234,0.7233298052401826
HCV,NB,V2b,utama,2,0.9512195121951219,0.8287037037037037,0.9090909090909091,0.6666666666666666,0.7692307692307693,0.9092592592592592,0.8244562431264559
HCV,NB,V2b,utama,3,0.9186991869918699,0.7527777777777778,0.7272727272727273,0.5333333333333333,0.6153846153846154,0.9083333333333334,0.6199547652529869
HCV,NB,V2b,utama,4,0.9512195121951219,0.8574074074074074,0.8461538461538461,0.7333333333333333,0.7857142857142857,0.9839506172839506,0.8957838110698522
HCV,NB,V2b,utama,5,0.926829268292683,0.8148148148148148,0.7142857142857143,0.6666666666666666,0.6896551724137931,0.8972222222222223,0.6860605301131617
HCV,NB,V2b,utama,6,0.9105691056910569,0.8055555555555556,0.625,0.6666666666666666,0.6451612903225806,0.9206790123456791,0.6723634349345924
HCV,NB,V2b,utama,7,0.9105691056910569,0.8342592592592593,0.6111111111111112,0.7333333333333333,0.6666666666666666,0.9395061728395062,0.7736510508929408
HCV,NB,V2b,utama,8,0.967479674796748,0.8953703703703704,0.9230769230769231,0.8,0.8571428571428571,0.9555555555555556,0.7859201752805758
HCV,NB,V2b,utama,9,0.9349593495934959,0.8481481481481481,0.7333333333333333,0.7333333333333333,0.7333333333333333,0.9691358024691359,0.7170669266321439
HCV,NB,V2b,utama,10,0.9512195121951219,0.8574074074074074,0.8461538461538461,0.7333333333333333,0.7857142857142857,0.9790123456790124,0.9048187759952464
HCV,NB,V2b,utama,11,0.926829268292683,0.8722222222222222,0.6666666666666666,0.8,0.7272727272727273,0.9654320987654321,0.7443297638034481
HCV,NB,V2b,utama,12,0.9186991869918699,0.8101851851851851,0.6666666666666666,0.6666666666666666,0.6666666666666666,0.8891975308641976,0.6529324914851231
HCV,NB,V2b,utama,13,0.9512195121951219,0.8861111111111111,0.8,0.8,0.8,0.9419753086419753,0.75076430166893
HCV,NB,V2b,utama,14,0.9024390243902439,0.7722222222222221,0.6,0.6,0.6,0.8870370370370371,0.653996570188716
HCV,NB,V2b,utama,15,0.926829268292683,0.9009259259259259,0.65,0.8666666666666667,0.7428571428571429,0.9783950617283951,0.8958734071878088
HCV,NB,V2b,utama,16,0.9349593495934959,0.8481481481481481,0.7333333333333333,0.7333333333333333,0.7333333333333333,0.961111111111111,0.8389406828831392
HCV,NB,V2b,utama,17,0.8943089430894309,0.7675925925925926,0.5625,0.6,0.5806451612903226,0.9061728395061728,0.5547564176063333
HCV,NB,V2b,utama,18,0.9512195121951219,0.8287037037037037,0.9090909090909091,0.6666666666666666,0.7692307692307693,0.9163580246913581,0.7349282448046301
HCV,NB,V2b,utama,19,0.943089430894309,0.8814814814814815,0.75,0.8,0.7741935483870968,0.9493827160493827,0.7493789135700901
HCV,NB,V2b,utama,20,0.943089430894309,0.8814814814814815,0.75,0.8,0.7741935483870968,0.9641975308641975,0.8237168998572508
HCV,NB,V2b,utama,21,0.9349593495934959,0.8194444444444444,0.7692307692307693,0.6666666666666666,0.7142857142857143,0.9012345679012347,0.7543066929792595
HCV,NB,V2b,utama,22,0.9512195121951219,0.8287037037037037,0.9090909090909091,0.6666666666666666,0.7692307692307693,0.9808641975308642,0.8312592031241917
HCV,NB,V2b,utama,23,0.9024390243902439,0.8296296296296296,0.5789473684210527,0.7333333333333333,0.6470588235294118,0.9108024691358024,0.6470299166638924
HCV,NB,V2b,utama,24,0.926829268292683,0.8722222222222222,0.6666666666666666,0.8,0.7272727272727273,0.9459876543209877,0.663997668997669
HCV,NB,V2b,utama,25,0.9349593495934959,0.8481481481481481,0.7333333333333333,0.7333333333333333,0.7333333333333333,0.9617283950617284,0.810995115995116
HCV,NB,V2b,utama,26,0.9512195121951219,0.8861111111111111,0.8,0.8,0.8,0.9771604938271605,0.8227746285163164
HCV,NB,V2b,utama,27,0.9024390243902439,0.7435185185185185,0.6153846153846154,0.5333333333333333,0.5714285714285714,0.8907407407407408,0.6237232520565854
HCV,NB,V2b,utama,28,0.9512195121951219,0.9148148148148147,0.7647058823529411,0.8666666666666667,0.8125,0.9570987654320988,0.76311843929491
HCV,NB,V2b,utama,29,0.926829268292683,0.8148148148148148,0.7142857142857143,0.6666666666666666,0.6896551724137931,0.9185185185185185,0.6248677038050852
HCV,NB,V2b,utama,30,0.9349593495934959,0.8481481481481481,0.7333333333333333,0.7333333333333333,0.7333333333333333,0.975925925925926,0.8372152116888959
HCV,NB,V2b,utama,31,0.926829268292683,0.8435185185185186,0.6875,0.7333333333333333,0.7096774193548387,0.8932098765432099,0.6315405278316202
HCV,NB,V2b,utama,32,0.9186991869918699,0.8675925925925927,0.631578947368421,0.8,0.7058823529411765,0.9614197530864197,0.7247716055762033
HCV,NB,V2b,utama,33,0.9512195121951219,0.8574074074074074,0.8461538461538461,0.7333333333333333,0.7857142857142857,0.9567901234567902,0.8290862224195559
HCV,NB,V2b,utama,34,0.926829268292683,0.8148148148148148,0.7142857142857143,0.6666666666666666,0.6896551724137931,0.9302469135802469,0.6578338048403839
HCV,NB,V2b,utama,35,0.9105691056910569,0.8629629629629629,0.6,0.8,0.6857142857142857,0.9555555555555555,0.7559202808428814
HCV,NB,V2b,utama,36,0.943089430894309,0.8527777777777777,0.7857142857142857,0.7333333333333333,0.7586206896551724,0.8882716049382716,0.7679583291541154
HCV,NB,V2b,utama,37,0.943089430894309,0.8527777777777777,0.7857142857142857,0.7333333333333333,0.7586206896551724,0.954320987654321,0.787538665038665
HCV,NB,V2b,utama,38,0.943089430894309,0.8240740740740741,0.8333333333333334,0.6666666666666666,0.7407407407407407,0.9753086419753085,0.9014331105131379
HCV,NB,V2b,utama,39,0.9024390243902439,0.8009259259259259,0.5882352941176471,0.6666666666666666,0.625,0.9253086419753087,0.5737228863090932
HCV,NB,V2b,utama,40,0.9349593495934959,0.8481481481481481,0.7333333333333333,0.7333333333333333,0.7333333333333333,0.958641975308642,0.8289262508122157
HCV,NB,V2b,utama,41,0.926829268292683,0.8435185185185186,0.6875,0.7333333333333333,0.7096774193548387,0.8981481481481483,0.6486430336662534
HCV,NB,V2b,utama,42,0.943089430894309,0.8240740740740741,0.8333333333333334,0.6666666666666666,0.7407407407407407,0.9308641975308642,0.8116601727630897
HCV,NB,V2b,utama,43,0.9024390243902439,0.8009259259259259,0.5882352941176471,0.6666666666666666,0.625,0.9419753086419753,0.6065562332652247
HCV,NB,V2b,utama,44,0.9512195121951219,0.8861111111111111,0.8,0.8,0.8,0.9728395061728395,0.8667303992303992
HCV,NB,V2b,utama,45,0.959349593495935,0.8907407407407408,0.8571428571428571,0.8,0.8275862068965517,0.9765432098765432,0.8966378066378067
HCV,NB,V2b,utama,46,0.9105691056910569,0.8342592592592593,0.6111111111111112,0.7333333333333333,0.6666666666666666,0.9595679012345679,0.7585580351959662
HCV,NB,V2b,utama,47,0.9349593495934959,0.8194444444444444,0.7692307692307693,0.6666666666666666,0.7142857142857143,0.9469135802469135,0.7661683151364003
HCV,NB,V2b,utama,48,0.8861788617886179,0.7342592592592593,0.5333333333333333,0.5333333333333333,0.5333333333333333,0.8796296296296297,0.4654235308641673
HCV,NB,V2b,utama,49,0.975609756097561,0.9574074074074075,0.875,0.9333333333333333,0.9032258064516129,0.9314814814814816,0.8378947715673379
HCV,NB,V3,utama,0,0.8943089430894309,0.8824074074074074,0.5416666666666666,0.8666666666666667,0.6666666666666666,0.9521604938271605,0.6317539894745776
HCV,NB,V3,utama,1,0.943089430894309,0.8814814814814815,0.75,0.8,0.7741935483870968,0.9089506172839507,0.7233817130328758
HCV,NB,V3,utama,2,0.9349593495934959,0.8194444444444444,0.7692307692307693,0.6666666666666666,0.7142857142857143,0.9024691358024692,0.7924363021615002
HCV,NB,V3,utama,3,0.926829268292683,0.7861111111111111,0.75,0.6,0.6666666666666666,0.8277777777777777,0.5904342185895584
HCV,NB,V3,utama,4,0.926829268292683,0.7861111111111111,0.75,0.6,0.6666666666666666,0.932716049382716,0.8034839508412478
HCV,NB,V3,utama,5,0.9186991869918699,0.8101851851851851,0.6666666666666666,0.6666666666666666,0.6666666666666666,0.8694444444444444,0.6462490075591759
HCV,NB,V3,utama,6,0.9186991869918699,0.8101851851851851,0.6666666666666666,0.6666666666666666,0.6666666666666666,0.894753086419753,0.650110603784254
HCV,NB,V3,utama,7,0.9024390243902439,0.8009259259259259,0.5882352941176471,0.6666666666666666,0.625,0.9055555555555556,0.7583915858124499
HCV,NB,V3,utama,8,0.967479674796748,0.8953703703703704,0.9230769230769231,0.8,0.8571428571428571,0.879320987654321,0.7478499573542677
HCV,NB,V3,utama,9,0.926829268292683,0.8435185185185186,0.6875,0.7333333333333333,0.7096774193548387,0.9623456790123457,0.7186234070939954
HCV,NB,V3,utama,10,0.943089430894309,0.8527777777777777,0.7857142857142857,0.7333333333333333,0.7586206896551724,0.9339506172839506,0.8532984630545606
HCV,NB,V3,utama,11,0.9349593495934959,0.9055555555555556,0.6842105263157895,0.8666666666666667,0.7647058823529411,0.9549382716049382,0.7605006105006106
HCV,NB,V3,utama,12,0.9024390243902439,0.7435185185185185,0.6153846153846154,0.5333333333333333,0.5714285714285714,0.8537037037037037,0.5812415209720505
HCV,NB,V3,utama,13,0.9512195121951219,0.8861111111111111,0.8,0.8,0.8,0.9101851851851852,0.7247037810298496
HCV,NB,V3,utama,14,0.9024390243902439,0.7722222222222221,0.6,0.6,0.6,0.854320987654321,0.6216117685966427
HCV,NB,V3,utama,15,0.943089430894309,0.9101851851851852,0.7222222222222222,0.8666666666666667,0.7878787878787878,0.9611111111111111,0.8775007063201975
HCV,NB,V3,utama,16,0.9349593495934959,0.7907407407407407,0.8181818181818182,0.6,0.6923076923076923,0.9123456790123456,0.7926092661046895
HCV,NB,V3,utama,17,0.9024390243902439,0.8009259259259259,0.5882352941176471,0.6666666666666666,0.625,0.8904320987654322,0.5585912124274193
HCV,NB,V3,utama,18,0.9349593495934959,0.8194444444444444,0.7692307692307693,0.6666666666666666,0.7142857142857143,0.8858024691358024,0.6658778258778258
HCV,NB,V3,utama,19,0.926829268292683,0.8435185185185186,0.6875,0.7333333333333333,0.7096774193548387,0.888888888888889,0.7072850568010519
HCV,NB,V3,utama,20,0.9186991869918699,0.8675925925925927,0.631578947368421,0.8,0.7058823529411765,0.9342592592592592,0.7674923954501419
HCV,NB,V3,utama,21,0.943089430894309,0.8240740740740741,0.8333333333333334,0.6666666666666666,0.7407407407407407,0.8481481481481481,0.7076188421760158
HCV,NB,V3,utama,22,0.943089430894309,0.7953703703703703,0.9,0.6,0.72,0.9604938271604938,0.7663990983598826
HCV,NB,V3,utama,23,0.9024390243902439,0.8009259259259259,0.5882352941176471,0.6666666666666666,0.625,0.8589506172839506,0.5914458946019817
HCV,NB,V3,utama,24,0.926829268292683,0.8722222222222222,0.6666666666666666,0.8,0.7272727272727273,0.9518518518518517,0.703247104109173
HCV,NB,V3,utama,25,0.9186991869918699,0.8388888888888888,0.6470588235294118,0.7333333333333333,0.6875,0.925925925925926,0.7730479510056975
HCV,NB,V3,utama,26,0.943089430894309,0.8814814814814815,0.75,0.8,0.7741935483870968,0.9537037037037037,0.7876097413053935
HCV,NB,V3,utama,27,0.9105691056910569,0.7768518518518519,0.6428571428571429,0.6,0.6206896551724138,0.875925925925926,0.7010914076016536
HCV,NB,V3,utama,28,0.943089430894309,0.8527777777777777,0.7857142857142857,0.7333333333333333,0.7586206896551724,0.9191358024691358,0.7361432185479373
HCV,NB,V3,utama,29,0.9186991869918699,0.8101851851851851,0.6666666666666666,0.6666666666666666,0.6666666666666666,0.8783950617283951,0.6180470395533509
HCV,NB,V3,utama,30,0.926829268292683,0.8435185185185186,0.6875,0.7333333333333333,0.7096774193548387,0.9432098765432099,0.785674743892829
HCV,NB,V3,utama,31,0.9186991869918699,0.8388888888888888,0.6470588235294118,0.7333333333333333,0.6875,0.8660493827160494,0.6235762500468383
HCV,NB,V3,utama,32,0.926829268292683,0.8722222222222222,0.6666666666666666,0.8,0.7272727272727273,0.9382716049382717,0.718100851676703
HCV,NB,V3,utama,33,0.9349593495934959,0.8194444444444444,0.7692307692307693,0.6666666666666666,0.7142857142857143,0.8993827160493827,0.762621554131175
HCV,NB,V3,utama,34,0.926829268292683,0.7861111111111111,0.75,0.6,0.6666666666666666,0.875925925925926,0.6046811791750109
HCV,NB,V3,utama,35,0.9105691056910569,0.8629629629629629,0.6,0.8,0.6857142857142857,0.9209876543209876,0.7312354892303052
HCV,NB,V3,utama,36,0.926829268292683,0.8148148148148148,0.7142857142857143,0.6666666666666666,0.6896551724137931,0.847530864197531,0.7240133720564632
HCV,NB,V3,utama,37,0.926829268292683,0.7861111111111111,0.75,0.6,0.6666666666666666,0.8975308641975308,0.7484200984200984
HCV,NB,V3,utama,38,0.967479674796748,0.8953703703703704,0.9230769230769231,0.8,0.8571428571428571,0.9814814814814815,0.9205996617761324
HCV,NB,V3,utama,39,0.8861788617886179,0.762962962962963,0.5294117647058824,0.6,0.5625,0.904320987654321,0.5952140840603655
HCV,NB,V3,utama,40,0.9105691056910569,0.8055555555555556,0.625,0.6666666666666666,0.6451612903225806,0.8978395061728395,0.7003064346892698
HCV,NB,V3,utama,41,0.9349593495934959,0.8194444444444444,0.7692307692307693,0.6666666666666666,0.7142857142857143,0.8709876543209877,0.6503895402774138
HCV,NB,V3,utama,42,0.926829268292683,0.8148148148148148,0.7142857142857143,0.6666666666666666,0.6896551724137931,0.9067901234567901,0.8015583544776403
HCV,NB,V3,utama,43,0.9186991869918699,0.8388888888888888,0.6470588235294118,0.7333333333333333,0.6875,0.9487654320987654,0.6611912900269341
HCV,NB,V3,utama,44,0.9512195121951219,0.8861111111111111,0.8,0.8,0.8,0.9419753086419753,0.8250820682910235
HCV,NB,V3,utama,45,0.9512195121951219,0.8861111111111111,0.8,0.8,0.8,0.9370370370370371,0.8412585061996827
HCV,NB,V3,utama,46,0.9024390243902439,0.8583333333333334,0.5714285714285714,0.8,0.6666666666666666,0.9287037037037038,0.7532518625165685
HCV,NB,V3,utama,47,0.926829268292683,0.7861111111111111,0.75,0.6,0.6666666666666666,0.9080246913580248,0.725779862983946
HCV,NB,V3,utama,48,0.8861788617886179,0.6768518518518518,0.5454545454545454,0.4,0.46153846153846156,0.8290123456790123,0.4513044878713686
HCV,NB,V3,utama,49,0.967479674796748,0.9527777777777777,0.8235294117647058,0.9333333333333333,0.875,0.9364197530864198,0.8469135969603259
HCV,NB,V4,utama,0,0.7962962962962963,0.7962962962962963,0.8902439024390244,0.6759259259259259,0.7684210526315789,0.9146519204389575,0.8922262746001489
HCV,NB,V4,utama,1,0.8425925925925926,0.8425925925925926,0.9404761904761905,0.7314814814814815,0.8229166666666666,0.9303840877914952,0.9245920888695982
HCV,NB,V4,utama,2,0.8055555555555556,0.8055555555555556,0.9852941176470589,0.6203703703703703,0.7613636363636364,0.9388717421124828,0.9483405692891543
HCV,NB,V4,utama,3,0.8518518518518519,0.8518518518518519,0.9634146341463414,0.7314814814814815,0.8315789473684211,0.9386574074074074,0.9375082042560343
HCV,NB,V4,utama,4,0.8194444444444444,0.8194444444444444,0.9726027397260274,0.6574074074074074,0.7845303867403315,0.9552469135802468,0.961249632987448
HCV,NB,V4,utama,5,0.8425925925925926,0.8425925925925926,0.9625,0.7129629629629629,0.8191489361702128,0.9412294238683128,0.9352549176182702
HCV,NB,V4,utama,6,0.7870370370370371,0.787037037037037,0.9428571428571428,0.6111111111111112,0.7415730337078652,0.9013203017832647,0.9028656777854536
HCV,NB,V4,utama,7,0.8425925925925926,0.8425925925925926,0.9204545454545454,0.75,0.826530612244898,0.9405435528120714,0.934499987402662
HCV,NB,V4,utama,8,0.8240740740740741,0.8240740740740741,0.9487179487179487,0.6851851851851852,0.7956989247311828,0.9455589849108368,0.9460625651798623
HCV,NB,V4,utama,9,0.8425925925925926,0.8425925925925926,0.9625,0.7129629629629629,0.8191489361702128,0.9465020576131687,0.9507578970231348
HCV,NB,V4,utama,10,0.8148148148148148,0.8148148148148149,0.9722222222222222,0.6481481481481481,0.7777777777777778,0.9684499314128945,0.9661420582198215
HCV,NB,V4,utama,11,0.8333333333333334,0.8333333333333333,0.9285714285714286,0.7222222222222222,0.8125,0.9251543209876543,0.9123604822267987
HCV,NB,V4,utama,12,0.8055555555555556,0.8055555555555556,0.9230769230769231,0.6666666666666666,0.7741935483870968,0.9328275034293554,0.9254322172817604
HCV,NB,V4,utama,13,0.8379629629629629,0.8379629629629629,0.9506172839506173,0.7129629629629629,0.8148148148148148,0.9337277091906722,0.938442715814341
HCV,NB,V4,utama,14,0.8240740740740741,0.8240740740740741,0.9487179487179487,0.6851851851851852,0.7956989247311828,0.9146947873799726,0.9309704502590953
HCV,NB,V4,utama,15,0.8333333333333334,0.8333333333333333,0.9615384615384616,0.6944444444444444,0.8064516129032258,0.951474622770919,0.9547494081956904
HCV,NB,V4,utama,16,0.8055555555555556,0.8055555555555556,0.9459459459459459,0.6481481481481481,0.7692307692307693,0.9279406721536351,0.9296958788307176
HCV,NB,V4,utama,17,0.8055555555555556,0.8055555555555556,0.9459459459459459,0.6481481481481481,0.7692307692307693,0.9060785322359397,0.909769530144421
HCV,NB,V4,utama,18,0.8472222222222222,0.8472222222222222,0.9518072289156626,0.7314814814814815,0.8272251308900523,0.9384430727023318,0.9302804185041235
HCV,NB,V4,utama,19,0.8425925925925926,0.8425925925925926,0.9404761904761905,0.7314814814814815,0.8229166666666666,0.9503600823045267,0.9510665314214555
HCV,NB,V4,utama,20,0.7962962962962963,0.7962962962962963,0.9210526315789473,0.6481481481481481,0.7608695652173914,0.9232681755829903,0.9070858472238847
HCV,NB,V4,utama,21,0.8333333333333334,0.8333333333333333,0.9615384615384616,0.6944444444444444,0.8064516129032258,0.9389574759945131,0.9487546372238136
HCV,NB,V4,utama,22,0.8240740740740741,0.8240740740740741,0.9605263157894737,0.6759259259259259,0.7934782608695652,0.9476165980795611,0.9519056703489696
HCV,NB,V4,utama,23,0.8703703703703703,0.8703703703703703,0.9347826086956522,0.7962962962962963,0.86,0.9373285322359397,0.9259031820045662
HCV,NB,V4,utama,24,0.8101851851851852,0.8101851851851851,0.958904109589041,0.6481481481481481,0.7734806629834254,0.9344993141289437,0.9414809418821158
HCV,NB,V4,utama,25,0.875,0.875,0.9764705882352941,0.7685185185185185,0.8601036269430051,0.9725651577503429,0.9632574568495456
HCV,NB,V4,utama,26,0.8009259259259259,0.8009259259259259,0.9710144927536232,0.6203703703703703,0.7570621468926554,0.9314128943758573,0.9407447783340008
HCV,NB,V4,utama,27,0.8055555555555556,0.8055555555555556,0.9230769230769231,0.6666666666666666,0.7741935483870968,0.92554012345679,0.916569298959664
HCV,NB,V4,utama,28,0.8333333333333334,0.8333333333333333,0.9615384615384616,0.6944444444444444,0.8064516129032258,0.948045267489712,0.948516124033778
HCV,NB,V4,utama,29,0.8101851851851852,0.8101851851851851,0.9036144578313253,0.6944444444444444,0.7853403141361257,0.8984053497942386,0.8988123438394221
HCV,NB,V4,utama,30,0.8472222222222222,0.8472222222222222,0.9629629629629629,0.7222222222222222,0.8253968253968254,0.9350565843621399,0.9326834807931863
HCV,NB,V4,utama,31,0.8564814814814815,0.8564814814814814,0.9325842696629213,0.7685185185185185,0.8426395939086294,0.9304698216735254,0.9039843131384138
HCV,NB,V4,utama,32,0.8101851851851852,0.8101851851851851,0.9466666666666667,0.6574074074074074,0.7759562841530054,0.9367283950617284,0.9406241349458047
HCV,NB,V4,utama,33,0.8287037037037037,0.8287037037037037,0.9493670886075949,0.6944444444444444,0.8021390374331551,0.9402863511659808,0.9408243746531213
HCV,NB,V4,utama,34,0.7962962962962963,0.7962962962962963,0.9324324324324325,0.6388888888888888,0.7582417582417582,0.9350137174211248,0.9395360175530689
HCV,NB,V4,utama,35,0.8148148148148148,0.8148148148148149,0.9594594594594594,0.6574074074074074,0.7802197802197802,0.9437585733882029,0.9447498094298693
HCV,NB,V4,utama,36,0.8194444444444444,0.8194444444444444,0.9156626506024096,0.7037037037037037,0.7958115183246073,0.9110082304526749,0.9007036281268221
HCV,NB,V4,utama,37,0.8611111111111112,0.8611111111111112,0.9534883720930233,0.7592592592592593,0.845360824742268,0.954775377229081,0.9536648523444072
HCV,NB,V4,utama,38,0.8379629629629629,0.8379629629629629,0.9506172839506173,0.7129629629629629,0.8148148148148148,0.9296982167352537,0.9398127355980715
HCV,NB,V4,utama,39,0.8009259259259259,0.8009259259259259,0.9577464788732394,0.6296296296296297,0.7597765363128491,0.9430727023319615,0.9313359739191126
HCV,NB,V4,utama,40,0.8564814814814815,0.8564814814814815,0.9753086419753086,0.7314814814814815,0.8359788359788359,0.9233539094650207,0.9239672450131194
HCV,NB,V4,utama,41,0.8657407407407407,0.8657407407407407,0.9759036144578314,0.75,0.8481675392670157,0.9512174211248285,0.9556755569434271
HCV,NB,V4,utama,42,0.8009259259259259,0.8009259259259259,0.9710144927536232,0.6203703703703703,0.7570621468926554,0.9524176954732508,0.9506216894267372
HCV,NB,V4,utama,43,0.7731481481481481,0.7731481481481481,0.8734177215189873,0.6388888888888888,0.7379679144385026,0.8969478737997256,0.8851027028142946
HCV,NB,V4,utama,44,0.8240740740740741,0.8240740740740741,0.9487179487179487,0.6851851851851852,0.7956989247311828,0.9498456790123456,0.9541051319059324
HCV,NB,V4,utama,45,0.7824074074074074,0.7824074074074074,0.9066666666666666,0.6296296296296297,0.7431693989071039,0.8784293552812069,0.8805865377411667
HCV,NB,V4,utama,46,0.8518518518518519,0.8518518518518519,0.975,0.7222222222222222,0.8297872340425532,0.9743655692729768,0.9728092134495919
HCV,NB,V4,utama,47,0.8935185185185185,0.8935185185185185,0.956989247311828,0.8240740740740741,0.8855721393034826,0.9415294924554184,0.9275731986180857
HCV,NB,V4,utama,48,0.8055555555555556,0.8055555555555556,0.9714285714285714,0.6296296296296297,0.7640449438202247,0.9517318244170094,0.9537546111316006
HCV,NB,V4,utama,49,0.8009259259259259,0.8009259259259259,0.9113924050632911,0.6666666666666666,0.7700534759358288,0.9278120713305898,0.9225383065386392
HCV,NB,V4b,utama,0,0.9024390243902439,0.8870370370370371,0.5652173913043478,0.8666666666666667,0.6842105263157895,0.9564814814814815,0.634868143838732
HCV,NB,V4b,utama,1,0.9349593495934959,0.8768518518518519,0.7058823529411765,0.8,0.75,0.9401234567901234,0.7233298052401826
HCV,NB,V4b,utama,2,0.9512195121951219,0.8287037037037037,0.9090909090909091,0.6666666666666666,0.7692307692307693,0.9092592592592592,0.8244562431264559
HCV,NB,V4b,utama,3,0.9186991869918699,0.7527777777777778,0.7272727272727273,0.5333333333333333,0.6153846153846154,0.9083333333333334,0.6199547652529869
HCV,NB,V4b,utama,4,0.9512195121951219,0.8574074074074074,0.8461538461538461,0.7333333333333333,0.7857142857142857,0.9839506172839506,0.8957838110698522
HCV,NB,V4b,utama,5,0.926829268292683,0.8148148148148148,0.7142857142857143,0.6666666666666666,0.6896551724137931,0.8972222222222223,0.6860605301131617
HCV,NB,V4b,utama,6,0.9105691056910569,0.8055555555555556,0.625,0.6666666666666666,0.6451612903225806,0.9206790123456791,0.6723634349345924
HCV,NB,V4b,utama,7,0.9105691056910569,0.8342592592592593,0.6111111111111112,0.7333333333333333,0.6666666666666666,0.9395061728395062,0.7736510508929408
HCV,NB,V4b,utama,8,0.967479674796748,0.8953703703703704,0.9230769230769231,0.8,0.8571428571428571,0.9555555555555556,0.7859201752805758
HCV,NB,V4b,utama,9,0.9349593495934959,0.8481481481481481,0.7333333333333333,0.7333333333333333,0.7333333333333333,0.9691358024691359,0.7170669266321439
HCV,NB,V4b,utama,10,0.9512195121951219,0.8574074074074074,0.8461538461538461,0.7333333333333333,0.7857142857142857,0.9790123456790124,0.9048187759952464
HCV,NB,V4b,utama,11,0.926829268292683,0.8722222222222222,0.6666666666666666,0.8,0.7272727272727273,0.9654320987654321,0.7443297638034481
HCV,NB,V4b,utama,12,0.9186991869918699,0.8101851851851851,0.6666666666666666,0.6666666666666666,0.6666666666666666,0.8891975308641976,0.6529324914851231
HCV,NB,V4b,utama,13,0.9512195121951219,0.8861111111111111,0.8,0.8,0.8,0.9419753086419753,0.75076430166893
HCV,NB,V4b,utama,14,0.9105691056910569,0.7768518518518519,0.6428571428571429,0.6,0.6206896551724138,0.9154320987654322,0.6733112651458356
HCV,NB,V4b,utama,15,0.926829268292683,0.9009259259259259,0.65,0.8666666666666667,0.7428571428571429,0.9783950617283951,0.8958734071878088
HCV,NB,V4b,utama,16,0.9349593495934959,0.8481481481481481,0.7333333333333333,0.7333333333333333,0.7333333333333333,0.961111111111111,0.8389406828831392
HCV,NB,V4b,utama,17,0.8943089430894309,0.7675925925925926,0.5625,0.6,0.5806451612903226,0.9061728395061728,0.5547564176063333
HCV,NB,V4b,utama,18,0.9512195121951219,0.8287037037037037,0.9090909090909091,0.6666666666666666,0.7692307692307693,0.9163580246913581,0.7349282448046301
HCV,NB,V4b,utama,19,0.943089430894309,0.8814814814814815,0.75,0.8,0.7741935483870968,0.9493827160493827,0.7493789135700901
HCV,NB,V4b,utama,20,0.943089430894309,0.8814814814814815,0.75,0.8,0.7741935483870968,0.9641975308641975,0.8237168998572508
HCV,NB,V4b,utama,21,0.9349593495934959,0.8194444444444444,0.7692307692307693,0.6666666666666666,0.7142857142857143,0.9012345679012347,0.7543066929792595
HCV,NB,V4b,utama,22,0.9512195121951219,0.8287037037037037,0.9090909090909091,0.6666666666666666,0.7692307692307693,0.9808641975308642,0.8312592031241917
HCV,NB,V4b,utama,23,0.9024390243902439,0.8296296296296296,0.5789473684210527,0.7333333333333333,0.6470588235294118,0.9108024691358024,0.6470299166638924
HCV,NB,V4b,utama,24,0.926829268292683,0.8722222222222222,0.6666666666666666,0.8,0.7272727272727273,0.9459876543209877,0.663997668997669
HCV,NB,V4b,utama,25,0.9349593495934959,0.8481481481481481,0.7333333333333333,0.7333333333333333,0.7333333333333333,0.9617283950617284,0.810995115995116
HCV,NB,V4b,utama,26,0.9512195121951219,0.8861111111111111,0.8,0.8,0.8,0.9771604938271605,0.8227746285163164
HCV,NB,V4b,utama,27,0.9024390243902439,0.7435185185185185,0.6153846153846154,0.5333333333333333,0.5714285714285714,0.8907407407407408,0.6237232520565854
HCV,NB,V4b,utama,28,0.9512195121951219,0.9148148148148147,0.7647058823529411,0.8666666666666667,0.8125,0.9570987654320988,0.76311843929491
HCV,NB,V4b,utama,29,0.926829268292683,0.8148148148148148,0.7142857142857143,0.6666666666666666,0.6896551724137931,0.9185185185185185,0.6248677038050852
HCV,NB,V4b,utama,30,0.9349593495934959,0.8481481481481481,0.7333333333333333,0.7333333333333333,0.7333333333333333,0.975925925925926,0.8372152116888959
HCV,NB,V4b,utama,31,0.926829268292683,0.8435185185185186,0.6875,0.7333333333333333,0.7096774193548387,0.8932098765432099,0.6315405278316202
HCV,NB,V4b,utama,32,0.9186991869918699,0.8675925925925927,0.631578947368421,0.8,0.7058823529411765,0.9614197530864197,0.7247716055762033
HCV,NB,V4b,utama,33,0.9512195121951219,0.8574074074074074,0.8461538461538461,0.7333333333333333,0.7857142857142857,0.9567901234567902,0.8290862224195559
HCV,NB,V4b,utama,34,0.926829268292683,0.8148148148148148,0.7142857142857143,0.6666666666666666,0.6896551724137931,0.9302469135802469,0.6578338048403839
HCV,NB,V4b,utama,35,0.9105691056910569,0.8629629629629629,0.6,0.8,0.6857142857142857,0.9555555555555555,0.7559202808428814
HCV,NB,V4b,utama,36,0.943089430894309,0.8527777777777777,0.7857142857142857,0.7333333333333333,0.7586206896551724,0.8882716049382716,0.7679583291541154
HCV,NB,V4b,utama,37,0.943089430894309,0.8527777777777777,0.7857142857142857,0.7333333333333333,0.7586206896551724,0.954320987654321,0.787538665038665
HCV,NB,V4b,utama,38,0.943089430894309,0.8240740740740741,0.8333333333333334,0.6666666666666666,0.7407407407407407,0.9753086419753085,0.9014331105131379
HCV,NB,V4b,utama,39,0.9024390243902439,0.8009259259259259,0.5882352941176471,0.6666666666666666,0.625,0.9253086419753087,0.5737228863090932
HCV,NB,V4b,utama,40,0.9349593495934959,0.8481481481481481,0.7333333333333333,0.7333333333333333,0.7333333333333333,0.958641975308642,0.8289262508122157
HCV,NB,V4b,utama,41,0.926829268292683,0.8435185185185186,0.6875,0.7333333333333333,0.7096774193548387,0.8981481481481483,0.6486430336662534
HCV,NB,V4b,utama,42,0.943089430894309,0.8240740740740741,0.8333333333333334,0.6666666666666666,0.7407407407407407,0.9308641975308642,0.8116601727630897
HCV,NB,V4b,utama,43,0.9024390243902439,0.8009259259259259,0.5882352941176471,0.6666666666666666,0.625,0.9419753086419753,0.6065562332652247
HCV,NB,V4b,utama,44,0.9512195121951219,0.8861111111111111,0.8,0.8,0.8,0.9728395061728395,0.8667303992303992
HCV,NB,V4b,utama,45,0.959349593495935,0.8907407407407408,0.8571428571428571,0.8,0.8275862068965517,0.9765432098765432,0.8966378066378067
HCV,NB,V4b,utama,46,0.9105691056910569,0.8342592592592593,0.6111111111111112,0.7333333333333333,0.6666666666666666,0.9595679012345679,0.7585580351959662
HCV,NB,V4b,utama,47,0.9349593495934959,0.8194444444444444,0.7692307692307693,0.6666666666666666,0.7142857142857143,0.9469135802469135,0.7661683151364003
HCV,NB,V4b,utama,48,0.8861788617886179,0.7342592592592593,0.5333333333333333,0.5333333333333333,0.5333333333333333,0.8796296296296297,0.4654235308641673
HCV,NB,V4b,utama,49,0.975609756097561,0.9574074074074075,0.875,0.9333333333333333,0.9032258064516129,0.9314814814814816,0.8378947715673379
HCV,DT,V1,utama,0,0.8699186991869918,0.9259259259259259,0.4838709677419355,1.0,0.6521739130434783,0.9527777777777777,0.6105408927989573
HCV,DT,V1,utama,1,0.8943089430894309,0.8537037037037037,0.5454545454545454,0.8,0.6486486486486487,0.8848765432098766,0.5494803097436747
HCV,DT,V1,utama,2,0.9512195121951219,0.8861111111111111,0.8,0.8,0.8,0.9148148148148147,0.7178763242177877
HCV,DT,V1,utama,3,0.9024390243902439,0.8583333333333334,0.5714285714285714,0.8,0.6666666666666666,0.9287037037037036,0.6442106673813991
HCV,DT,V1,utama,4,0.943089430894309,0.9101851851851852,0.7222222222222222,0.8666666666666667,0.7878787878787878,0.9469135802469135,0.7415347158819183
HCV,DT,V1,utama,5,0.9186991869918699,0.8675925925925927,0.631578947368421,0.8,0.7058823529411765,0.8722222222222221,0.6220510626158893
HCV,DT,V1,utama,6,0.975609756097561,0.9287037037037037,0.9285714285714286,0.8666666666666667,0.896551724137931,0.9876543209876543,0.8879506458453827
HCV,DT,V1,utama,7,0.9349593495934959,0.8768518518518519,0.7058823529411765,0.8,0.75,0.8805555555555555,0.6539140534262485
HCV,DT,V1,utama,8,0.8861788617886179,0.7342592592592593,0.5333333333333333,0.5333333333333333,0.5333333333333333,0.7416666666666668,0.3278545618789521
HCV,DT,V1,utama,9,0.8455284552845529,0.825925925925926,0.42857142857142855,0.8,0.5581395348837209,0.8725308641975308,0.7180499819776522
HCV,DT,V1,utama,10,0.926829268292683,0.8722222222222222,0.6666666666666666,0.8,0.7272727272727273,0.8780864197530864,0.7304508499630451
HCV,DT,V1,utama,11,0.9105691056910569,0.9490740740740741,0.5769230769230769,1.0,0.7317073170731707,0.970679012345679,0.7059259259259258
HCV,DT,V1,utama,12,0.9349593495934959,0.9055555555555556,0.6842105263157895,0.8666666666666667,0.7647058823529411,0.942283950617284,0.7980831107275266
HCV,DT,V1,utama,13,0.943089430894309,0.8814814814814815,0.75,0.8,0.7741935483870968,0.9138888888888889,0.7295002558417193
HCV,DT,V1,utama,14,0.8943089430894309,0.7962962962962963,0.5555555555555556,0.6666666666666666,0.6060606060606061,0.784567901234568,0.4199493483030068
HCV,DT,V1,utama,15,0.9349593495934959,0.962962962962963,0.6521739130434783,1.0,0.7894736842105263,0.9848765432098766,0.8405103668261562
HCV,DT,V1,utama,16,0.943089430894309,0.8814814814814815,0.75,0.8,0.7741935483870968,0.8660493827160494,0.8077235772357724
HCV,DT,V1,utama,17,0.9186991869918699,0.8101851851851851,0.6666666666666666,0.6666666666666666,0.6666666666666666,0.9104938271604939,0.7362601626016261
HCV,DT,V1,utama,18,0.8780487804878049,0.787037037037037,0.5,0.6666666666666666,0.5714285714285714,0.9234567901234567,0.706628834010092
HCV,DT,V1,utama,19,0.8617886178861789,0.8638888888888889,0.4642857142857143,0.8666666666666667,0.6046511627906976,0.8919753086419754,0.5527680991095625
HCV,DT,V1,utama,20,0.9186991869918699,0.8962962962962964,0.6190476190476191,0.8666666666666667,0.7222222222222222,0.9305555555555556,0.5975042501358291
HCV,DT,V1,utama,21,0.959349593495935,0.8620370370370369,0.9166666666666666,0.7333333333333333,0.8148148148148148,0.9570987654320988,0.8811098792806109
HCV,DT,V1,utama,22,0.9105691056910569,0.8916666666666666,0.5909090909090909,0.8666666666666667,0.7027027027027027,0.8987654320987655,0.6119539425059323
HCV,DT,V1,utama,23,0.9105691056910569,0.8916666666666666,0.5909090909090909,0.8666666666666667,0.7027027027027027,0.9663580246913581,0.7024074074074074
HCV,DT,V1,utama,24,0.9512195121951219,0.9148148148148147,0.7647058823529411,0.8666666666666667,0.8125,0.9188271604938272,0.8210220673635308
HCV,DT,V1,utama,25,0.9349593495934959,0.962962962962963,0.6521739130434783,1.0,0.7894736842105263,0.9851851851851852,0.8285714285714285
HCV,DT,V1,utama,26,0.926829268292683,0.8722222222222222,0.6666666666666666,0.8,0.7272727272727273,0.8679012345679012,0.5881624194393205
HCV,DT,V1,utama,27,0.8943089430894309,0.8537037037037037,0.5454545454545454,0.8,0.6486486486486487,0.874074074074074,0.6929761024882978
HCV,DT,V1,utama,28,0.8780487804878049,0.8444444444444444,0.5,0.8,0.6153846153846154,0.9425925925925925,0.8363352095059412
HCV,DT,V1,utama,29,0.8943089430894309,0.8824074074074074,0.5416666666666666,0.8666666666666667,0.6666666666666666,0.9305555555555556,0.6462804080981988
HCV,DT,V1,utama,30,0.8861788617886179,0.8203703703703704,0.5238095238095238,0.7333333333333333,0.6111111111111112,0.8114197530864199,0.5671234998064266
HCV,DT,V1,utama,31,0.9349593495934959,0.8194444444444444,0.7692307692307693,0.6666666666666666,0.7142857142857143,0.879320987654321,0.6772188967310918
HCV,DT,V1,utama,32,0.967479674796748,0.9814814814814814,0.7894736842105263,1.0,0.8823529411764706,0.9882716049382716,0.856374269005848
HCV,DT,V1,utama,33,0.926829268292683,0.9009259259259259,0.65,0.8666666666666667,0.7428571428571429,0.9111111111111111,0.6939597591866715
HCV,DT,V1,utama,34,0.9512195121951219,0.8861111111111111,0.8,0.8,0.8,0.9546296296296296,0.8354805086512404
HCV,DT,V1,utama,35,0.8617886178861789,0.7777777777777777,0.45454545454545453,0.6666666666666666,0.5405405405405406,0.873148148148148,0.5060870024284658
HCV,DT,V1,utama,36,0.9105691056910569,0.7481481481481481,0.6666666666666666,0.5333333333333333,0.5925925925925926,0.7666666666666667,0.4514705462844102
HCV,DT,V1,utama,37,0.9186991869918699,0.8388888888888888,0.6470588235294118,0.7333333333333333,0.6875,0.8765432098765433,0.7411941654710665
HCV,DT,V1,utama,38,0.9186991869918699,0.925,0.6086956521739131,0.9333333333333333,0.7368421052631579,0.9376543209876543,0.7480104907464398
HCV,DT,V1,utama,39,0.9105691056910569,0.8916666666666666,0.5909090909090909,0.8666666666666667,0.7027027027027027,0.9416666666666668,0.7097640682289176
HCV,DT,V1,utama,40,0.943089430894309,0.8814814814814815,0.75,0.8,0.7741935483870968,0.9234567901234567,0.8505258968673604
HCV,DT,V1,utama,41,0.9105691056910569,0.8629629629629629,0.6,0.8,0.6857142857142857,0.8827160493827161,0.743671289654073
HCV,DT,V1,utama,42,0.8780487804878049,0.9018518518518519,0.5,0.9333333333333333,0.6511627906976745,0.9336419753086419,0.6772483898928059
HCV,DT,V1,utama,43,0.926829268292683,0.8435185185185186,0.6875,0.7333333333333333,0.7096774193548387,0.9345679012345679,0.6859606951314268
HCV,DT,V1,utama,44,0.9512195121951219,0.9722222222222222,0.7142857142857143,1.0,0.8333333333333334,0.9666666666666668,0.6697478991596639
HCV,DT,V1,utama,45,0.9024390243902439,0.8583333333333334,0.5714285714285714,0.8,0.6666666666666666,0.9092592592592592,0.7166064829479464
HCV,DT,V1,utama,46,0.959349593495935,0.9768518518518519,0.75,1.0,0.8571428571428571,0.9833333333333334,0.8090686274509804
HCV,DT,V1,utama,47,0.943089430894309,0.9101851851851852,0.7222222222222222,0.8666666666666667,0.7878787878787878,0.9274691358024691,0.8454268292682927
HCV,DT,V1,utama,48,0.8943089430894309,0.825,0.55,0.7333333333333333,0.6285714285714286,0.9317901234567902,0.6907108147436154
HCV,DT,V1,utama,49,0.9186991869918699,0.8675925925925927,0.631578947368421,0.8,0.7058823529411765,0.9009259259259259,0.6019260318201268
HCV,DT,V2,utama,0,0.9351851851851852,0.9351851851851851,0.9196428571428571,0.9537037037037037,0.9363636363636364,0.9814814814814815,0.9713421386756353
HCV,DT,V2,utama,1,0.9027777777777778,0.9027777777777778,0.8782608695652174,0.9351851851851852,0.905829596412556,0.9729509602194788,0.9597683560797108
HCV,DT,V2,utama,2,0.9305555555555556,0.9305555555555556,0.911504424778761,0.9537037037037037,0.9321266968325792,0.9785665294924554,0.9732649166288678
HCV,DT,V2,utama,3,0.9120370370370371,0.912037037037037,0.8677685950413223,0.9722222222222222,0.9170305676855895,0.9511745541838135,0.9215921182581519
HCV,DT,V2,utama,4,0.9305555555555556,0.9305555555555556,0.9514563106796117,0.9074074074074074,0.9289099526066351,0.9821673525377229,0.9746935190793631
HCV,DT,V2,utama,5,0.9583333333333334,0.9583333333333333,0.9541284403669725,0.9629629629629629,0.9585253456221198,0.9781378600823045,0.9591399710428178
HCV,DT,V2,utama,6,0.9120370370370371,0.912037037037037,0.8938053097345132,0.9351851851851852,0.9140271493212669,0.9445730452674895,0.9200549912504636
HCV,DT,V2,utama,7,0.9259259259259259,0.9259259259259259,0.9035087719298246,0.9537037037037037,0.9279279279279279,0.9770233196159123,0.977710834559151
HCV,DT,V2,utama,8,0.9259259259259259,0.9259259259259259,0.8898305084745762,0.9722222222222222,0.9292035398230089,0.9670781893004116,0.9513579183514295
HCV,DT,V2,utama,9,0.9398148148148148,0.9398148148148149,0.9523809523809523,0.9259259259259259,0.9389671361502347,0.9881687242798354,0.985943009726638
HCV,DT,V2,utama,10,0.9675925925925926,0.9675925925925926,0.9469026548672567,0.9907407407407407,0.9683257918552036,0.9868398491083676,0.9777461572796149
HCV,DT,V2,utama,11,0.9398148148148148,0.9398148148148149,0.9357798165137615,0.9444444444444444,0.9400921658986175,0.9598336762688614,0.9339869021633421
HCV,DT,V2,utama,12,0.9537037037037037,0.9537037037037037,0.9622641509433962,0.9444444444444444,0.9532710280373832,0.98559670781893,0.9851099980894037
HCV,DT,V2,utama,13,0.9444444444444444,0.9444444444444444,0.9210526315789473,0.9722222222222222,0.9459459459459459,0.9792952674897119,0.9693262565402335
HCV,DT,V2,utama,14,0.9259259259259259,0.9259259259259259,0.9423076923076923,0.9074074074074074,0.9245283018867925,0.9505315500685871,0.9452087256299692
HCV,DT,V2,utama,15,0.9490740740740741,0.9490740740740741,0.9369369369369369,0.9629629629629629,0.9497716894977168,0.9645061728395062,0.9468701479538308
HCV,DT,V2,utama,16,0.9537037037037037,0.9537037037037037,0.9454545454545454,0.9629629629629629,0.9541284403669725,0.9756944444444444,0.9639137080899659
HCV,DT,V2,utama,17,0.9398148148148148,0.9398148148148148,0.9203539823008849,0.9629629629629629,0.9411764705882353,0.9783093278463648,0.9768454094922823
HCV,DT,V2,utama,18,0.9259259259259259,0.9259259259259258,0.896551724137931,0.9629629629629629,0.9285714285714286,0.9717506858710562,0.9550411051877163
HCV,DT,V2,utama,19,0.9398148148148148,0.9398148148148148,0.9203539823008849,0.9629629629629629,0.9411764705882353,0.9727794924554184,0.9566777737800813
HCV,DT,V2,utama,20,0.9444444444444444,0.9444444444444444,0.9285714285714286,0.9629629629629629,0.9454545454545454,0.9651491769547325,0.9399680587386037
HCV,DT,V2,utama,21,0.9259259259259259,0.9259259259259259,0.9423076923076923,0.9074074074074074,0.9245283018867925,0.9731652949245542,0.9686175756742043
HCV,DT,V2,utama,22,0.9444444444444444,0.9444444444444444,0.9137931034482759,0.9814814814814815,0.9464285714285714,0.9488168724279835,0.9135928328283258
HCV,DT,V2,utama,23,0.9351851851851852,0.9351851851851851,0.9051724137931034,0.9722222222222222,0.9375,0.971664951989026,0.9533403221277496
HCV,DT,V2,utama,24,0.9444444444444444,0.9444444444444444,0.9137931034482759,0.9814814814814815,0.9464285714285714,0.9748799725651576,0.9633601225359804
HCV,DT,V2,utama,25,0.9537037037037037,0.9537037037037037,0.9622641509433962,0.9444444444444444,0.9532710280373832,0.9825531550068587,0.9716996283650456
HCV,DT,V2,utama,26,0.9259259259259259,0.9259259259259259,0.9509803921568627,0.8981481481481481,0.9238095238095239,0.967335390946502,0.964909096112612
HCV,DT,V2,utama,27,0.9074074074074074,0.9074074074074074,0.8666666666666667,0.9629629629629629,0.9122807017543859,0.9758230452674896,0.9652057479736452
HCV,DT,V2,utama,28,0.9305555555555556,0.9305555555555556,0.918918918918919,0.9444444444444444,0.9315068493150684,0.9723079561042522,0.9704478734277319
HCV,DT,V2,utama,29,0.9537037037037037,0.9537037037037037,0.9224137931034483,0.9907407407407407,0.9553571428571429,0.9799382716049383,0.9665665553845995
HCV,DT,V2,utama,30,0.9583333333333334,0.9583333333333333,0.9304347826086956,0.9907407407407407,0.9596412556053812,0.9898405349794239,0.98245317608708
HCV,DT,V2,utama,31,0.9629629629629629,0.962962962962963,0.9545454545454546,0.9722222222222222,0.963302752293578,0.9782235939643347,0.9688613159736146
HCV,DT,V2,utama,32,0.9537037037037037,0.9537037037037037,0.9224137931034483,0.9907407407407407,0.9553571428571429,0.9832390260631002,0.9743510844779912
HCV,DT,V2,utama,33,0.9444444444444444,0.9444444444444444,0.9210526315789473,0.9722222222222222,0.9459459459459459,0.9694787379972565,0.9519799353535966
HCV,DT,V2,utama,34,0.9074074074074074,0.9074074074074074,0.9,0.9166666666666666,0.908256880733945,0.9538751714677641,0.947677811381655
HCV,DT,V2,utama,35,0.9259259259259259,0.9259259259259259,0.9035087719298246,0.9537037037037037,0.9279279279279279,0.9734224965706447,0.9707925790999483
HCV,DT,V2,utama,36,0.9444444444444444,0.9444444444444444,0.9137931034482759,0.9814814814814815,0.9464285714285714,0.9743227023319616,0.9540209829475462
HCV,DT,V2,utama,37,0.9444444444444444,0.9444444444444444,0.9285714285714286,0.9629629629629629,0.9454545454545454,0.9912980109739369,0.9886650902805612
HCV,DT,V2,utama,38,0.9259259259259259,0.9259259259259259,0.9035087719298246,0.9537037037037037,0.9279279279279279,0.9527606310013719,0.931505368697045
HCV,DT,V2,utama,39,0.9490740740740741,0.9490740740740741,0.907563025210084,1.0,0.9515418502202643,0.9786951303155007,0.9662510393297472
HCV,DT,V2,utama,40,0.9444444444444444,0.9444444444444444,0.9528301886792453,0.9351851851851852,0.9439252336448598,0.9724365569272976,0.9583567070839163
HCV,DT,V2,utama,41,0.9722222222222222,0.9722222222222222,0.9553571428571429,0.9907407407407407,0.9727272727272728,0.9796810699588477,0.965234763259432
HCV,DT,V2,utama,42,0.9305555555555556,0.9305555555555556,0.9043478260869565,0.9629629629629629,0.9327354260089686,0.9640775034293552,0.9406021688570728
HCV,DT,V2,utama,43,0.9398148148148148,0.9398148148148149,0.9279279279279279,0.9537037037037037,0.9406392694063926,0.9795953360768175,0.9783653511727693
HCV,DT,V2,utama,44,0.9027777777777778,0.9027777777777778,0.9065420560747663,0.8981481481481481,0.9023255813953488,0.9264403292181069,0.8916840826675692
HCV,DT,V2,utama,45,0.9120370370370371,0.912037037037037,0.9158878504672897,0.9074074074074074,0.9116279069767442,0.9527606310013718,0.9370174388556436
HCV,DT,V2,utama,46,0.9583333333333334,0.9583333333333333,0.9459459459459459,0.9722222222222222,0.958904109589041,0.9840963648834019,0.9757075233862347
HCV,DT,V2,utama,47,0.9259259259259259,0.9259259259259259,0.8770491803278688,0.9907407407407407,0.9304347826086956,0.9873542524005487,0.9847100358753706
HCV,DT,V2,utama,48,0.9351851851851852,0.9351851851851851,0.9196428571428571,0.9537037037037037,0.9363636363636364,0.9660922496570644,0.9440509268001391
HCV,DT,V2,utama,49,0.9629629629629629,0.962962962962963,0.9545454545454546,0.9722222222222222,0.963302752293578,0.9918124142661179,0.990539697552493
HCV,DT,V2b,utama,0,0.926829268292683,0.9583333333333333,0.625,1.0,0.7692307692307693,0.983641975308642,0.8178812415654519
HCV,DT,V2b,utama,1,0.8861788617886179,0.8777777777777778,0.52,0.8666666666666667,0.65,0.9472222222222222,0.5976428452440445
HCV,DT,V2b,utama,2,0.9186991869918699,0.9537037037037037,0.6,1.0,0.75,0.975925925925926,0.7509274821039527
HCV,DT,V2b,utama,3,0.9024390243902439,0.9157407407407407,0.56,0.9333333333333333,0.7,0.9293209876543209,0.6539286466645957
HCV,DT,V2b,utama,4,0.9512195121951219,0.9722222222222222,0.7142857142857143,1.0,0.8333333333333334,0.980246913580247,0.7785575048732943
HCV,DT,V2b,utama,5,0.9186991869918699,0.925,0.6086956521739131,0.9333333333333333,0.7368421052631579,0.933641975308642,0.6315218941663101
HCV,DT,V2b,utama,6,0.9186991869918699,0.925,0.6086956521739131,0.9333333333333333,0.7368421052631579,0.9305555555555555,0.6159078590785908
HCV,DT,V2b,utama,7,0.943089430894309,0.9675925925925926,0.6818181818181818,1.0,0.8108108108108109,0.9975308641975309,0.9838235294117648
HCV,DT,V2b,utama,8,0.8455284552845529,0.8833333333333333,0.4375,0.9333333333333333,0.5957446808510638,0.9191358024691358,0.6803523035230353
HCV,DT,V2b,utama,9,0.9349593495934959,0.8768518518518519,0.7058823529411765,0.8,0.75,0.9404320987654321,0.8275745257452575
HCV,DT,V2b,utama,10,0.9186991869918699,0.925,0.6086956521739131,0.9333333333333333,0.7368421052631579,0.9435185185185184,0.7222152943333945
HCV,DT,V2b,utama,11,0.8536585365853658,0.8592592592592593,0.4482758620689655,0.8666666666666667,0.5909090909090909,0.8873456790123457,0.5435526274802978
HCV,DT,V2b,utama,12,0.926829268292683,0.9296296296296296,0.6363636363636364,0.9333333333333333,0.7567567567567568,0.9574074074074074,0.8925470059654157
HCV,DT,V2b,utama,13,0.9349593495934959,0.962962962962963,0.6521739130434783,1.0,0.7894736842105263,0.9743827160493826,0.7331738437001594
HCV,DT,V2b,utama,14,0.8536585365853658,0.8018518518518518,0.44,0.7333333333333333,0.55,0.8913580246913579,0.6159427022841657
HCV,DT,V2b,utama,15,0.9186991869918699,0.9537037037037037,0.6,1.0,0.75,0.9753086419753085,0.737719298245614
HCV,DT,V2b,utama,16,0.943089430894309,0.9675925925925926,0.6818181818181818,1.0,0.8108108108108109,0.9885802469135802,0.8805555555555555
HCV,DT,V2b,utama,17,0.9186991869918699,0.8675925925925927,0.631578947368421,0.8,0.7058823529411765,0.9006172839506172,0.6222533507000774
HCV,DT,V2b,utama,18,0.926829268292683,0.8435185185185186,0.6875,0.7333333333333333,0.7096774193548387,0.8679012345679011,0.5827776897898849
HCV,DT,V2b,utama,19,0.8943089430894309,0.9398148148148149,0.5357142857142857,1.0,0.6976744186046512,0.9552469135802469,0.6128019323671497
HCV,DT,V2b,utama,20,0.926829268292683,0.9583333333333333,0.625,1.0,0.7692307692307693,0.9799382716049382,0.8149763918945505
HCV,DT,V2b,utama,21,0.943089430894309,0.9101851851851852,0.7222222222222222,0.8666666666666667,0.7878787878787878,0.9194444444444445,0.7561411149825784
HCV,DT,V2b,utama,22,0.8861788617886179,0.9064814814814814,0.5185185185185185,0.9333333333333333,0.6666666666666666,0.9373456790123458,0.782061705232437
HCV,DT,V2b,utama,23,0.8617886178861789,0.8925925925925926,0.4666666666666667,0.9333333333333333,0.6222222222222222,0.9021604938271605,0.5080388570716577
HCV,DT,V2b,utama,24,0.9512195121951219,0.9722222222222222,0.7142857142857143,1.0,0.8333333333333334,0.9932098765432098,0.9367002063983488
HCV,DT,V2b,utama,25,0.943089430894309,0.9388888888888889,0.7,0.9333333333333333,0.8,0.9694444444444444,0.6968115942028985
HCV,DT,V2b,utama,26,0.926829268292683,0.9009259259259259,0.65,0.8666666666666667,0.7428571428571429,0.9700617283950618,0.7202564102564103
HCV,DT,V2b,utama,27,0.926829268292683,0.8722222222222222,0.6666666666666666,0.8,0.7272727272727273,0.8864197530864197,0.7140634465168182
HCV,DT,V2b,utama,28,0.8861788617886179,0.9064814814814814,0.5185185185185185,0.9333333333333333,0.6666666666666666,0.9537037037037036,0.8936783746922436
HCV,DT,V2b,utama,29,0.926829268292683,0.9296296296296296,0.6363636363636364,0.9333333333333333,0.7567567567567568,0.9367283950617282,0.6577158512813198
HCV,DT,V2b,utama,30,0.8943089430894309,0.8824074074074074,0.5416666666666666,0.8666666666666667,0.6666666666666666,0.9320987654320987,0.7290124342419895
HCV,DT,V2b,utama,31,0.9186991869918699,0.8962962962962964,0.6190476190476191,0.8666666666666667,0.7222222222222222,0.9123456790123458,0.7475300038714674
HCV,DT,V2b,utama,32,0.9024390243902439,0.8870370370370371,0.5652173913043478,0.8666666666666667,0.6842105263157895,0.928395061728395,0.6289902530667819
HCV,DT,V2b,utama,33,0.9512195121951219,0.9722222222222222,0.7142857142857143,1.0,0.8333333333333334,0.986111111111111,0.8333333333333334
HCV,DT,V2b,utama,34,0.9349593495934959,0.9055555555555556,0.6842105263157895,0.8666666666666667,0.7647058823529411,0.9546296296296296,0.8992411924119241
HCV,DT,V2b,utama,35,0.9105691056910569,0.9203703703703704,0.5833333333333334,0.9333333333333333,0.717948717948718,0.954320987654321,0.6233511586452763
HCV,DT,V2b,utama,36,0.943089430894309,0.9675925925925926,0.6818181818181818,1.0,0.8108108108108109,0.9743827160493826,0.7348366013071894
HCV,DT,V2b,utama,37,0.983739837398374,0.962037037037037,0.9333333333333333,0.9333333333333333,0.9333333333333333,0.9592592592592593,0.8707186038893356
HCV,DT,V2b,utama,38,0.9512195121951219,0.9435185185185185,0.7368421052631579,0.9333333333333333,0.8235294117647058,0.9608024691358025,0.9179340028694405
HCV,DT,V2b,utama,39,0.926829268292683,0.9009259259259259,0.65,0.8666666666666667,0.7428571428571429,0.9410493827160493,0.6996901836026034
HCV,DT,V2b,utama,40,0.9349593495934959,0.9342592592592593,0.6666666666666666,0.9333333333333333,0.7777777777777778,0.9435185185185185,0.7153196237844731
HCV,DT,V2b,utama,41,0.9512195121951219,0.9435185185185185,0.7368421052631579,0.9333333333333333,0.8235294117647058,0.9811728395061728,0.8007352941176471
HCV,DT,V2b,utama,42,0.9105691056910569,0.8916666666666666,0.5909090909090909,0.8666666666666667,0.7027027027027027,0.9592592592592593,0.6517851430821092
HCV,DT,V2b,utama,43,0.9105691056910569,0.9203703703703704,0.5833333333333334,0.9333333333333333,0.717948717948718,0.9327160493827161,0.6259663386107545
HCV,DT,V2b,utama,44,0.9512195121951219,0.8861111111111111,0.8,0.8,0.8,0.9197530864197531,0.7899638663053297
HCV,DT,V2b,utama,45,0.983739837398374,0.9907407407407407,0.8823529411764706,1.0,0.9375,0.9953703703703703,0.9375
HCV,DT,V2b,utama,46,0.9024390243902439,0.8870370370370371,0.5652173913043478,0.8666666666666667,0.6842105263157895,0.9635802469135802,0.7026710239651416
HCV,DT,V2b,utama,47,0.9512195121951219,0.9148148148148147,0.7647058823529411,0.8666666666666667,0.8125,0.9558641975308642,0.8919835611542929
HCV,DT,V2b,utama,48,0.9512195121951219,0.9722222222222222,0.7142857142857143,1.0,0.8333333333333334,0.983641975308642,0.8162464985994397
HCV,DT,V2b,utama,49,0.926829268292683,0.9009259259259259,0.65,0.8666666666666667,0.7428571428571429,0.9425925925925925,0.7114548894849562
HCV,DT,V3,utama,0,0.926829268292683,0.9296296296296296,0.6363636363636364,0.9333333333333333,0.7567567567567568,0.980246913580247,0.8466666666666666
HCV,DT,V3,utama,1,0.9512195121951219,0.9148148148148147,0.7647058823529411,0.8666666666666667,0.8125,0.9580246913580248,0.9153764581124072
HCV,DT,V3,utama,2,0.967479674796748,0.8953703703703704,0.9230769230769231,0.8,0.8571428571428571,0.9271604938271605,0.854151900493364
HCV,DT,V3,utama,3,0.9024390243902439,0.8583333333333334,0.5714285714285714,0.8,0.6666666666666666,0.9287037037037036,0.6442106673813991
HCV,DT,V3,utama,4,0.943089430894309,0.9101851851851852,0.7222222222222222,0.8666666666666667,0.7878787878787878,0.9469135802469135,0.7415347158819183
HCV,DT,V3,utama,5,0.9186991869918699,0.8962962962962964,0.6190476190476191,0.8666666666666667,0.7222222222222222,0.9342592592592592,0.6624843871257071
HCV,DT,V3,utama,6,0.975609756097561,0.9287037037037037,0.9285714285714286,0.8666666666666667,0.896551724137931,0.9876543209876543,0.8879506458453827
HCV,DT,V3,utama,7,0.959349593495935,0.9194444444444445,0.8125,0.8666666666666667,0.8387096774193549,0.9592592592592593,0.8647438379145697
HCV,DT,V3,utama,8,0.926829268292683,0.9009259259259259,0.65,0.8666666666666667,0.7428571428571429,0.9123456790123458,0.6891173054587689
HCV,DT,V3,utama,9,0.926829268292683,0.8435185185185186,0.6875,0.7333333333333333,0.7096774193548387,0.9070987654320989,0.6699398162812797
HCV,DT,V3,utama,10,0.943089430894309,0.8814814814814815,0.75,0.8,0.7741935483870968,0.8817901234567902,0.6782791327913279
HCV,DT,V3,utama,11,0.8943089430894309,0.9398148148148149,0.5357142857142857,1.0,0.6976744186046512,0.9601851851851853,0.6619047619047619
HCV,DT,V3,utama,12,0.9105691056910569,0.8916666666666666,0.5909090909090909,0.8666666666666667,0.7027027027027027,0.9145061728395063,0.7413683877098511
HCV,DT,V3,utama,13,0.9512195121951219,0.9148148148148147,0.7647058823529411,0.8666666666666667,0.8125,0.9249999999999999,0.8124994788409423
HCV,DT,V3,utama,14,0.9186991869918699,0.8388888888888888,0.6470588235294118,0.7333333333333333,0.6875,0.871604938271605,0.5706621737270005
HCV,DT,V3,utama,15,0.9349593495934959,0.962962962962963,0.6521739130434783,1.0,0.7894736842105263,0.9848765432098766,0.8405103668261562
HCV,DT,V3,utama,16,0.943089430894309,0.8527777777777777,0.7857142857142857,0.7333333333333333,0.7586206896551724,0.8604938271604939,0.7658536585365853
HCV,DT,V3,utama,17,0.943089430894309,0.8527777777777777,0.7857142857142857,0.7333333333333333,0.7586206896551724,0.9830246913580247,0.8225226527858107
HCV,DT,V3,utama,18,0.9024390243902439,0.8009259259259259,0.5882352941176471,0.6666666666666666,0.625,0.8009259259259259,0.4328072692491631
HCV,DT,V3,utama,19,0.9512195121951219,0.9148148148148147,0.7647058823529411,0.8666666666666667,0.8125,0.9790123456790123,0.8136016789160806
HCV,DT,V3,utama,20,0.959349593495935,0.9481481481481482,0.7777777777777778,0.9333333333333333,0.8484848484848485,0.9540123456790124,0.8247967479674797
HCV,DT,V3,utama,21,0.943089430894309,0.8814814814814815,0.75,0.8,0.7741935483870968,0.8898148148148148,0.7628517823639775
HCV,DT,V3,utama,22,0.9349593495934959,0.9055555555555556,0.6842105263157895,0.8666666666666667,0.7647058823529411,0.9753086419753086,0.7655952380952382
HCV,DT,V3,utama,23,0.926829268292683,0.9009259259259259,0.65,0.8666666666666667,0.7428571428571429,0.9688271604938272,0.7083333333333333
HCV,DT,V3,utama,24,0.9512195121951219,0.9148148148148147,0.7647058823529411,0.8666666666666667,0.8125,0.899074074074074,0.8337765024709071
HCV,DT,V3,utama,25,0.8861788617886179,0.9351851851851851,0.5172413793103449,1.0,0.6818181818181818,0.9481481481481482,0.6026645768025078
HCV,DT,V3,utama,26,0.926829268292683,0.8722222222222222,0.6666666666666666,0.8,0.7272727272727273,0.8679012345679012,0.5881624194393205
HCV,DT,V3,utama,27,0.926829268292683,0.8435185185185186,0.6875,0.7333333333333333,0.7096774193548387,0.8820987654320988,0.7209270404392355
HCV,DT,V3,utama,28,0.8943089430894309,0.8824074074074074,0.5416666666666666,0.8666666666666667,0.6666666666666666,0.9382716049382716,0.5588235294117647
HCV,DT,V3,utama,29,0.8943089430894309,0.8824074074074074,0.5416666666666666,0.8666666666666667,0.6666666666666666,0.9320987654320987,0.6815745257452576
HCV,DT,V3,utama,30,0.9512195121951219,0.9435185185185185,0.7368421052631579,0.9333333333333333,0.8235294117647058,0.9459876543209876,0.734056007226739
HCV,DT,V3,utama,31,0.9186991869918699,0.7814814814814814,0.6923076923076923,0.6,0.6428571428571429,0.8061728395061729,0.47266283851649704
HCV,DT,V3,utama,32,0.943089430894309,0.9388888888888889,0.7,0.9333333333333333,0.8,0.9669753086419752,0.6798809523809524
HCV,DT,V3,utama,33,0.9349593495934959,0.8768518518518519,0.7058823529411765,0.8,0.75,0.9117283950617283,0.6956541019955655
HCV,DT,V3,utama,34,0.9512195121951219,0.8861111111111111,0.8,0.8,0.8,0.9546296296296296,0.8354805086512404
HCV,DT,V3,utama,35,0.8861788617886179,0.8203703703703704,0.5238095238095238,0.7333333333333333,0.6111111111111112,0.8938271604938272,0.5736675700090335
HCV,DT,V3,utama,36,0.9186991869918699,0.8101851851851851,0.6666666666666666,0.6666666666666666,0.6666666666666666,0.8787037037037037,0.6274885345007296
HCV,DT,V3,utama,37,0.959349593495935,0.9768518518518519,0.75,1.0,0.8571428571428571,0.9916666666666666,0.9066137566137566
HCV,DT,V3,utama,38,0.959349593495935,0.8907407407407408,0.8571428571428571,0.8,0.8275862068965517,0.8907407407407408,0.7101045296167248
HCV,DT,V3,utama,39,0.943089430894309,0.9388888888888889,0.7,0.9333333333333333,0.8,0.9456790123456789,0.734056007226739
HCV,DT,V3,utama,40,0.943089430894309,0.9101851851851852,0.7222222222222222,0.8666666666666667,0.7878787878787878,0.9194444444444445,0.7561411149825784
HCV,DT,V3,utama,41,0.9349593495934959,0.8194444444444444,0.7692307692307693,0.6666666666666666,0.7142857142857143,0.8574074074074074,0.745020325203252
HCV,DT,V3,utama,42,0.943089430894309,0.9388888888888889,0.7,0.9333333333333333,0.8,0.9725308641975309,0.7458469498910675
HCV,DT,V3,utama,43,0.9186991869918699,0.8675925925925927,0.631578947368421,0.8,0.7058823529411765,0.9305555555555555,0.6273457675753229
HCV,DT,V3,utama,44,0.9512195121951219,0.9722222222222222,0.7142857142857143,1.0,0.8333333333333334,0.9675925925925927,0.6825396825396826
HCV,DT,V3,utama,45,0.9024390243902439,0.8583333333333334,0.5714285714285714,0.8,0.6666666666666666,0.9074074074074074,0.7148937029742968
HCV,DT,V3,utama,46,0.943089430894309,0.9675925925925926,0.6818181818181818,1.0,0.8108108108108109,0.9845679012345679,0.8432323232323233
HCV,DT,V3,utama,47,0.943089430894309,0.8527777777777777,0.7857142857142857,0.7333333333333333,0.7586206896551724,0.9111111111111111,0.6861207114095433
HCV,DT,V3,utama,48,0.8943089430894309,0.825,0.55,0.7333333333333333,0.6285714285714286,0.932716049382716,0.6918602400309717
HCV,DT,V3,utama,49,0.9186991869918699,0.8962962962962964,0.6190476190476191,0.8666666666666667,0.7222222222222222,0.9246913580246914,0.583224483974163
HCV,DT,V4,utama,0,0.9351851851851852,0.9351851851851851,0.9196428571428571,0.9537037037037037,0.9363636363636364,0.9814814814814815,0.9713421386756353
HCV,DT,V4,utama,1,0.9027777777777778,0.9027777777777778,0.8782608695652174,0.9351851851851852,0.905829596412556,0.9729509602194788,0.9597683560797108
HCV,DT,V4,utama,2,0.9305555555555556,0.9305555555555556,0.911504424778761,0.9537037037037037,0.9321266968325792,0.9785665294924554,0.9732649166288678
HCV,DT,V4,utama,3,0.9166666666666666,0.9166666666666666,0.8629032258064516,0.9907407407407407,0.9224137931034483,0.9421296296296297,0.9004822353694389
HCV,DT,V4,utama,4,0.9305555555555556,0.9305555555555556,0.9514563106796117,0.9074074074074074,0.9289099526066351,0.9821673525377229,0.9746935190793631
HCV,DT,V4,utama,5,0.9583333333333334,0.9583333333333333,0.9541284403669725,0.9629629629629629,0.9585253456221198,0.9781378600823045,0.9591399710428178
HCV,DT,V4,utama,6,0.9120370370370371,0.912037037037037,0.8938053097345132,0.9351851851851852,0.9140271493212669,0.9445730452674895,0.9200549912504636
HCV,DT,V4,utama,7,0.9259259259259259,0.9259259259259259,0.9035087719298246,0.9537037037037037,0.9279279279279279,0.9770233196159123,0.977710834559151
HCV,DT,V4,utama,8,0.9259259259259259,0.9259259259259259,0.8898305084745762,0.9722222222222222,0.9292035398230089,0.9670781893004116,0.9513579183514295
HCV,DT,V4,utama,9,0.9398148148148148,0.9398148148148149,0.9523809523809523,0.9259259259259259,0.9389671361502347,0.9881687242798354,0.985943009726638
HCV,DT,V4,utama,10,0.9675925925925926,0.9675925925925926,0.9469026548672567,0.9907407407407407,0.9683257918552036,0.9868398491083676,0.9777461572796149
HCV,DT,V4,utama,11,0.9305555555555556,0.9305555555555556,0.9345794392523364,0.9259259259259259,0.9302325581395349,0.968321330589849,0.9460933078134842
HCV,DT,V4,utama,12,0.9259259259259259,0.9259259259259259,0.9035087719298246,0.9537037037037037,0.9279279279279279,0.9794238683127572,0.9754023079407611
HCV,DT,V4,utama,13,0.9444444444444444,0.9444444444444444,0.9210526315789473,0.9722222222222222,0.9459459459459459,0.9792952674897119,0.9693262565402335
HCV,DT,V4,utama,14,0.9259259259259259,0.9259259259259259,0.9423076923076923,0.9074074074074074,0.9245283018867925,0.9505315500685871,0.9452087256299692
HCV,DT,V4,utama,15,0.9490740740740741,0.9490740740740741,0.9369369369369369,0.9629629629629629,0.9497716894977168,0.9645061728395062,0.9468701479538308
HCV,DT,V4,utama,16,0.9537037037037037,0.9537037037037037,0.9454545454545454,0.9629629629629629,0.9541284403669725,0.9756944444444444,0.9639137080899659
HCV,DT,V4,utama,17,0.9398148148148148,0.9398148148148148,0.9203539823008849,0.9629629629629629,0.9411764705882353,0.9783093278463648,0.9768454094922823
HCV,DT,V4,utama,18,0.9259259259259259,0.9259259259259258,0.896551724137931,0.9629629629629629,0.9285714285714286,0.9717506858710562,0.9550411051877163
HCV,DT,V4,utama,19,0.9259259259259259,0.9259259259259258,0.896551724137931,0.9629629629629629,0.9285714285714286,0.9656207133058985,0.9489616961680757
HCV,DT,V4,utama,20,0.9444444444444444,0.9444444444444444,0.9285714285714286,0.9629629629629629,0.9454545454545454,0.9651491769547325,0.9399680587386037
HCV,DT,V4,utama,21,0.9259259259259259,0.9259259259259259,0.9423076923076923,0.9074074074074074,0.9245283018867925,0.9731652949245542,0.9686175756742043
HCV,DT,V4,utama,22,0.9444444444444444,0.9444444444444444,0.9137931034482759,0.9814814814814815,0.9464285714285714,0.9488168724279835,0.9135928328283258
HCV,DT,V4,utama,23,0.9351851851851852,0.9351851851851851,0.9051724137931034,0.9722222222222222,0.9375,0.971664951989026,0.9533403221277496
HCV,DT,V4,utama,24,0.9444444444444444,0.9444444444444444,0.9137931034482759,0.9814814814814815,0.9464285714285714,0.9748799725651576,0.9633601225359804
HCV,DT,V4,utama,25,0.9537037037037037,0.9537037037037037,0.9622641509433962,0.9444444444444444,0.9532710280373832,0.9825531550068587,0.9716996283650456
HCV,DT,V4,utama,26,0.9259259259259259,0.9259259259259259,0.9509803921568627,0.8981481481481481,0.9238095238095239,0.967335390946502,0.964909096112612
HCV,DT,V4,utama,27,0.9074074074074074,0.9074074074074074,0.8666666666666667,0.9629629629629629,0.9122807017543859,0.9758230452674896,0.9652057479736452
HCV,DT,V4,utama,28,0.9305555555555556,0.9305555555555556,0.918918918918919,0.9444444444444444,0.9315068493150684,0.9723079561042522,0.9704478734277319
HCV,DT,V4,utama,29,0.9537037037037037,0.9537037037037037,0.9224137931034483,0.9907407407407407,0.9553571428571429,0.9799382716049383,0.9665665553845995
HCV,DT,V4,utama,30,0.9583333333333334,0.9583333333333333,0.9304347826086956,0.9907407407407407,0.9596412556053812,0.9898405349794239,0.98245317608708
HCV,DT,V4,utama,31,0.9074074074074074,0.9074074074074074,0.860655737704918,0.9722222222222222,0.9130434782608695,0.970164609053498,0.960155343537733
HCV,DT,V4,utama,32,0.9537037037037037,0.9537037037037037,0.9224137931034483,0.9907407407407407,0.9553571428571429,0.9832390260631002,0.9743510844779912
HCV,DT,V4,utama,33,0.9444444444444444,0.9444444444444444,0.9210526315789473,0.9722222222222222,0.9459459459459459,0.9694787379972565,0.9519799353535966
HCV,DT,V4,utama,34,0.9074074074074074,0.9074074074074074,0.9,0.9166666666666666,0.908256880733945,0.9538751714677641,0.947677811381655
HCV,DT,V4,utama,35,0.9259259259259259,0.9259259259259259,0.9035087719298246,0.9537037037037037,0.9279279279279279,0.9734224965706447,0.9707925790999483
HCV,DT,V4,utama,36,0.9444444444444444,0.9444444444444444,0.9137931034482759,0.9814814814814815,0.9464285714285714,0.9743227023319616,0.9540209829475462
HCV,DT,V4,utama,37,0.9444444444444444,0.9444444444444444,0.9285714285714286,0.9629629629629629,0.9454545454545454,0.9912980109739369,0.9886650902805612
HCV,DT,V4,utama,38,0.9259259259259259,0.9259259259259259,0.9035087719298246,0.9537037037037037,0.9279279279279279,0.9527606310013719,0.931505368697045
HCV,DT,V4,utama,39,0.9490740740740741,0.9490740740740741,0.907563025210084,1.0,0.9515418502202643,0.9786951303155007,0.9662510393297472
HCV,DT,V4,utama,40,0.9444444444444444,0.9444444444444444,0.9528301886792453,0.9351851851851852,0.9439252336448598,0.9724365569272976,0.9583567070839163
HCV,DT,V4,utama,41,0.9583333333333334,0.9583333333333333,0.9304347826086956,0.9907407407407407,0.9596412556053812,0.9794238683127572,0.9663685444489523
HCV,DT,V4,utama,42,0.9305555555555556,0.9305555555555556,0.9043478260869565,0.9629629629629629,0.9327354260089686,0.9640775034293552,0.9406021688570728
HCV,DT,V4,utama,43,0.9444444444444444,0.9444444444444444,0.9363636363636364,0.9537037037037037,0.944954128440367,0.9642489711934157,0.9502435477955908
HCV,DT,V4,utama,44,0.9212962962962963,0.9212962962962963,0.9174311926605505,0.9259259259259259,0.9216589861751152,0.9657493141289436,0.9530396888189265
HCV,DT,V4,utama,45,0.9120370370370371,0.912037037037037,0.9158878504672897,0.9074074074074074,0.9116279069767442,0.9527606310013718,0.9370174388556436
HCV,DT,V4,utama,46,0.9583333333333334,0.9583333333333333,0.9459459459459459,0.9722222222222222,0.958904109589041,0.9840963648834019,0.9757075233862347
HCV,DT,V4,utama,47,0.9259259259259259,0.9259259259259259,0.8770491803278688,0.9907407407407407,0.9304347826086956,0.9873542524005487,0.9847100358753706
HCV,DT,V4,utama,48,0.9351851851851852,0.9351851851851851,0.9196428571428571,0.9537037037037037,0.9363636363636364,0.9660922496570644,0.9440509268001391
HCV,DT,V4,utama,49,0.9629629629629629,0.962962962962963,0.9545454545454546,0.9722222222222222,0.963302752293578,0.9918124142661179,0.990539697552493
HCV,DT,V4b,utama,0,0.926829268292683,0.9583333333333333,0.625,1.0,0.7692307692307693,0.983641975308642,0.8178812415654519
HCV,DT,V4b,utama,1,0.8861788617886179,0.8777777777777778,0.52,0.8666666666666667,0.65,0.9472222222222222,0.5976428452440445
HCV,DT,V4b,utama,2,0.9186991869918699,0.9537037037037037,0.6,1.0,0.75,0.975925925925926,0.7509274821039527
HCV,DT,V4b,utama,3,0.9024390243902439,0.9157407407407407,0.56,0.9333333333333333,0.7,0.9293209876543209,0.6539286466645957
HCV,DT,V4b,utama,4,0.943089430894309,0.9675925925925926,0.6818181818181818,1.0,0.8108108108108109,0.9929012345679011,0.9404761904761905
HCV,DT,V4b,utama,5,0.9105691056910569,0.9203703703703704,0.5833333333333334,0.9333333333333333,0.717948717948718,0.9407407407407408,0.6959078590785909
HCV,DT,V4b,utama,6,0.9105691056910569,0.9203703703703704,0.5833333333333334,0.9333333333333333,0.717948717948718,0.9354938271604938,0.6610286320254507
HCV,DT,V4b,utama,7,0.943089430894309,0.9675925925925926,0.6818181818181818,1.0,0.8108108108108109,0.9975308641975309,0.9838235294117648
HCV,DT,V4b,utama,8,0.8455284552845529,0.8833333333333333,0.4375,0.9333333333333333,0.5957446808510638,0.9191358024691358,0.6803523035230353
HCV,DT,V4b,utama,9,0.9349593495934959,0.8768518518518519,0.7058823529411765,0.8,0.75,0.9404320987654321,0.8275745257452575
HCV,DT,V4b,utama,10,0.9186991869918699,0.925,0.6086956521739131,0.9333333333333333,0.7368421052631579,0.9435185185185184,0.7222152943333945
HCV,DT,V4b,utama,11,0.8536585365853658,0.8592592592592593,0.4482758620689655,0.8666666666666667,0.5909090909090909,0.8873456790123457,0.5435526274802978
HCV,DT,V4b,utama,12,0.926829268292683,0.9296296296296296,0.6363636363636364,0.9333333333333333,0.7567567567567568,0.9574074074074074,0.8925470059654157
HCV,DT,V4b,utama,13,0.9105691056910569,0.9490740740740741,0.5769230769230769,1.0,0.7317073170731707,0.9660493827160493,0.6852317247969422
HCV,DT,V4b,utama,14,0.9105691056910569,0.8916666666666666,0.5909090909090909,0.8666666666666667,0.7027027027027027,0.9478395061728395,0.7975240206947524
HCV,DT,V4b,utama,15,0.9105691056910569,0.9490740740740741,0.5769230769230769,1.0,0.7317073170731707,0.9740740740740741,0.7343434343434344
HCV,DT,V4b,utama,16,0.943089430894309,0.9675925925925926,0.6818181818181818,1.0,0.8108108108108109,0.9885802469135802,0.8805555555555555
HCV,DT,V4b,utama,17,0.9186991869918699,0.8675925925925927,0.631578947368421,0.8,0.7058823529411765,0.9006172839506172,0.6222533507000774
HCV,DT,V4b,utama,18,0.9024390243902439,0.8583333333333334,0.5714285714285714,0.8,0.6666666666666666,0.8688271604938271,0.6097639345392876
HCV,DT,V4b,utama,19,0.8861788617886179,0.9351851851851851,0.5172413793103449,1.0,0.6818181818181818,0.9759259259259259,0.7984827586206896
HCV,DT,V4b,utama,20,0.926829268292683,0.9583333333333333,0.625,1.0,0.7692307692307693,0.9799382716049382,0.8149763918945505
HCV,DT,V4b,utama,21,0.9186991869918699,0.8962962962962964,0.6190476190476191,0.8666666666666667,0.7222222222222222,0.9154320987654322,0.7595383223503739
HCV,DT,V4b,utama,22,0.8861788617886179,0.9064814814814814,0.5185185185185185,0.9333333333333333,0.6666666666666666,0.9373456790123458,0.782061705232437
HCV,DT,V4b,utama,23,0.8617886178861789,0.8925925925925926,0.4666666666666667,0.9333333333333333,0.6222222222222222,0.9021604938271605,0.5080388570716577
HCV,DT,V4b,utama,24,0.9512195121951219,0.9722222222222222,0.7142857142857143,1.0,0.8333333333333334,0.9932098765432098,0.9367002063983488
HCV,DT,V4b,utama,25,0.9349593495934959,0.9055555555555556,0.6842105263157895,0.8666666666666667,0.7647058823529411,0.9771604938271605,0.788663967611336
HCV,DT,V4b,utama,26,0.926829268292683,0.9009259259259259,0.65,0.8666666666666667,0.7428571428571429,0.9700617283950618,0.7202564102564103
HCV,DT,V4b,utama,27,0.926829268292683,0.8722222222222222,0.6666666666666666,0.8,0.7272727272727273,0.8864197530864197,0.7140634465168182
HCV,DT,V4b,utama,28,0.8861788617886179,0.9064814814814814,0.5185185185185185,0.9333333333333333,0.6666666666666666,0.9537037037037036,0.8936783746922436
HCV,DT,V4b,utama,29,0.926829268292683,0.9296296296296296,0.6363636363636364,0.9333333333333333,0.7567567567567568,0.9367283950617282,0.6577158512813198
HCV,DT,V4b,utama,30,0.8943089430894309,0.8824074074074074,0.5416666666666666,0.8666666666666667,0.6666666666666666,0.9320987654320987,0.7290124342419895
HCV,DT,V4b,utama,31,0.9186991869918699,0.8962962962962964,0.6190476190476191,0.8666666666666667,0.7222222222222222,0.9123456790123458,0.7475300038714674
HCV,DT,V4b,utama,32,0.9024390243902439,0.8870370370370371,0.5652173913043478,0.8666666666666667,0.6842105263157895,0.928395061728395,0.6289902530667819
HCV,DT,V4b,utama,33,0.8943089430894309,0.9398148148148149,0.5357142857142857,1.0,0.6976744186046512,0.9746913580246914,0.7650578179989945
HCV,DT,V4b,utama,34,0.9349593495934959,0.9055555555555556,0.6842105263157895,0.8666666666666667,0.7647058823529411,0.9546296296296296,0.8992411924119241
HCV,DT,V4b,utama,35,0.8699186991869918,0.8972222222222223,0.4827586206896552,0.9333333333333333,0.6363636363636364,0.9518518518518518,0.6263157894736842
HCV,DT,V4b,utama,36,0.943089430894309,0.9675925925925926,0.6818181818181818,1.0,0.8108108108108109,0.9743827160493826,0.7348366013071894
HCV,DT,V4b,utama,37,0.926829268292683,0.9296296296296296,0.6363636363636364,0.9333333333333333,0.7567567567567568,0.9512345679012345,0.8429785661492979
HCV,DT,V4b,utama,38,0.9512195121951219,0.9435185185185185,0.7368421052631579,0.9333333333333333,0.8235294117647058,0.9608024691358025,0.9179340028694405
HCV,DT,V4b,utama,39,0.9024390243902439,0.8870370370370371,0.5652173913043478,0.8666666666666667,0.6842105263157895,0.9425925925925925,0.7646383878091194
HCV,DT,V4b,utama,40,0.926829268292683,0.9296296296296296,0.6363636363636364,0.9333333333333333,0.7567567567567568,0.9540123456790124,0.8353523035230352
HCV,DT,V4b,utama,41,0.943089430894309,0.9675925925925926,0.6818181818181818,1.0,0.8108108108108109,0.9962962962962962,0.9666666666666667
HCV,DT,V4b,utama,42,0.8455284552845529,0.8833333333333333,0.4375,0.9333333333333333,0.5957446808510638,0.9682098765432099,0.7491999228841334
HCV,DT,V4b,utama,43,0.8780487804878049,0.9018518518518519,0.5,0.9333333333333333,0.6511627906976745,0.9327160493827161,0.67732826858488
HCV,DT,V4b,utama,44,0.9349593495934959,0.8768518518518519,0.7058823529411765,0.8,0.75,0.9151234567901235,0.7983189861310378
HCV,DT,V4b,utama,45,0.9105691056910569,0.9490740740740741,0.5769230769230769,1.0,0.7317073170731707,0.9787037037037037,0.8392037786774629
HCV,DT,V4b,utama,46,0.9024390243902439,0.8870370370370371,0.5652173913043478,0.8666666666666667,0.6842105263157895,0.9635802469135802,0.7026710239651416
HCV,DT,V4b,utama,47,0.9512195121951219,0.9148148148148147,0.7647058823529411,0.8666666666666667,0.8125,0.9558641975308642,0.8919835611542929
HCV,DT,V4b,utama,48,0.9105691056910569,0.9490740740740741,0.5769230769230769,1.0,0.7317073170731707,0.9682098765432099,0.6894736842105263
HCV,DT,V4b,utama,49,0.8861788617886179,0.8777777777777778,0.52,0.8666666666666667,0.65,0.9481481481481482,0.8220189701897019
HCV,KNN,V1,utama,0,0.8780487804878049,0.8731481481481482,0.5,0.8666666666666667,0.6341463414634146,0.9561728395061729,0.6669347780909647
HCV,KNN,V1,utama,1,0.8211382113821138,0.7833333333333333,0.3793103448275862,0.7333333333333333,0.5,0.8864197530864197,0.6509141247427511
HCV,KNN,V1,utama,2,0.9512195121951219,0.8861111111111111,0.8,0.8,0.8,0.9493827160493827,0.8670125568499553
HCV,KNN,V1,utama,3,0.9105691056910569,0.8055555555555556,0.625,0.6666666666666666,0.6451612903225806,0.9225308641975309,0.6500229840557847
HCV,KNN,V1,utama,4,0.926829268292683,0.8435185185185186,0.6875,0.7333333333333333,0.7096774193548387,0.8990740740740741,0.7933343796758431
HCV,KNN,V1,utama,5,0.9105691056910569,0.8916666666666666,0.5909090909090909,0.8666666666666667,0.7027027027027027,0.9796296296296296,0.8728254769921436
HCV,KNN,V1,utama,6,0.9105691056910569,0.8629629629629629,0.6,0.8,0.6857142857142857,0.9234567901234568,0.7251671183378501
HCV,KNN,V1,utama,7,0.9024390243902439,0.8870370370370371,0.5652173913043478,0.8666666666666667,0.6842105263157895,0.954320987654321,0.8374993081746088
HCV,KNN,V1,utama,8,0.9349593495934959,0.8481481481481481,0.7333333333333333,0.7333333333333333,0.7333333333333333,0.9370370370370371,0.7296069619081285
HCV,KNN,V1,utama,9,0.8699186991869918,0.9259259259259259,0.4838709677419355,1.0,0.6521739130434783,0.9595679012345679,0.7200234932682751
HCV,KNN,V1,utama,10,0.9349593495934959,0.8768518518518519,0.7058823529411765,0.8,0.75,0.9367283950617284,0.7868602400309718
HCV,KNN,V1,utama,11,0.9349593495934959,0.9342592592592593,0.6666666666666666,0.9333333333333333,0.7777777777777778,0.9731481481481481,0.7757456922162804
HCV,KNN,V1,utama,12,0.8780487804878049,0.787037037037037,0.5,0.6666666666666666,0.5714285714285714,0.867283950617284,0.587237503578967
HCV,KNN,V1,utama,13,0.8943089430894309,0.8537037037037037,0.5454545454545454,0.8,0.6486486486486487,0.8907407407407408,0.8008063214907135
HCV,KNN,V1,utama,14,0.8699186991869918,0.8398148148148148,0.48,0.8,0.6,0.9077160493827161,0.6724040633574038
HCV,KNN,V1,utama,15,0.9349593495934959,0.9342592592592593,0.6666666666666666,0.9333333333333333,0.7777777777777778,0.9737654320987653,0.7730417730417731
HCV,KNN,V1,utama,16,0.9024390243902439,0.8870370370370371,0.5652173913043478,0.8666666666666667,0.6842105263157895,0.9623456790123457,0.7978464472217333
HCV,KNN,V1,utama,17,0.9105691056910569,0.8342592592592593,0.6111111111111112,0.7333333333333333,0.6666666666666666,0.8388888888888889,0.661539454222381
HCV,KNN,V1,utama,18,0.8780487804878049,0.7583333333333333,0.5,0.6,0.5454545454545454,0.8817901234567901,0.674569754244551
HCV,KNN,V1,utama,19,0.8943089430894309,0.8537037037037037,0.5454545454545454,0.8,0.6486486486486487,0.8975308641975308,0.704275480616944
HCV,KNN,V1,utama,20,0.9105691056910569,0.8916666666666666,0.5909090909090909,0.8666666666666667,0.7027027027027027,0.9663580246913581,0.7435482558063203
HCV,KNN,V1,utama,21,0.959349593495935,0.9194444444444445,0.8125,0.8666666666666667,0.8387096774193549,0.9583333333333334,0.9191576502231188
HCV,KNN,V1,utama,22,0.8780487804878049,0.8444444444444444,0.5,0.8,0.6153846153846154,0.9543209876543209,0.6885288831109264
HCV,KNN,V1,utama,23,0.9105691056910569,0.8629629629629629,0.6,0.8,0.6857142857142857,0.9651234567901235,0.8286243386243386
HCV,KNN,V1,utama,24,0.926829268292683,0.9009259259259259,0.65,0.8666666666666667,0.7428571428571429,0.932716049382716,0.6893599923633813
HCV,KNN,V1,utama,25,0.9349593495934959,0.8768518518518519,0.7058823529411765,0.8,0.75,0.9148148148148149,0.8376887340301975
HCV,KNN,V1,utama,26,0.9024390243902439,0.8009259259259259,0.5882352941176471,0.6666666666666666,0.625,0.966358024691358,0.7599761349761349
HCV,KNN,V1,utama,27,0.926829268292683,0.9009259259259259,0.65,0.8666666666666667,0.7428571428571429,0.9342592592592592,0.7644104286337918
HCV,KNN,V1,utama,28,0.9105691056910569,0.8629629629629629,0.6,0.8,0.6857142857142857,0.8737654320987653,0.784390243902439
HCV,KNN,V1,utama,29,0.8861788617886179,0.8490740740740741,0.5217391304347826,0.8,0.631578947368421,0.9166666666666666,0.6524308983962526
HCV,KNN,V1,utama,30,0.8943089430894309,0.825,0.55,0.7333333333333333,0.6285714285714286,0.8679012345679012,0.6583986311418467
HCV,KNN,V1,utama,31,0.9105691056910569,0.8342592592592593,0.6111111111111112,0.7333333333333333,0.6666666666666666,0.8716049382716049,0.6984643179765131
HCV,KNN,V1,utama,32,0.9024390243902439,0.8870370370370371,0.5652173913043478,0.8666666666666667,0.6842105263157895,0.9768518518518519,0.8672049689440994
HCV,KNN,V1,utama,33,0.9186991869918699,0.8675925925925927,0.631578947368421,0.8,0.7058823529411765,0.9089506172839507,0.7935675219089854
HCV,KNN,V1,utama,34,0.926829268292683,0.8435185185185186,0.6875,0.7333333333333333,0.7096774193548387,0.8712962962962963,0.6497765732593567
HCV,KNN,V1,utama,35,0.8780487804878049,0.9018518518518519,0.5,0.9333333333333333,0.6511627906976745,0.9799382716049383,0.8618307140887786
HCV,KNN,V1,utama,36,0.8780487804878049,0.7296296296296296,0.5,0.5333333333333333,0.5161290322580645,0.8746913580246913,0.6609454845418499
HCV,KNN,V1,utama,37,0.8617886178861789,0.8351851851851853,0.46153846153846156,0.8,0.5853658536585366,0.8941358024691359,0.7478951942366576
HCV,KNN,V1,utama,38,0.926829268292683,0.8722222222222222,0.6666666666666666,0.8,0.7272727272727273,0.9339506172839507,0.8260248181429183
HCV,KNN,V1,utama,39,0.926829268292683,0.9009259259259259,0.65,0.8666666666666667,0.7428571428571429,0.9395061728395061,0.7319287517661501
HCV,KNN,V1,utama,40,0.926829268292683,0.8722222222222222,0.6666666666666666,0.8,0.7272727272727273,0.9490740740740742,0.8757291488998806
HCV,KNN,V1,utama,41,0.8861788617886179,0.8490740740740741,0.5217391304347826,0.8,0.631578947368421,0.9472222222222222,0.8198667837798272
HCV,KNN,V1,utama,42,0.8699186991869918,0.8398148148148148,0.48,0.8,0.6,0.905246913580247,0.5409335001042318
HCV,KNN,V1,utama,43,0.9105691056910569,0.8342592592592593,0.6111111111111112,0.7333333333333333,0.6666666666666666,0.931172839506173,0.6779012052386035
HCV,KNN,V1,utama,44,0.9349593495934959,0.8481481481481481,0.7333333333333333,0.7333333333333333,0.7333333333333333,0.8990740740740741,0.6419850303264938
HCV,KNN,V1,utama,45,0.926829268292683,0.9009259259259259,0.65,0.8666666666666667,0.7428571428571429,0.9790123456790123,0.9028188286808977
HCV,KNN,V1,utama,46,0.943089430894309,0.9101851851851852,0.7222222222222222,0.8666666666666667,0.7878787878787878,0.9820987654320987,0.9007966490725112
HCV,KNN,V1,utama,47,0.9105691056910569,0.8342592592592593,0.6111111111111112,0.7333333333333333,0.6666666666666666,0.8641975308641976,0.6631107826229777
HCV,KNN,V1,utama,48,0.8699186991869918,0.6962962962962963,0.4666666666666667,0.4666666666666667,0.4666666666666667,0.7527777777777777,0.3749639681860477
HCV,KNN,V1,utama,49,0.8943089430894309,0.9111111111111111,0.5384615384615384,0.9333333333333333,0.6829268292682927,0.9401234567901234,0.7481941838649157
HCV,KNN,V2,utama,0,0.9490740740740741,0.9490740740740741,0.9292035398230089,0.9722222222222222,0.9502262443438914,0.9914266117969822,0.9880285751508204
HCV,KNN,V2,utama,1,0.9398148148148148,0.9398148148148149,0.9279279279279279,0.9537037037037037,0.9406392694063926,0.9855109739368999,0.98475034777571
HCV,KNN,V2,utama,2,0.9907407407407407,0.9907407407407407,0.9907407407407407,0.9907407407407407,0.9907407407407407,0.9994427297668038,0.9990305476416588
HCV,KNN,V2,utama,3,0.9444444444444444,0.9444444444444444,0.9285714285714286,0.9629629629629629,0.9454545454545454,0.9741941015089163,0.957345084406782
HCV,KNN,V2,utama,4,0.9675925925925926,0.9675925925925926,0.954954954954955,0.9814814814814815,0.9680365296803652,0.9972993827160493,0.9963366857174342
HCV,KNN,V2,utama,5,0.9675925925925926,0.9675925925925926,0.9391304347826087,1.0,0.968609865470852,0.9960991083676268,0.9943520408923991
HCV,KNN,V2,utama,6,0.9490740740740741,0.9490740740740741,0.9619047619047619,0.9351851851851852,0.9483568075117371,0.9761659807956103,0.9698226714276525
HCV,KNN,V2,utama,7,0.9583333333333334,0.9583333333333333,0.9304347826086956,0.9907407407407407,0.9596412556053812,0.9876543209876543,0.9777426087373386
HCV,KNN,V2,utama,8,0.9907407407407407,0.9907407407407407,1.0,0.9814814814814815,0.9906542056074766,0.9998285322359396,0.9996632996632997
HCV,KNN,V2,utama,9,0.9814814814814815,0.9814814814814814,0.9727272727272728,0.9907407407407407,0.981651376146789,0.9892832647462277,0.9791123199096338
HCV,KNN,V2,utama,10,0.9490740740740741,0.9490740740740741,0.944954128440367,0.9537037037037037,0.9493087557603687,0.9929269547325102,0.9909053363014882
HCV,KNN,V2,utama,11,0.9537037037037037,0.9537037037037037,0.9375,0.9722222222222222,0.9545454545454546,0.9783950617283951,0.9665532300884287
HCV,KNN,V2,utama,12,0.9722222222222222,0.9722222222222222,0.9636363636363636,0.9814814814814815,0.9724770642201835,0.9925840192043895,0.9923381696731133
HCV,KNN,V2,utama,13,0.9629629629629629,0.9629629629629629,0.9629629629629629,0.9629629629629629,0.9629629629629629,0.992326817558299,0.9906642986715879
HCV,KNN,V2,utama,14,0.9537037037037037,0.9537037037037037,0.9537037037037037,0.9537037037037037,0.9537037037037037,0.9866255144032922,0.986037454353274
HCV,KNN,V2,utama,15,0.9583333333333334,0.9583333333333333,0.9459459459459459,0.9722222222222222,0.958904109589041,0.9858539094650205,0.9798716649353589
HCV,KNN,V2,utama,16,0.9629629629629629,0.962962962962963,0.9545454545454546,0.9722222222222222,0.963302752293578,0.9962705761316872,0.9952134996061064
HCV,KNN,V2,utama,17,0.9583333333333334,0.9583333333333333,0.9459459459459459,0.9722222222222222,0.958904109589041,0.9819958847736625,0.9676639568389583
HCV,KNN,V2,utama,18,0.9351851851851852,0.9351851851851851,0.9122807017543859,0.9629629629629629,0.9369369369369369,0.9822530864197531,0.9804209291592756
HCV,KNN,V2,utama,19,0.9722222222222222,0.9722222222222222,0.9811320754716981,0.9629629629629629,0.9719626168224299,0.9964420438957476,0.9953779637478166
HCV,KNN,V2,utama,20,0.9537037037037037,0.9537037037037037,0.9537037037037037,0.9537037037037037,0.9537037037037037,0.9873542524005486,0.9819168941625254
HCV,KNN,V2,utama,21,0.9444444444444444,0.9444444444444444,0.9363636363636364,0.9537037037037037,0.944954128440367,0.9890260631001372,0.9858277226922723
HCV,KNN,V2,utama,22,0.9675925925925926,0.9675925925925926,0.9469026548672567,0.9907407407407407,0.9683257918552036,0.989883401920439,0.98287285832488
HCV,KNN,V2,utama,23,0.9351851851851852,0.9351851851851851,0.9272727272727272,0.9444444444444444,0.9357798165137615,0.9775377229080933,0.9730879119825723
HCV,KNN,V2,utama,24,0.9861111111111112,0.9861111111111112,0.9906542056074766,0.9814814814814815,0.986046511627907,0.9975137174211248,0.9962679482634946
HCV,KNN,V2,utama,25,0.9398148148148148,0.9398148148148149,0.9279279279279279,0.9537037037037037,0.9406392694063926,0.9872685185185186,0.9797192077128214
HCV,KNN,V2,utama,26,0.9583333333333334,0.9583333333333333,1.0,0.9166666666666666,0.9565217391304348,0.9885973936899863,0.9891139923241601
HCV,KNN,V2,utama,27,0.9629629629629629,0.962962962962963,0.9464285714285714,0.9814814814814815,0.9636363636363636,0.9897976680384087,0.9824216601275628
HCV,KNN,V2,utama,28,0.9722222222222222,0.9722222222222222,0.9636363636363636,0.9814814814814815,0.9724770642201835,0.9924982853223594,0.986411543578175
HCV,KNN,V2,utama,29,0.9490740740740741,0.9490740740740741,0.9292035398230089,0.9722222222222222,0.9502262443438914,0.99519890260631,0.9936815110567847
HCV,KNN,V2,utama,30,0.9583333333333334,0.9583333333333333,0.9541284403669725,0.9629629629629629,0.9585253456221198,0.99039780521262,0.983529329307153
HCV,KNN,V2,utama,31,0.9629629629629629,0.962962962962963,0.9464285714285714,0.9814814814814815,0.9636363636363636,0.9903549382716049,0.9869373618925663
HCV,KNN,V2,utama,32,0.9583333333333334,0.9583333333333334,0.9380530973451328,0.9814814814814815,0.9592760180995475,0.987011316872428,0.9855576145581499
HCV,KNN,V2,utama,33,0.9629629629629629,0.962962962962963,0.9545454545454546,0.9722222222222222,0.963302752293578,0.9869684499314129,0.9753219455087271
HCV,KNN,V2,utama,34,0.9629629629629629,0.962962962962963,0.9545454545454546,0.9722222222222222,0.963302752293578,0.9902263374485596,0.9902444815837943
HCV,KNN,V2,utama,35,0.9444444444444444,0.9444444444444444,0.9285714285714286,0.9629629629629629,0.9454545454545454,0.9829818244170095,0.9764828234466099
HCV,KNN,V2,utama,36,0.9398148148148148,0.9398148148148149,0.9523809523809523,0.9259259259259259,0.9389671361502347,0.9870970507544582,0.978624802181398
HCV,KNN,V2,utama,37,0.9583333333333334,0.9583333333333333,0.9304347826086956,0.9907407407407407,0.9596412556053812,0.9896690672153634,0.9853717430368374
HCV,KNN,V2,utama,38,0.9629629629629629,0.962962962962963,0.9545454545454546,0.9722222222222222,0.963302752293578,0.9909550754458163,0.9915864295981255
HCV,KNN,V2,utama,39,0.9629629629629629,0.962962962962963,0.9545454545454546,0.9722222222222222,0.963302752293578,0.9911265432098765,0.9879930843133966
HCV,KNN,V2,utama,40,0.9722222222222222,0.9722222222222222,0.9636363636363636,0.9814814814814815,0.9724770642201835,0.9856395747599451,0.9800920960961186
HCV,KNN,V2,utama,41,0.9537037037037037,0.9537037037037037,0.9537037037037037,0.9537037037037037,0.9537037037037037,0.9892832647462276,0.9882614785541906
HCV,KNN,V2,utama,42,0.9537037037037037,0.9537037037037037,0.9298245614035088,0.9814814814814815,0.954954954954955,0.9917695473251029,0.9853834576056798
HCV,KNN,V2,utama,43,0.9398148148148148,0.9398148148148149,0.905982905982906,0.9814814814814815,0.9422222222222222,0.9920267489711934,0.9894460899609473
HCV,KNN,V2,utama,44,0.9583333333333334,0.9583333333333333,0.9714285714285714,0.9444444444444444,0.9577464788732394,0.9894975994513031,0.9887473909829791
HCV,KNN,V2,utama,45,0.9212962962962963,0.9212962962962963,0.9252336448598131,0.9166666666666666,0.9209302325581395,0.9670781893004115,0.9541748682457243
HCV,KNN,V2,utama,46,0.9861111111111112,0.9861111111111112,0.972972972972973,1.0,0.9863013698630136,0.9991855281207133,0.9985604870925971
HCV,KNN,V2,utama,47,0.9444444444444444,0.9444444444444444,0.9615384615384616,0.9259259259259259,0.9433962264150944,0.9823388203017833,0.9666370483202167
HCV,KNN,V2,utama,48,0.9537037037037037,0.9537037037037037,0.9298245614035088,0.9814814814814815,0.954954954954955,0.9824245541838134,0.9671816103484955
HCV,KNN,V2,utama,49,0.9907407407407407,0.9907407407407407,0.9907407407407407,0.9907407407407407,0.9907407407407407,0.9944272976680384,0.994849372164187
HCV,KNN,V2b,utama,0,0.9349593495934959,0.962962962962963,0.6521739130434783,1.0,0.7894736842105263,0.9953703703703703,0.9598039215686275
HCV,KNN,V2b,utama,1,0.926829268292683,0.9583333333333333,0.625,1.0,0.7692307692307693,0.9861111111111112,0.8333333333333334
HCV,KNN,V2b,utama,2,0.975609756097561,0.9861111111111112,0.8333333333333334,1.0,0.9090909090909091,0.9969135802469136,0.9777777777777779
HCV,KNN,V2b,utama,3,0.9186991869918699,0.925,0.6086956521739131,0.9333333333333333,0.7368421052631579,0.9712962962962963,0.7734835383428735
HCV,KNN,V2b,utama,4,0.959349593495935,0.9481481481481482,0.7777777777777778,0.9333333333333333,0.8484848484848485,0.9959876543209877,0.9723671497584541
HCV,KNN,V2b,utama,5,0.926829268292683,0.9296296296296296,0.6363636363636364,0.9333333333333333,0.7567567567567568,0.9910493827160495,0.9402201155061567
HCV,KNN,V2b,utama,6,0.9512195121951219,0.9722222222222222,0.7142857142857143,1.0,0.8333333333333334,0.9907407407407407,0.8823529411764706
HCV,KNN,V2b,utama,7,0.926829268292683,0.9296296296296296,0.6363636363636364,0.9333333333333333,0.7567567567567568,0.9938271604938271,0.965
HCV,KNN,V2b,utama,8,0.959349593495935,0.9768518518518519,0.75,1.0,0.8571428571428571,0.9932098765432098,0.9157268170426065
HCV,KNN,V2b,utama,9,0.943089430894309,0.9388888888888889,0.7,0.9333333333333333,0.8,0.9808641975308642,0.8517178362573099
HCV,KNN,V2b,utama,10,0.975609756097561,0.9861111111111112,0.8333333333333334,1.0,0.9090909090909091,0.9898148148148148,0.8722222222222222
HCV,KNN,V2b,utama,11,0.9349593495934959,0.9342592592592593,0.6666666666666666,0.9333333333333333,0.7777777777777778,0.9845679012345678,0.8727695306642675
HCV,KNN,V2b,utama,12,0.959349593495935,0.9481481481481482,0.7777777777777778,0.9333333333333333,0.8484848484848485,0.9953703703703703,0.9587301587301588
HCV,KNN,V2b,utama,13,0.943089430894309,0.9675925925925926,0.6818181818181818,1.0,0.8108108108108109,0.9876543209876544,0.8621212121212121
HCV,KNN,V2b,utama,14,0.8455284552845529,0.8833333333333333,0.4375,0.9333333333333333,0.5957446808510638,0.9512345679012346,0.7102287581699347
HCV,KNN,V2b,utama,15,0.9349593495934959,0.9342592592592593,0.6666666666666666,0.9333333333333333,0.7777777777777778,0.9873456790123456,0.8751329080276449
HCV,KNN,V2b,utama,16,0.9349593495934959,0.962962962962963,0.6521739130434783,1.0,0.7894736842105263,0.9922839506172839,0.9027777777777778
HCV,KNN,V2b,utama,17,0.9186991869918699,0.925,0.6086956521739131,0.9333333333333333,0.7368421052631579,0.9842592592592593,0.8869167869167869
HCV,KNN,V2b,utama,18,0.9512195121951219,0.9435185185185185,0.7368421052631579,0.9333333333333333,0.8235294117647058,0.9925925925925927,0.9450020567667626
HCV,KNN,V2b,utama,19,0.967479674796748,0.9814814814814814,0.7894736842105263,1.0,0.8823529411764706,0.9898148148148148,0.8939253614176215
HCV,KNN,V2b,utama,20,0.9512195121951219,0.9435185185185185,0.7368421052631579,0.9333333333333333,0.8235294117647058,0.9839506172839505,0.8605176170084892
HCV,KNN,V2b,utama,21,0.967479674796748,0.9527777777777777,0.8235294117647058,0.9333333333333333,0.875,0.9956790123456789,0.9598412698412699
HCV,KNN,V2b,utama,22,0.959349593495935,0.9481481481481482,0.7777777777777778,0.9333333333333333,0.8484848484848485,0.9913580246913579,0.9043434343434343
HCV,KNN,V2b,utama,23,0.943089430894309,0.9675925925925926,0.6818181818181818,1.0,0.8108108108108109,0.9888888888888889,0.8847410759175465
HCV,KNN,V2b,utama,24,0.9024390243902439,0.9444444444444444,0.5555555555555556,1.0,0.7142857142857143,0.9790123456790124,0.8279461279461279
HCV,KNN,V2b,utama,25,0.9512195121951219,0.9722222222222222,0.7142857142857143,1.0,0.8333333333333334,0.9987654320987654,0.9916666666666667
HCV,KNN,V2b,utama,26,0.9512195121951219,0.9435185185185185,0.7368421052631579,0.9333333333333333,0.8235294117647058,0.9885802469135803,0.8775949975949975
HCV,KNN,V2b,utama,27,0.967479674796748,0.9527777777777777,0.8235294117647058,0.9333333333333333,0.875,0.9938271604938271,0.954017094017094
HCV,KNN,V2b,utama,28,0.926829268292683,0.9583333333333333,0.625,1.0,0.7692307692307693,0.9932098765432098,0.9165656565656566
HCV,KNN,V2b,utama,29,0.9349593495934959,0.962962962962963,0.6521739130434783,1.0,0.7894736842105263,0.9731481481481481,0.7449622197448285
HCV,KNN,V2b,utama,30,0.9349593495934959,0.9342592592592593,0.6666666666666666,0.9333333333333333,0.7777777777777778,0.9895061728395061,0.9288888888888889
HCV,KNN,V2b,utama,31,0.9186991869918699,0.9537037037037037,0.6,1.0,0.75,0.9845679012345678,0.8272853072853072
HCV,KNN,V2b,utama,32,0.9349593495934959,0.962962962962963,0.6521739130434783,1.0,0.7894736842105263,0.9910493827160494,0.8948412698412698
HCV,KNN,V2b,utama,33,0.967479674796748,0.9814814814814814,0.7894736842105263,1.0,0.8823529411764706,0.9907407407407408,0.8823529411764706
HCV,KNN,V2b,utama,34,0.9349593495934959,0.9342592592592593,0.6666666666666666,0.9333333333333333,0.7777777777777778,0.9802469135802468,0.8065836739749783
HCV,KNN,V2b,utama,35,0.9349593495934959,0.962962962962963,0.6521739130434783,1.0,0.7894736842105263,0.978395061728395,0.7694041867954912
HCV,KNN,V2b,utama,36,0.967479674796748,0.9814814814814814,0.7894736842105263,1.0,0.8823529411764706,0.9907407407407407,0.8823529411764706
HCV,KNN,V2b,utama,37,0.967479674796748,0.9814814814814814,0.7894736842105263,1.0,0.8823529411764706,0.9987654320987654,0.9843137254901961
HCV,KNN,V2b,utama,38,0.9512195121951219,0.9148148148148147,0.7647058823529411,0.8666666666666667,0.8125,0.9858024691358025,0.9045253657018364
HCV,KNN,V2b,utama,39,0.9186991869918699,0.9537037037037037,0.6,1.0,0.75,0.9935185185185185,0.9498039215686275
HCV,KNN,V2b,utama,40,0.975609756097561,0.9861111111111112,0.8333333333333334,1.0,0.9090909090909091,0.992283950617284,0.9067765567765568
HCV,KNN,V2b,utama,41,0.983739837398374,0.9907407407407407,0.8823529411764706,1.0,0.9375,0.9996913580246912,0.9958333333333333
HCV,KNN,V2b,utama,42,0.926829268292683,0.9583333333333333,0.625,1.0,0.7692307692307693,0.9953703703703705,0.9375
HCV,KNN,V2b,utama,43,0.926829268292683,0.9296296296296296,0.6363636363636364,0.9333333333333333,0.7567567567567568,0.9820987654320987,0.8319968919968921
HCV,KNN,V2b,utama,44,0.9186991869918699,0.9537037037037037,0.6,1.0,0.75,0.9901234567901235,0.9163496977738463
HCV,KNN,V2b,utama,45,0.967479674796748,0.9814814814814814,0.7894736842105263,1.0,0.8823529411764706,0.9987654320987656,0.9869444444444444
HCV,KNN,V2b,utama,46,0.926829268292683,0.9009259259259259,0.65,0.8666666666666667,0.7428571428571429,0.9814814814814815,0.9066666666666667
HCV,KNN,V2b,utama,47,0.983739837398374,0.9907407407407407,0.8823529411764706,1.0,0.9375,0.9987654320987654,0.9877124183006536
HCV,KNN,V2b,utama,48,0.9349593495934959,0.962962962962963,0.6521739130434783,1.0,0.7894736842105263,0.980246913580247,0.8134497708410752
HCV,KNN,V2b,utama,49,0.9186991869918699,0.925,0.6086956521739131,0.9333333333333333,0.7368421052631579,0.9851851851851852,0.8742790233502308
HCV,KNN,V3,utama,0,0.8780487804878049,0.8731481481481482,0.5,0.8666666666666667,0.6341463414634146,0.9561728395061729,0.6669347780909647
HCV,KNN,V3,utama,1,0.9024390243902439,0.8583333333333334,0.5714285714285714,0.8,0.6666666666666666,0.9280864197530865,0.7862705446386448
HCV,KNN,V3,utama,2,0.959349593495935,0.8907407407407408,0.8571428571428571,0.8,0.8275862068965517,0.9243827160493827,0.8644083107497742
HCV,KNN,V3,utama,3,0.9105691056910569,0.8055555555555556,0.625,0.6666666666666666,0.6451612903225806,0.9228395061728395,0.6500229840557847
HCV,KNN,V3,utama,4,0.926829268292683,0.8435185185185186,0.6875,0.7333333333333333,0.7096774193548387,0.8990740740740741,0.7933343796758431
HCV,KNN,V3,utama,5,0.8780487804878049,0.8444444444444444,0.5,0.8,0.6153846153846154,0.9274691358024691,0.7719375302063012
HCV,KNN,V3,utama,6,0.9105691056910569,0.8629629629629629,0.6,0.8,0.6857142857142857,0.9234567901234568,0.7251671183378501
HCV,KNN,V3,utama,7,0.983739837398374,0.9907407407407407,0.8823529411764706,1.0,0.9375,0.9969135802469136,0.9678833584715938
HCV,KNN,V3,utama,8,0.959349593495935,0.9194444444444445,0.8125,0.8666666666666667,0.8387096774193549,0.9496913580246913,0.8149951606658925
HCV,KNN,V3,utama,9,0.8780487804878049,0.8731481481481482,0.5,0.8666666666666667,0.6341463414634146,0.9253086419753086,0.6689143950263032
HCV,KNN,V3,utama,10,0.926829268292683,0.8722222222222222,0.6666666666666666,0.8,0.7272727272727273,0.9265432098765432,0.8191882823590141
HCV,KNN,V3,utama,11,0.8943089430894309,0.8824074074074074,0.5416666666666666,0.8666666666666667,0.6666666666666666,0.9317901234567901,0.7928342660049977
HCV,KNN,V3,utama,12,0.8861788617886179,0.8203703703703704,0.5238095238095238,0.7333333333333333,0.6111111111111112,0.8922839506172839,0.6309525129717257
HCV,KNN,V3,utama,13,0.9105691056910569,0.9203703703703704,0.5833333333333334,0.9333333333333333,0.717948717948718,0.9848765432098765,0.9320436507936508
HCV,KNN,V3,utama,14,0.9186991869918699,0.8962962962962964,0.6190476190476191,0.8666666666666667,0.7222222222222222,0.9268518518518518,0.7762091340310286
HCV,KNN,V3,utama,15,0.9349593495934959,0.9342592592592593,0.6666666666666666,0.9333333333333333,0.7777777777777778,0.9728395061728395,0.7528987352516764
HCV,KNN,V3,utama,16,0.9024390243902439,0.8870370370370371,0.5652173913043478,0.8666666666666667,0.6842105263157895,0.9623456790123457,0.7978464472217333
HCV,KNN,V3,utama,17,0.926829268292683,0.8722222222222222,0.6666666666666666,0.8,0.7272727272727273,0.9358024691358026,0.7351777003484321
HCV,KNN,V3,utama,18,0.943089430894309,0.8814814814814815,0.75,0.8,0.7741935483870968,0.9145061728395061,0.7954087917502553
HCV,KNN,V3,utama,19,0.9024390243902439,0.8870370370370371,0.5652173913043478,0.8666666666666667,0.6842105263157895,0.9385802469135802,0.7688708220415537
HCV,KNN,V3,utama,20,0.9105691056910569,0.9490740740740741,0.5769230769230769,1.0,0.7317073170731707,0.9759259259259259,0.7538863750628457
HCV,KNN,V3,utama,21,0.943089430894309,0.8527777777777777,0.7857142857142857,0.7333333333333333,0.7586206896551724,0.8802469135802469,0.7810450270278104
HCV,KNN,V3,utama,22,0.8943089430894309,0.825,0.55,0.7333333333333333,0.6285714285714286,0.8262345679012345,0.6700864627693895
HCV,KNN,V3,utama,23,0.9105691056910569,0.8629629629629629,0.6,0.8,0.6857142857142857,0.9651234567901235,0.8286243386243386
HCV,KNN,V3,utama,24,0.926829268292683,0.9009259259259259,0.65,0.8666666666666667,0.7428571428571429,0.932716049382716,0.6893599923633813
HCV,KNN,V3,utama,25,0.926829268292683,0.9296296296296296,0.6363636363636364,0.9333333333333333,0.7567567567567568,0.9398148148148149,0.8261591110945486
HCV,KNN,V3,utama,26,0.9024390243902439,0.8009259259259259,0.5882352941176471,0.6666666666666666,0.625,0.966358024691358,0.7599761349761349
HCV,KNN,V3,utama,27,0.9105691056910569,0.8055555555555556,0.625,0.6666666666666666,0.6451612903225806,0.8623456790123457,0.5996492441614393
HCV,KNN,V3,utama,28,0.926829268292683,0.9296296296296296,0.6363636363636364,0.9333333333333333,0.7567567567567568,0.950925925925926,0.8964065107537131
HCV,KNN,V3,utama,29,0.8861788617886179,0.8490740740740741,0.5217391304347826,0.8,0.631578947368421,0.9172839506172838,0.653304554310231
HCV,KNN,V3,utama,30,0.9105691056910569,0.8916666666666666,0.5909090909090909,0.8666666666666667,0.7027027027027027,0.917283950617284,0.8704268292682927
HCV,KNN,V3,utama,31,0.9186991869918699,0.8675925925925927,0.631578947368421,0.8,0.7058823529411765,0.9027777777777778,0.7507213457016475
HCV,KNN,V3,utama,32,0.8943089430894309,0.8824074074074074,0.5416666666666666,0.8666666666666667,0.6666666666666666,0.975925925925926,0.8656349206349206
HCV,KNN,V3,utama,33,0.9186991869918699,0.8675925925925927,0.631578947368421,0.8,0.7058823529411765,0.9089506172839507,0.7935675219089854
HCV,KNN,V3,utama,34,0.926829268292683,0.8435185185185186,0.6875,0.7333333333333333,0.7096774193548387,0.8712962962962963,0.6497765732593567
HCV,KNN,V3,utama,35,0.8780487804878049,0.9018518518518519,0.5,0.9333333333333333,0.6511627906976745,0.9799382716049383,0.8618307140887786
HCV,KNN,V3,utama,36,0.9105691056910569,0.7768518518518519,0.6428571428571429,0.6,0.6206896551724138,0.8929012345679013,0.7057515433833293
HCV,KNN,V3,utama,37,0.8943089430894309,0.8537037037037037,0.5454545454545454,0.8,0.6486486486486487,0.9197530864197531,0.7915022646729963
HCV,KNN,V3,utama,38,0.926829268292683,0.9009259259259259,0.65,0.8666666666666667,0.7428571428571429,0.9450617283950619,0.8393422025129342
HCV,KNN,V3,utama,39,0.943089430894309,0.9388888888888889,0.7,0.9333333333333333,0.8,0.969753086419753,0.7333515585721468
HCV,KNN,V3,utama,40,0.8943089430894309,0.825,0.55,0.7333333333333333,0.6285714285714286,0.8580246913580247,0.7232791327913279
HCV,KNN,V3,utama,41,0.9186991869918699,0.8675925925925927,0.631578947368421,0.8,0.7058823529411765,0.9148148148148149,0.8191807975222609
HCV,KNN,V3,utama,42,0.926829268292683,0.9296296296296296,0.6363636363636364,0.9333333333333333,0.7567567567567568,0.9638888888888888,0.7873972280949024
HCV,KNN,V3,utama,43,0.9105691056910569,0.8342592592592593,0.6111111111111112,0.7333333333333333,0.6666666666666666,0.931172839506173,0.6779012052386035
HCV,KNN,V3,utama,44,0.9024390243902439,0.8583333333333334,0.5714285714285714,0.8,0.6666666666666666,0.9672839506172839,0.7433302808302809
HCV,KNN,V3,utama,45,0.9186991869918699,0.8962962962962964,0.6190476190476191,0.8666666666666667,0.7222222222222222,0.9790123456790123,0.9028188286808977
HCV,KNN,V3,utama,46,0.8780487804878049,0.9305555555555556,0.5,1.0,0.6666666666666666,0.9932098765432099,0.9496296296296296
HCV,KNN,V3,utama,47,0.9349593495934959,0.8194444444444444,0.7692307692307693,0.6666666666666666,0.7142857142857143,0.8484567901234569,0.7201020245496572
HCV,KNN,V3,utama,48,0.8699186991869918,0.6962962962962963,0.4666666666666667,0.4666666666666667,0.4666666666666667,0.7527777777777777,0.3749639681860477
HCV,KNN,V3,utama,49,0.9105691056910569,0.8916666666666666,0.5909090909090909,0.8666666666666667,0.7027027027027027,0.9407407407407408,0.7524289980703179
HCV,KNN,V4,utama,0,0.9490740740740741,0.9490740740740741,0.9292035398230089,0.9722222222222222,0.9502262443438914,0.9914266117969822,0.9880285751508204
HCV,KNN,V4,utama,1,0.9398148148148148,0.9398148148148149,0.9279279279279279,0.9537037037037037,0.9406392694063926,0.9855109739368999,0.98475034777571
HCV,KNN,V4,utama,2,0.9768518518518519,0.9768518518518519,0.9813084112149533,0.9722222222222222,0.9767441860465116,0.998585390946502,0.9983270827790793
HCV,KNN,V4,utama,3,0.9444444444444444,0.9444444444444444,0.9285714285714286,0.9629629629629629,0.9454545454545454,0.9741941015089163,0.957345084406782
HCV,KNN,V4,utama,4,0.9722222222222222,0.9722222222222222,0.9722222222222222,0.9722222222222222,0.9722222222222222,0.9958419067215363,0.9943737830429699
HCV,KNN,V4,utama,5,0.9675925925925926,0.9675925925925926,0.9391304347826087,1.0,0.968609865470852,0.9960991083676268,0.9943520408923991
HCV,KNN,V4,utama,6,0.9490740740740741,0.9490740740740741,0.9619047619047619,0.9351851851851852,0.9483568075117371,0.9761659807956103,0.9698226714276525
HCV,KNN,V4,utama,7,0.9490740740740741,0.9490740740740741,0.9292035398230089,0.9722222222222222,0.9502262443438914,0.9840963648834019,0.9724475165515603
HCV,KNN,V4,utama,8,0.9861111111111112,0.9861111111111112,0.9906542056074766,0.9814814814814815,0.986046511627907,0.9991855281207133,0.9987756186354317
HCV,KNN,V4,utama,9,0.9583333333333334,0.9583333333333333,0.9459459459459459,0.9722222222222222,0.958904109589041,0.9901406035665294,0.983144056915141
HCV,KNN,V4,utama,10,0.9490740740740741,0.9490740740740741,0.944954128440367,0.9537037037037037,0.9493087557603687,0.9929269547325102,0.9909053363014882
HCV,KNN,V4,utama,11,0.9537037037037037,0.9537037037037037,0.9375,0.9722222222222222,0.9545454545454546,0.9783950617283951,0.9665532300884287
HCV,KNN,V4,utama,12,0.9675925925925926,0.9675925925925926,0.954954954954955,0.9814814814814815,0.9680365296803652,0.9866683813443073,0.9844070643292475
HCV,KNN,V4,utama,13,0.9629629629629629,0.9629629629629629,0.9629629629629629,0.9629629629629629,0.9629629629629629,0.992326817558299,0.9906642986715879
HCV,KNN,V4,utama,14,0.9537037037037037,0.9537037037037037,0.9537037037037037,0.9537037037037037,0.9537037037037037,0.9866255144032922,0.986037454353274
HCV,KNN,V4,utama,15,0.9583333333333334,0.9583333333333333,0.9459459459459459,0.9722222222222222,0.958904109589041,0.9858539094650205,0.9798716649353589
HCV,KNN,V4,utama,16,0.9629629629629629,0.962962962962963,0.9545454545454546,0.9722222222222222,0.963302752293578,0.9962705761316872,0.9952134996061064
HCV,KNN,V4,utama,17,0.9583333333333334,0.9583333333333333,0.9459459459459459,0.9722222222222222,0.958904109589041,0.9819958847736625,0.9676639568389583
HCV,KNN,V4,utama,18,0.9351851851851852,0.9351851851851851,0.9122807017543859,0.9629629629629629,0.9369369369369369,0.9822530864197531,0.9804209291592756
HCV,KNN,V4,utama,19,0.9722222222222222,0.9722222222222222,0.9811320754716981,0.9629629629629629,0.9719626168224299,0.9964420438957476,0.9953779637478166
HCV,KNN,V4,utama,20,0.9675925925925926,0.9675925925925926,0.9719626168224299,0.9629629629629629,0.9674418604651163,0.9898405349794239,0.9894399537284175
HCV,KNN,V4,utama,21,0.9444444444444444,0.9444444444444444,0.9363636363636364,0.9537037037037037,0.944954128440367,0.9890260631001372,0.9858277226922723
HCV,KNN,V4,utama,22,0.9675925925925926,0.9675925925925926,0.9469026548672567,0.9907407407407407,0.9683257918552036,0.989883401920439,0.98287285832488
HCV,KNN,V4,utama,23,0.9351851851851852,0.9351851851851851,0.9272727272727272,0.9444444444444444,0.9357798165137615,0.9775377229080933,0.9730879119825723
HCV,KNN,V4,utama,24,0.9861111111111112,0.9861111111111112,0.9906542056074766,0.9814814814814815,0.986046511627907,0.9975137174211248,0.9962679482634946
HCV,KNN,V4,utama,25,0.9398148148148148,0.9398148148148149,0.9279279279279279,0.9537037037037037,0.9406392694063926,0.9872685185185186,0.9797192077128214
HCV,KNN,V4,utama,26,0.9583333333333334,0.9583333333333333,1.0,0.9166666666666666,0.9565217391304348,0.9885973936899863,0.9891139923241601
HCV,KNN,V4,utama,27,0.9629629629629629,0.962962962962963,0.9464285714285714,0.9814814814814815,0.9636363636363636,0.9897976680384087,0.9824216601275628
HCV,KNN,V4,utama,28,0.9537037037037037,0.9537037037037037,0.9454545454545454,0.9629629629629629,0.9541284403669725,0.9923696844993141,0.9907967659249692
HCV,KNN,V4,utama,29,0.9259259259259259,0.9259259259259259,0.9339622641509434,0.9166666666666666,0.9252336448598131,0.9891975308641975,0.9865576777290821
HCV,KNN,V4,utama,30,0.9583333333333334,0.9583333333333333,0.9541284403669725,0.9629629629629629,0.9585253456221198,0.99039780521262,0.983529329307153
HCV,KNN,V4,utama,31,0.9629629629629629,0.962962962962963,0.9464285714285714,0.9814814814814815,0.9636363636363636,0.9903549382716049,0.9869373618925663
HCV,KNN,V4,utama,32,0.9583333333333334,0.9583333333333334,0.9380530973451328,0.9814814814814815,0.9592760180995475,0.987011316872428,0.9855576145581499
HCV,KNN,V4,utama,33,0.9629629629629629,0.962962962962963,0.9464285714285714,0.9814814814814815,0.9636363636363636,0.9834533607681756,0.9701460934756292
HCV,KNN,V4,utama,34,0.9629629629629629,0.962962962962963,0.9545454545454546,0.9722222222222222,0.963302752293578,0.9902263374485596,0.9902444815837943
HCV,KNN,V4,utama,35,0.9444444444444444,0.9444444444444444,0.9285714285714286,0.9629629629629629,0.9454545454545454,0.9829818244170095,0.9764828234466099
HCV,KNN,V4,utama,36,0.9398148148148148,0.9398148148148149,0.9523809523809523,0.9259259259259259,0.9389671361502347,0.9870970507544582,0.978624802181398
HCV,KNN,V4,utama,37,0.9722222222222222,0.9722222222222222,0.9553571428571429,0.9907407407407407,0.9727272727272728,0.987525720164609,0.9825603922826145
HCV,KNN,V4,utama,38,0.9629629629629629,0.962962962962963,0.9545454545454546,0.9722222222222222,0.963302752293578,0.9909550754458163,0.9915864295981255
HCV,KNN,V4,utama,39,0.9629629629629629,0.962962962962963,0.9545454545454546,0.9722222222222222,0.963302752293578,0.9911265432098765,0.9879930843133966
HCV,KNN,V4,utama,40,0.9722222222222222,0.9722222222222222,0.9636363636363636,0.9814814814814815,0.9724770642201835,0.9856395747599451,0.9800920960961186
HCV,KNN,V4,utama,41,0.9444444444444444,0.9444444444444444,0.9444444444444444,0.9444444444444444,0.9444444444444444,0.9901406035665294,0.9873524468144034
HCV,KNN,V4,utama,42,0.9490740740740741,0.9490740740740741,0.9292035398230089,0.9722222222222222,0.9502262443438914,0.9867541152263375,0.9790765946255099
HCV,KNN,V4,utama,43,0.9629629629629629,0.962962962962963,0.9464285714285714,0.9814814814814815,0.9636363636363636,0.9957990397805213,0.9939345725738775
HCV,KNN,V4,utama,44,0.9583333333333334,0.9583333333333333,0.9714285714285714,0.9444444444444444,0.9577464788732394,0.9894975994513031,0.9887473909829791
HCV,KNN,V4,utama,45,0.9212962962962963,0.9212962962962963,0.9252336448598131,0.9166666666666666,0.9209302325581395,0.9670781893004115,0.9541748682457243
HCV,KNN,V4,utama,46,0.9722222222222222,0.9722222222222222,0.9553571428571429,0.9907407407407407,0.9727272727272728,0.9976851851851851,0.9966237155538406
HCV,KNN,V4,utama,47,0.9351851851851852,0.9351851851851851,0.9433962264150944,0.9259259259259259,0.9345794392523364,0.9826388888888888,0.9739297669029557
HCV,KNN,V4,utama,48,0.9629629629629629,0.962962962962963,0.9464285714285714,0.9814814814814815,0.9636363636363636,0.9861111111111112,0.9770382839633031
HCV,KNN,V4,utama,49,0.9907407407407407,0.9907407407407407,0.9907407407407407,0.9907407407407407,0.9907407407407407,0.9944272976680384,0.994849372164187
HCV,KNN,V4b,utama,0,0.943089430894309,0.9675925925925926,0.6818181818181818,1.0,0.8108108108108109,0.9953703703703705,0.9375
HCV,KNN,V4b,utama,1,0.9186991869918699,0.9537037037037037,0.6,1.0,0.75,0.9953703703703703,0.9375
HCV,KNN,V4b,utama,2,0.967479674796748,0.9814814814814814,0.7894736842105263,1.0,0.8823529411764706,0.9987654320987656,0.9859649122807017
HCV,KNN,V4b,utama,3,0.943089430894309,0.9388888888888889,0.7,0.9333333333333333,0.8,0.9777777777777777,0.7732763532763534
HCV,KNN,V4b,utama,4,0.9512195121951219,0.9722222222222222,0.7142857142857143,1.0,0.8333333333333334,0.9993827160493827,0.9921568627450981
HCV,KNN,V4b,utama,5,0.9512195121951219,0.9722222222222222,0.7142857142857143,1.0,0.8333333333333334,0.9956790123456791,0.9661375661375662
HCV,KNN,V4b,utama,6,0.943089430894309,0.9675925925925926,0.6818181818181818,1.0,0.8108108108108109,1.0,1.0
HCV,KNN,V4b,utama,7,0.975609756097561,0.9861111111111112,0.8333333333333334,1.0,0.9090909090909091,0.9984567901234569,0.9888888888888889
HCV,KNN,V4b,utama,8,0.959349593495935,0.9768518518518519,0.75,1.0,0.8571428571428571,0.9953703703703703,0.9375
HCV,KNN,V4b,utama,9,0.9349593495934959,0.9342592592592593,0.6666666666666666,0.9333333333333333,0.7777777777777778,0.9845679012345678,0.840233918128655
HCV,KNN,V4b,utama,10,0.967479674796748,0.9814814814814814,0.7894736842105263,1.0,0.8823529411764706,0.9993827160493828,0.9916666666666667
HCV,KNN,V4b,utama,11,0.943089430894309,0.9388888888888889,0.7,0.9333333333333333,0.8,0.9895061728395061,0.8955513784461153
HCV,KNN,V4b,utama,12,0.959349593495935,0.9768518518518519,0.75,1.0,0.8571428571428571,0.9975308641975308,0.9833333333333334
HCV,KNN,V4b,utama,13,0.943089430894309,0.9675925925925926,0.6818181818181818,1.0,0.8108108108108109,0.9876543209876544,0.8621212121212121
HCV,KNN,V4b,utama,14,0.926829268292683,0.9583333333333333,0.625,1.0,0.7692307692307693,0.986111111111111,0.8333333333333334
HCV,KNN,V4b,utama,15,0.967479674796748,0.9814814814814814,0.7894736842105263,1.0,0.8823529411764706,0.9876543209876544,0.8555945419103315
HCV,KNN,V4b,utama,16,0.943089430894309,0.9675925925925926,0.6818181818181818,1.0,0.8108108108108109,0.9907407407407407,0.8823529411764706
HCV,KNN,V4b,utama,17,0.9186991869918699,0.925,0.6086956521739131,0.9333333333333333,0.7368421052631579,0.9842592592592593,0.8869167869167869
HCV,KNN,V4b,utama,18,0.959349593495935,0.9768518518518519,0.75,1.0,0.8571428571428571,0.9935185185185186,0.9211111111111112
HCV,KNN,V4b,utama,19,0.9512195121951219,0.9722222222222222,0.7142857142857143,1.0,0.8333333333333334,0.9895061728395061,0.869298245614035
HCV,KNN,V4b,utama,20,0.9349593495934959,0.9342592592592593,0.6666666666666666,0.9333333333333333,0.7777777777777778,0.9876543209876544,0.9014141414141414
HCV,KNN,V4b,utama,21,0.983739837398374,0.9907407407407407,0.8823529411764706,1.0,0.9375,0.9981481481481481,0.9838235294117648
HCV,KNN,V4b,utama,22,0.967479674796748,0.9814814814814814,0.7894736842105263,1.0,0.8823529411764706,0.9938271604938271,0.9237426900584795
HCV,KNN,V4b,utama,23,0.926829268292683,0.9583333333333333,0.625,1.0,0.7692307692307693,0.9953703703703705,0.9375
HCV,KNN,V4b,utama,24,0.9349593495934959,0.962962962962963,0.6521739130434783,1.0,0.7894736842105263,0.9882716049382716,0.8601449275362318
HCV,KNN,V4b,utama,25,0.959349593495935,0.9768518518518519,0.75,1.0,0.8571428571428571,0.9996913580246913,0.9958333333333333
HCV,KNN,V4b,utama,26,0.967479674796748,0.9814814814814814,0.7894736842105263,1.0,0.8823529411764706,0.9935185185185185,0.9237426900584795
HCV,KNN,V4b,utama,27,0.975609756097561,0.9574074074074075,0.875,0.9333333333333333,0.9032258064516129,0.9981481481481481,0.9859649122807017
HCV,KNN,V4b,utama,28,0.926829268292683,0.9583333333333333,0.625,1.0,0.7692307692307693,0.9932098765432098,0.9165656565656566
HCV,KNN,V4b,utama,29,0.943089430894309,0.9675925925925926,0.6818181818181818,1.0,0.8108108108108109,0.9833333333333334,0.8140819964349375
HCV,KNN,V4b,utama,30,0.959349593495935,0.9481481481481482,0.7777777777777778,0.9333333333333333,0.8484848484848485,0.9956790123456791,0.9733333333333334
HCV,KNN,V4b,utama,31,0.959349593495935,0.9768518518518519,0.75,1.0,0.8571428571428571,0.9895061728395063,0.869298245614035
HCV,KNN,V4b,utama,32,0.9512195121951219,0.9722222222222222,0.7142857142857143,1.0,0.8333333333333334,0.9953703703703703,0.9375
HCV,KNN,V4b,utama,33,0.967479674796748,0.9814814814814814,0.7894736842105263,1.0,0.8823529411764706,0.9907407407407408,0.8823529411764706
HCV,KNN,V4b,utama,34,0.959349593495935,0.9768518518518519,0.75,1.0,0.8571428571428571,0.9842592592592593,0.8338624338624339
HCV,KNN,V4b,utama,35,0.9349593495934959,0.962962962962963,0.6521739130434783,1.0,0.7894736842105263,0.978395061728395,0.7694041867954912
HCV,KNN,V4b,utama,36,0.967479674796748,0.9814814814814814,0.7894736842105263,1.0,0.8823529411764706,0.9907407407407407,0.8823529411764706
HCV,KNN,V4b,utama,37,0.967479674796748,0.9814814814814814,0.7894736842105263,1.0,0.8823529411764706,0.9987654320987654,0.9843137254901961
HCV,KNN,V4b,utama,38,0.959349593495935,0.9481481481481482,0.7777777777777778,0.9333333333333333,0.8484848484848485,0.9910493827160494,0.9042328042328043
HCV,KNN,V4b,utama,39,0.9186991869918699,0.9537037037037037,0.6,1.0,0.75,0.9898148148148148,0.8722222222222222
HCV,KNN,V4b,utama,40,0.983739837398374,0.9907407407407407,0.8823529411764706,1.0,0.9375,0.9941358024691358,0.9222222222222223
HCV,KNN,V4b,utama,41,0.991869918699187,0.9953703703703703,0.9375,1.0,0.967741935483871,1.0,1.0
HCV,KNN,V4b,utama,42,0.926829268292683,0.9583333333333333,0.625,1.0,0.7692307692307693,0.9953703703703705,0.9375
HCV,KNN,V4b,utama,43,0.926829268292683,0.9296296296296296,0.6363636363636364,0.9333333333333333,0.7567567567567568,0.9820987654320987,0.8319968919968921
HCV,KNN,V4b,utama,44,0.9349593495934959,0.962962962962963,0.6521739130434783,1.0,0.7894736842105263,0.9953703703703703,0.9375
HCV,KNN,V4b,utama,45,0.967479674796748,0.9814814814814814,0.7894736842105263,1.0,0.8823529411764706,1.0,1.0
HCV,KNN,V4b,utama,46,0.926829268292683,0.9296296296296296,0.6363636363636364,0.9333333333333333,0.7567567567567568,0.9777777777777777,0.8075366762866762
HCV,KNN,V4b,utama,47,0.983739837398374,0.9907407407407407,0.8823529411764706,1.0,0.9375,1.0,1.0
HCV,KNN,V4b,utama,48,0.9512195121951219,0.9722222222222222,0.7142857142857143,1.0,0.8333333333333334,0.9941358024691358,0.9237426900584795
HCV,KNN,V4b,utama,49,0.943089430894309,0.9675925925925926,0.6818181818181818,1.0,0.8108108108108109,0.9885802469135803,0.8621212121212121
HCV,RF,V1,utama,0,0.975609756097561,0.9861111111111112,0.8333333333333334,1.0,0.9090909090909091,1.0,1.0
HCV,RF,V1,utama,1,0.9349593495934959,0.9055555555555556,0.6842105263157895,0.8666666666666667,0.7647058823529411,0.9796296296296296,0.8869406710786021
HCV,RF,V1,utama,2,0.967479674796748,0.924074074074074,0.8666666666666667,0.8666666666666667,0.8666666666666667,0.9530864197530864,0.9318779058014959
HCV,RF,V1,utama,3,0.9349593495934959,0.8481481481481481,0.7333333333333333,0.7333333333333333,0.7333333333333333,0.967283950617284,0.8156114250851092
HCV,RF,V1,utama,4,0.975609756097561,0.9287037037037037,0.9285714285714286,0.8666666666666667,0.896551724137931,0.9799382716049383,0.9437908496732026
HCV,RF,V1,utama,5,0.967479674796748,0.924074074074074,0.8666666666666667,0.8666666666666667,0.8666666666666667,0.970679012345679,0.9066714766714765
HCV,RF,V1,utama,6,0.967479674796748,0.9527777777777777,0.8235294117647058,0.9333333333333333,0.875,0.9904320987654321,0.9287709311622355
HCV,RF,V1,utama,7,0.959349593495935,0.8907407407407408,0.8571428571428571,0.8,0.8275862068965517,0.9746913580246914,0.9273087480606277
HCV,RF,V1,utama,8,0.926829268292683,0.8148148148148148,0.7142857142857143,0.6666666666666666,0.6896551724137931,0.9672839506172839,0.8397761692498535
HCV,RF,V1,utama,9,0.9512195121951219,0.9148148148148147,0.7647058823529411,0.8666666666666667,0.8125,0.9858024691358025,0.9168203708915783
HCV,RF,V1,utama,10,0.9349593495934959,0.9055555555555556,0.6842105263157895,0.8666666666666667,0.7647058823529411,0.9888888888888889,0.9405722779635823
HCV,RF,V1,utama,11,0.9349593495934959,0.9055555555555556,0.6842105263157895,0.8666666666666667,0.7647058823529411,0.9842592592592592,0.9220673962053272
HCV,RF,V1,utama,12,0.967479674796748,0.8666666666666667,1.0,0.7333333333333333,0.8461538461538461,0.9660493827160495,0.8987164881901724
HCV,RF,V1,utama,13,0.967479674796748,0.9527777777777777,0.8235294117647058,0.9333333333333333,0.875,0.9734567901234568,0.9305464420891723
HCV,RF,V1,utama,14,0.926829268292683,0.7861111111111111,0.75,0.6,0.6666666666666666,0.9561728395061728,0.7518269552085342
HCV,RF,V1,utama,15,0.983739837398374,0.9907407407407407,0.8823529411764706,1.0,0.9375,1.0,1.0
HCV,RF,V1,utama,16,0.975609756097561,0.9287037037037037,0.9285714285714286,0.8666666666666667,0.896551724137931,0.9895061728395063,0.9507936507936507
HCV,RF,V1,utama,17,0.975609756097561,0.9574074074074075,0.875,0.9333333333333333,0.9032258064516129,0.9944444444444445,0.9651098901098901
HCV,RF,V1,utama,18,0.943089430894309,0.8814814814814815,0.75,0.8,0.7741935483870968,0.9456790123456791,0.8114423376188082
HCV,RF,V1,utama,19,0.9024390243902439,0.9157407407407407,0.56,0.9333333333333333,0.7,0.9407407407407409,0.8761904761904762
HCV,RF,V1,utama,20,0.9512195121951219,0.9148148148148147,0.7647058823529411,0.8666666666666667,0.8125,0.9734567901234568,0.9135185185185185
HCV,RF,V1,utama,21,0.967479674796748,0.8953703703703704,0.9230769230769231,0.8,0.8571428571428571,0.9604938271604938,0.9129537129537129
HCV,RF,V1,utama,22,0.9512195121951219,0.9148148148148147,0.7647058823529411,0.8666666666666667,0.8125,0.9885802469135803,0.9265143044090411
HCV,RF,V1,utama,23,0.959349593495935,0.9481481481481482,0.7777777777777778,0.9333333333333333,0.8484848484848485,0.9907407407407408,0.9336036186036185
HCV,RF,V1,utama,24,0.959349593495935,0.9481481481481482,0.7777777777777778,0.9333333333333333,0.8484848484848485,0.9901234567901235,0.9257301470459365
HCV,RF,V1,utama,25,0.975609756097561,0.9574074074074075,0.875,0.9333333333333333,0.9032258064516129,0.9981481481481481,0.9888888888888889
HCV,RF,V1,utama,26,0.967479674796748,0.9527777777777777,0.8235294117647058,0.9333333333333333,0.875,0.9888888888888888,0.9118894177717707
HCV,RF,V1,utama,27,0.959349593495935,0.8620370370370369,0.9166666666666666,0.7333333333333333,0.8148148148148148,0.9604938271604938,0.8875078227762325
HCV,RF,V1,utama,28,0.9105691056910569,0.8916666666666666,0.5909090909090909,0.8666666666666667,0.7027027027027027,0.9450617283950619,0.8769432736104377
HCV,RF,V1,utama,29,0.9349593495934959,0.9055555555555556,0.6842105263157895,0.8666666666666667,0.7647058823529411,0.9611111111111111,0.840299904773589
HCV,RF,V1,utama,30,0.9186991869918699,0.8675925925925927,0.631578947368421,0.8,0.7058823529411765,0.9728395061728395,0.8861555004135648
HCV,RF,V1,utama,31,0.943089430894309,0.8240740740740741,0.8333333333333334,0.6666666666666666,0.7407407407407407,0.9493827160493828,0.83929461205003
HCV,RF,V1,utama,32,0.959349593495935,0.9481481481481482,0.7777777777777778,0.9333333333333333,0.8484848484848485,0.995679012345679,0.9741269841269841
HCV,RF,V1,utama,33,0.967479674796748,0.9527777777777777,0.8235294117647058,0.9333333333333333,0.875,0.991358024691358,0.9439499389499388
HCV,RF,V1,utama,34,0.943089430894309,0.8527777777777777,0.7857142857142857,0.7333333333333333,0.7586206896551724,0.9783950617283951,0.9007770785659802
HCV,RF,V1,utama,35,0.9186991869918699,0.8962962962962964,0.6190476190476191,0.8666666666666667,0.7222222222222222,0.9746913580246913,0.9067134674111418
HCV,RF,V1,utama,36,0.943089430894309,0.8240740740740741,0.8333333333333334,0.6666666666666666,0.7407407407407407,0.9197530864197531,0.8211213511027025
HCV,RF,V1,utama,37,0.943089430894309,0.8527777777777777,0.7857142857142857,0.7333333333333333,0.7586206896551724,0.9601851851851851,0.8872590716243967
HCV,RF,V1,utama,38,0.959349593495935,0.9194444444444445,0.8125,0.8666666666666667,0.8387096774193549,0.9907407407407408,0.9498989898989898
HCV,RF,V1,utama,39,0.9349593495934959,0.9342592592592593,0.6666666666666666,0.9333333333333333,0.7777777777777778,0.980246913580247,0.8595335057099762
HCV,RF,V1,utama,40,0.967479674796748,0.924074074074074,0.8666666666666667,0.8666666666666667,0.8666666666666667,0.9827160493827161,0.9219671178494708
HCV,RF,V1,utama,41,0.959349593495935,0.8907407407407408,0.8571428571428571,0.8,0.8275862068965517,0.975925925925926,0.9281771805400025
HCV,RF,V1,utama,42,0.926829268292683,0.9009259259259259,0.65,0.8666666666666667,0.7428571428571429,0.9679012345679013,0.854708463694343
HCV,RF,V1,utama,43,0.967479674796748,0.8953703703703704,0.9230769230769231,0.8,0.8571428571428571,0.9925925925925926,0.9571330630154159
HCV,RF,V1,utama,44,0.975609756097561,0.9574074074074075,0.875,0.9333333333333333,0.9032258064516129,0.9938271604938272,0.9354654060536414
HCV,RF,V1,utama,45,0.975609756097561,0.9287037037037037,0.9285714285714286,0.8666666666666667,0.896551724137931,0.9774691358024692,0.9406462585034013
HCV,RF,V1,utama,46,0.967479674796748,0.9527777777777777,0.8235294117647058,0.9333333333333333,0.875,0.995679012345679,0.9728696741854637
HCV,RF,V1,utama,47,0.975609756097561,0.9,1.0,0.8,0.8888888888888888,0.9404320987654322,0.924241192411924
HCV,RF,V1,utama,48,0.967479674796748,0.8953703703703704,0.9230769230769231,0.8,0.8571428571428571,0.9824074074074074,0.9186899616897142
HCV,RF,V1,utama,49,0.9349593495934959,0.9055555555555556,0.6842105263157895,0.8666666666666667,0.7647058823529411,0.9524691358024692,0.8186603701309584
HCV,RF,V2,utama,0,0.9861111111111112,0.9861111111111112,0.981651376146789,0.9907407407407407,0.9861751152073732,0.999485596707819,0.999497043154018
HCV,RF,V2,utama,1,0.9768518518518519,0.9768518518518519,0.9724770642201835,0.9814814814814815,0.9769585253456221,0.9983710562414266,0.9982738401362677
HCV,RF,V2,utama,2,0.9814814814814815,0.9814814814814815,0.9814814814814815,0.9814814814814815,0.9814814814814815,0.9993998628257887,0.9994167869167869
HCV,RF,V2,utama,3,0.9583333333333334,0.9583333333333334,0.9380530973451328,0.9814814814814815,0.9592760180995475,0.9967421124828533,0.9969413522218341
HCV,RF,V2,utama,4,0.9814814814814815,0.9814814814814815,0.9814814814814815,0.9814814814814815,0.9814814814814815,0.999014060356653,0.9990200679665452
HCV,RF,V2,utama,5,0.9907407407407407,0.9907407407407407,0.9907407407407407,0.9907407407407407,0.9907407407407407,0.9992712620027434,0.9992756965138829
HCV,RF,V2,utama,6,0.9583333333333334,0.9583333333333333,0.9541284403669725,0.9629629629629629,0.9585253456221198,0.9958419067215364,0.9960731797967146
HCV,RF,V2,utama,7,0.9722222222222222,0.9722222222222222,0.9636363636363636,0.9814814814814815,0.9724770642201835,0.9990140603566529,0.9989978119960248
HCV,RF,V2,utama,8,0.9722222222222222,0.9722222222222222,0.9722222222222222,0.9722222222222222,0.9722222222222222,0.9988425925925927,0.9988402381378045
HCV,RF,V2,utama,9,0.9907407407407407,0.9907407407407407,0.9818181818181818,1.0,0.9908256880733946,0.9991855281207133,0.9991358254183242
HCV,RF,V2,utama,10,0.9814814814814815,0.9814814814814814,0.9642857142857143,1.0,0.9818181818181818,0.9998285322359396,0.9998316498316498
HCV,RF,V2,utama,11,0.9814814814814815,0.9814814814814814,0.9727272727272728,0.9907407407407407,0.981651376146789,0.9985425240054869,0.9985370303174326
HCV,RF,V2,utama,12,0.9814814814814815,0.9814814814814814,0.9905660377358491,0.9722222222222222,0.9813084112149533,0.9985425240054869,0.9985764896188443
HCV,RF,V2,utama,13,0.9768518518518519,0.9768518518518519,0.9557522123893806,1.0,0.9773755656108597,0.9991855281207134,0.9991141405716226
HCV,RF,V2,utama,14,0.9537037037037037,0.9537037037037037,0.9803921568627451,0.9259259259259259,0.9523809523809523,0.9933127572016461,0.9936586819456421
HCV,RF,V2,utama,15,0.9675925925925926,0.9675925925925926,0.963302752293578,0.9722222222222222,0.967741935483871,0.9978995198902607,0.9979497904300789
HCV,RF,V2,utama,16,0.9953703703703703,0.9953703703703703,1.0,0.9907407407407407,0.9953488372093023,0.9995284636488341,0.999512670565302
HCV,RF,V2,utama,17,0.9722222222222222,0.9722222222222222,0.9722222222222222,0.9722222222222222,0.9722222222222222,0.9980281207133059,0.9980172269791799
HCV,RF,V2,utama,18,0.9629629629629629,0.962962962962963,0.9464285714285714,0.9814814814814815,0.9636363636363636,0.9969993141289438,0.9971330608367507
HCV,RF,V2,utama,19,0.9953703703703703,0.9953703703703703,0.9908256880733946,1.0,0.9953917050691244,0.9999142661179699,0.9999150526673463
HCV,RF,V2,utama,20,0.9814814814814815,0.9814814814814815,0.9814814814814815,0.9814814814814815,0.9814814814814815,0.9987997256515775,0.998761902455365
HCV,RF,V2,utama,21,0.9814814814814815,0.9814814814814814,0.9905660377358491,0.9722222222222222,0.9813084112149533,0.9971707818930041,0.9974460738368611
HCV,RF,V2,utama,22,0.9675925925925926,0.9675925925925926,0.9469026548672567,0.9907407407407407,0.9683257918552036,0.9984567901234568,0.9984754931349799
HCV,RF,V2,utama,23,0.9768518518518519,0.9768518518518519,0.9724770642201835,0.9814814814814815,0.9769585253456221,0.9984567901234568,0.9985004655434013
HCV,RF,V2,utama,24,0.9907407407407407,0.9907407407407407,1.0,0.9814814814814815,0.9906542056074766,0.9996570644718793,0.9996617551663424
HCV,RF,V2,utama,25,0.9861111111111112,0.9861111111111112,0.9906542056074766,0.9814814814814815,0.986046511627907,0.9996141975308642,0.9995720293139096
HCV,RF,V2,utama,26,0.9768518518518519,0.9768518518518519,0.9904761904761905,0.9629629629629629,0.9765258215962441,0.9987997256515775,0.9988200125774875
HCV,RF,V2,utama,27,0.9675925925925926,0.9675925925925926,0.9469026548672567,0.9907407407407407,0.9683257918552036,0.9992283950617284,0.9992641238993595
HCV,RF,V2,utama,28,0.9768518518518519,0.9768518518518519,0.963963963963964,0.9907407407407407,0.9771689497716894,0.998070987654321,0.9980228493858974
HCV,RF,V2,utama,29,0.9490740740740741,0.9490740740740741,0.944954128440367,0.9537037037037037,0.9493087557603687,0.9936985596707818,0.9943582930863406
HCV,RF,V2,utama,30,0.9814814814814815,0.9814814814814814,0.9642857142857143,1.0,0.9818181818181818,0.9993569958847737,0.9993215082300552
HCV,RF,V2,utama,31,0.9768518518518519,0.9768518518518519,0.9724770642201835,0.9814814814814815,0.9769585253456221,0.9986282578875172,0.9986352445874107
HCV,RF,V2,utama,32,0.9861111111111112,0.9861111111111112,0.981651376146789,0.9907407407407407,0.9861751152073732,0.9987997256515775,0.9988844815675385
HCV,RF,V2,utama,33,0.9722222222222222,0.9722222222222222,0.9722222222222222,0.9722222222222222,0.9722222222222222,0.9987139917695473,0.9987598547240877
HCV,RF,V2,utama,34,0.9907407407407407,0.9907407407407407,1.0,0.9814814814814815,0.9906542056074766,0.9988854595336077,0.998962791759402
HCV,RF,V2,utama,35,0.9675925925925926,0.9675925925925926,0.9719626168224299,0.9629629629629629,0.9674418604651163,0.9975137174211248,0.9975258362774437
HCV,RF,V2,utama,36,0.9814814814814815,0.9814814814814814,0.9727272727272728,0.9907407407407407,0.981651376146789,0.9991426611796983,0.9991736101795128
HCV,RF,V2,utama,37,0.9722222222222222,0.9722222222222222,0.9636363636363636,0.9814814814814815,0.9724770642201835,0.9992283950617284,0.9992566312625311
HCV,RF,V2,utama,38,0.9537037037037037,0.9537037037037037,0.9454545454545454,0.9629629629629629,0.9541284403669725,0.9950703017832647,0.9954036344694492
HCV,RF,V2,utama,39,0.9861111111111112,0.9861111111111112,0.972972972972973,1.0,0.9863013698630136,0.9999142661179699,0.9999150526673463
HCV,RF,V2,utama,40,0.9722222222222222,0.9722222222222222,0.9722222222222222,0.9722222222222222,0.9722222222222222,0.9976423182441702,0.9976924331976799
HCV,RF,V2,utama,41,0.9814814814814815,0.9814814814814814,0.9727272727272728,0.9907407407407407,0.981651376146789,0.999056927297668,0.9990570917619352
HCV,RF,V2,utama,42,0.9861111111111112,0.9861111111111112,0.981651376146789,0.9907407407407407,0.9861751152073732,0.9992283950617284,0.9992664982493463
HCV,RF,V2,utama,43,0.9907407407407407,0.9907407407407407,0.9907407407407407,0.9907407407407407,0.9907407407407407,0.9999142661179699,0.9999150526673461
HCV,RF,V2,utama,44,0.9629629629629629,0.962962962962963,0.9545454545454546,0.9722222222222222,0.963302752293578,0.9960562414266119,0.9960481511224802
HCV,RF,V2,utama,45,0.9398148148148148,0.9398148148148149,0.9439252336448598,0.9351851851851852,0.9395348837209302,0.9907836076817558,0.9913429651046959
HCV,RF,V2,utama,46,0.9861111111111112,0.9861111111111112,0.972972972972973,1.0,0.9863013698630136,0.9997856652949245,0.9997427836520519
HCV,RF,V2,utama,47,0.9861111111111112,0.9861111111111112,0.972972972972973,1.0,0.9863013698630136,0.9988854595336077,0.9988562794621899
HCV,RF,V2,utama,48,0.9814814814814815,0.9814814814814814,0.9642857142857143,1.0,0.9818181818181818,0.9996141975308641,0.999583578287282
HCV,RF,V2,utama,49,0.9814814814814815,0.9814814814814814,0.9905660377358491,0.9722222222222222,0.9813084112149533,0.999014060356653,0.9989964308382172
HCV,RF,V2b,utama,0,0.967479674796748,0.9814814814814814,0.7894736842105263,1.0,0.8823529411764706,1.0,1.0
HCV,RF,V2b,utama,1,0.975609756097561,0.9861111111111112,0.8333333333333334,1.0,0.9090909090909091,0.9981481481481481,0.9877124183006536
HCV,RF,V2b,utama,2,0.991869918699187,0.9953703703703703,0.9375,1.0,0.967741935483871,1.0,1.0
HCV,RF,V2b,utama,3,0.926829268292683,0.9296296296296296,0.6363636363636364,0.9333333333333333,0.7567567567567568,0.987037037037037,0.9334365325077398
HCV,RF,V2b,utama,4,0.983739837398374,0.9907407407407407,0.8823529411764706,1.0,0.9375,1.0,1.0
HCV,RF,V2b,utama,5,0.967479674796748,0.9814814814814814,0.7894736842105263,1.0,0.8823529411764706,0.9981481481481481,0.9866269841269841
HCV,RF,V2b,utama,6,0.9512195121951219,0.9722222222222222,0.7142857142857143,1.0,0.8333333333333334,1.0,1.0
HCV,RF,V2b,utama,7,0.983739837398374,0.9907407407407407,0.8823529411764706,1.0,0.9375,0.9993827160493827,0.9958333333333333
HCV,RF,V2b,utama,8,0.943089430894309,0.9388888888888889,0.7,0.9333333333333333,0.8,0.9925925925925926,0.9595893719806763
HCV,RF,V2b,utama,9,0.975609756097561,0.9861111111111112,0.8333333333333334,1.0,0.9090909090909091,0.9990740740740741,0.9921568627450981
HCV,RF,V2b,utama,10,0.975609756097561,0.9861111111111112,0.8333333333333334,1.0,0.9090909090909091,1.0,0.9999999999999999
HCV,RF,V2b,utama,11,0.9349593495934959,0.9342592592592593,0.6666666666666666,0.9333333333333333,0.7777777777777778,0.9907407407407407,0.9569800569800571
HCV,RF,V2b,utama,12,0.991869918699187,0.9953703703703703,0.9375,1.0,0.967741935483871,1.0,1.0
HCV,RF,V2b,utama,13,0.975609756097561,0.9861111111111112,0.8333333333333334,1.0,0.9090909090909091,0.9993827160493828,0.9958333333333333
HCV,RF,V2b,utama,14,0.9512195121951219,0.9148148148148147,0.7647058823529411,0.8666666666666667,0.8125,0.9904320987654323,0.9361087061087061
HCV,RF,V2b,utama,15,0.991869918699187,0.9953703703703703,0.9375,1.0,0.967741935483871,1.0,1.0
HCV,RF,V2b,utama,16,0.991869918699187,0.9953703703703703,0.9375,1.0,0.967741935483871,1.0,1.0
HCV,RF,V2b,utama,17,0.975609756097561,0.9861111111111112,0.8333333333333334,1.0,0.9090909090909091,0.9999999999999999,1.0
HCV,RF,V2b,utama,18,0.967479674796748,0.9814814814814814,0.7894736842105263,1.0,0.8823529411764706,0.9932098765432099,0.9519983233141127
HCV,RF,V2b,utama,19,0.9349593495934959,0.9342592592592593,0.6666666666666666,0.9333333333333333,0.7777777777777778,0.9925925925925926,0.9703703703703703
HCV,RF,V2b,utama,20,0.975609756097561,0.9861111111111112,0.8333333333333334,1.0,0.9090909090909091,0.9993827160493828,0.9958333333333333
HCV,RF,V2b,utama,21,0.991869918699187,0.9666666666666667,1.0,0.9333333333333333,0.9655172413793104,0.9981481481481481,0.9888888888888889
HCV,RF,V2b,utama,22,0.975609756097561,0.9861111111111112,0.8333333333333334,1.0,0.9090909090909091,0.9993827160493827,0.9958333333333333
HCV,RF,V2b,utama,23,0.967479674796748,0.9814814814814814,0.7894736842105263,1.0,0.8823529411764706,1.0,1.0
HCV,RF,V2b,utama,24,0.967479674796748,0.9814814814814814,0.7894736842105263,1.0,0.8823529411764706,0.9993827160493827,0.9958333333333333
HCV,RF,V2b,utama,25,0.967479674796748,0.9814814814814814,0.7894736842105263,1.0,0.8823529411764706,1.0,1.0
HCV,RF,V2b,utama,26,0.967479674796748,0.9814814814814814,0.7894736842105263,1.0,0.8823529411764706,0.9990740740740741,0.9921568627450981
HCV,RF,V2b,utama,27,1.0,1.0,1.0,1.0,1.0,1.0,1.0
HCV,RF,V2b,utama,28,0.975609756097561,0.9574074074074075,0.875,0.9333333333333333,0.9032258064516129,0.9944444444444445,0.975
HCV,RF,V2b,utama,29,0.943089430894309,0.9675925925925926,0.6818181818181818,1.0,0.8108108108108109,0.995679012345679,0.9689987789987791
HCV,RF,V2b,utama,30,0.967479674796748,0.9814814814814814,0.7894736842105263,1.0,0.8823529411764706,0.9975308641975308,0.9859649122807017
HCV,RF,V2b,utama,31,0.983739837398374,0.9907407407407407,0.8823529411764706,1.0,0.9375,0.9975308641975308,0.9838235294117645
HCV,RF,V2b,utama,32,0.967479674796748,0.9814814814814814,0.7894736842105263,1.0,0.8823529411764706,1.0,1.0
HCV,RF,V2b,utama,33,0.975609756097561,0.9861111111111112,0.8333333333333334,1.0,0.9090909090909091,1.0,1.0
HCV,RF,V2b,utama,34,0.975609756097561,0.9574074074074075,0.875,0.9333333333333333,0.9032258064516129,0.9981481481481482,0.9888888888888889
HCV,RF,V2b,utama,35,0.926829268292683,0.9583333333333333,0.625,1.0,0.7692307692307693,0.9962962962962963,0.9809523809523808
HCV,RF,V2b,utama,36,0.983739837398374,0.9907407407407407,0.8823529411764706,1.0,0.9375,1.0,1.0
HCV,RF,V2b,utama,37,0.975609756097561,0.9574074074074075,0.875,0.9333333333333333,0.9032258064516129,0.9969135802469137,0.9833333333333334
HCV,RF,V2b,utama,38,0.983739837398374,0.962037037037037,0.9333333333333333,0.9333333333333333,0.9333333333333333,0.9993827160493827,0.9958333333333333
HCV,RF,V2b,utama,39,0.967479674796748,0.9814814814814814,0.7894736842105263,1.0,0.8823529411764706,0.9987654320987654,0.9913888888888889
HCV,RF,V2b,utama,40,0.975609756097561,0.9574074074074075,0.875,0.9333333333333333,0.9032258064516129,0.9978395061728395,0.9859649122807017
HCV,RF,V2b,utama,41,1.0,1.0,1.0,1.0,1.0,1.0,1.0
HCV,RF,V2b,utama,42,0.959349593495935,0.9768518518518519,0.75,1.0,0.8571428571428571,1.0,1.0
HCV,RF,V2b,utama,43,0.959349593495935,0.9768518518518519,0.75,1.0,0.8571428571428571,0.9962962962962962,0.9771241830065358
HCV,RF,V2b,utama,44,0.967479674796748,0.9814814814814814,0.7894736842105263,1.0,0.8823529411764706,0.9975308641975308,0.9838235294117647
HCV,RF,V2b,utama,45,0.975609756097561,0.9861111111111112,0.8333333333333334,1.0,0.9090909090909091,0.9999999999999999,1.0
HCV,RF,V2b,utama,46,0.967479674796748,0.9814814814814814,0.7894736842105263,1.0,0.8823529411764706,0.9993827160493827,0.9958333333333333
HCV,RF,V2b,utama,47,0.991869918699187,0.9666666666666667,1.0,0.9333333333333333,0.9655172413793104,0.9990740740740741,0.9921568627450981
HCV,RF,V2b,utama,48,0.9512195121951219,0.9722222222222222,0.7142857142857143,1.0,0.8333333333333334,1.0,1.0
HCV,RF,V2b,utama,49,0.967479674796748,0.9814814814814814,0.7894736842105263,1.0,0.8823529411764706,0.9987654320987654,0.9913888888888889
HCV,RF,V3,utama,0,0.975609756097561,0.9861111111111112,0.8333333333333334,1.0,0.9090909090909091,1.0,1.0
HCV,RF,V3,utama,1,0.967479674796748,0.9527777777777777,0.8235294117647058,0.9333333333333333,0.875,0.9919753086419753,0.9476814035637565
HCV,RF,V3,utama,2,0.975609756097561,0.9,1.0,0.8,0.8888888888888888,0.9861111111111112,0.9372685185185186
HCV,RF,V3,utama,3,0.9349593495934959,0.8481481481481481,0.7333333333333333,0.7333333333333333,0.7333333333333333,0.9679012345679012,0.8206356801093643
HCV,RF,V3,utama,4,0.975609756097561,0.9574074074074075,0.875,0.9333333333333333,0.9032258064516129,0.9796296296296296,0.9541666666666666
HCV,RF,V3,utama,5,0.9512195121951219,0.9148148148148147,0.7647058823529411,0.8666666666666667,0.8125,0.9623456790123457,0.9029401154401153
HCV,RF,V3,utama,6,0.967479674796748,0.9527777777777777,0.8235294117647058,0.9333333333333333,0.875,0.9901234567901234,0.9287709311622356
HCV,RF,V3,utama,7,0.975609756097561,0.9574074074074075,0.875,0.9333333333333333,0.9032258064516129,0.9981481481481481,0.9888888888888889
HCV,RF,V3,utama,8,0.975609756097561,0.9287037037037037,0.9285714285714286,0.8666666666666667,0.896551724137931,0.9740740740740741,0.9257391304347826
HCV,RF,V3,utama,9,0.9512195121951219,0.9435185185185185,0.7368421052631579,0.9333333333333333,0.8235294117647058,0.9925925925925925,0.955170581052934
HCV,RF,V3,utama,10,0.967479674796748,0.9527777777777777,0.8235294117647058,0.9333333333333333,0.875,0.9925925925925926,0.9537420096243625
HCV,RF,V3,utama,11,0.9349593495934959,0.9055555555555556,0.6842105263157895,0.8666666666666667,0.7647058823529411,0.9842592592592593,0.9220673962053272
HCV,RF,V3,utama,12,0.9512195121951219,0.8861111111111111,0.8,0.8,0.8,0.9598765432098766,0.9128968253968253
HCV,RF,V3,utama,13,0.967479674796748,0.924074074074074,0.8666666666666667,0.8666666666666667,0.8666666666666667,0.9953703703703703,0.9711500974658869
HCV,RF,V3,utama,14,0.9512195121951219,0.8861111111111111,0.8,0.8,0.8,0.9666666666666667,0.8613502359154532
HCV,RF,V3,utama,15,0.983739837398374,0.9907407407407407,0.8823529411764706,1.0,0.9375,0.9987654320987654,0.9916666666666667
HCV,RF,V3,utama,16,0.975609756097561,0.9287037037037037,0.9285714285714286,0.8666666666666667,0.896551724137931,0.9901234567901235,0.9538437597261127
HCV,RF,V3,utama,17,0.959349593495935,0.8907407407407408,0.8571428571428571,0.8,0.8275862068965517,0.9895061728395061,0.9109706472864367
HCV,RF,V3,utama,18,0.9512195121951219,0.8861111111111111,0.8,0.8,0.8,0.9657407407407408,0.8736115930852772
HCV,RF,V3,utama,19,0.9512195121951219,0.9435185185185185,0.7368421052631579,0.9333333333333333,0.8235294117647058,0.9882716049382716,0.9524961597542243
HCV,RF,V3,utama,20,0.959349593495935,0.9481481481481482,0.7777777777777778,0.9333333333333333,0.8484848484848485,0.9728395061728395,0.930197036079389
HCV,RF,V3,utama,21,0.983739837398374,0.9333333333333333,1.0,0.8666666666666667,0.9285714285714286,0.9691358024691358,0.9263322884012539
HCV,RF,V3,utama,22,0.959349593495935,0.8907407407407408,0.8571428571428571,0.8,0.8275862068965517,0.987037037037037,0.9293792879470628
HCV,RF,V3,utama,23,0.959349593495935,0.9481481481481482,0.7777777777777778,0.9333333333333333,0.8484848484848485,0.9907407407407408,0.9336036186036185
HCV,RF,V3,utama,24,0.959349593495935,0.9481481481481482,0.7777777777777778,0.9333333333333333,0.8484848484848485,0.9910493827160494,0.9336036186036185
HCV,RF,V3,utama,25,0.975609756097561,0.9574074074074075,0.875,0.9333333333333333,0.9032258064516129,0.9962962962962962,0.9788888888888889
HCV,RF,V3,utama,26,0.967479674796748,0.9527777777777777,0.8235294117647058,0.9333333333333333,0.875,0.9888888888888888,0.9118894177717707
HCV,RF,V3,utama,27,0.975609756097561,0.9287037037037037,0.9285714285714286,0.8666666666666667,0.896551724137931,0.9589506172839507,0.9238736395120899
HCV,RF,V3,utama,28,0.9512195121951219,0.9435185185185185,0.7368421052631579,0.9333333333333333,0.8235294117647058,0.9888888888888889,0.9563850486431131
HCV,RF,V3,utama,29,0.926829268292683,0.8722222222222222,0.6666666666666666,0.8,0.7272727272727273,0.9648148148148148,0.8333006606314877
HCV,RF,V3,utama,30,0.943089430894309,0.9388888888888889,0.7,0.9333333333333333,0.8,0.995679012345679,0.9787878787878788
HCV,RF,V3,utama,31,0.959349593495935,0.8907407407407408,0.8571428571428571,0.8,0.8275862068965517,0.9648148148148148,0.8957603413535616
HCV,RF,V3,utama,32,0.967479674796748,0.9527777777777777,0.8235294117647058,0.9333333333333333,0.875,0.9962962962962962,0.9788888888888889
HCV,RF,V3,utama,33,0.967479674796748,0.9527777777777777,0.8235294117647058,0.9333333333333333,0.875,0.991358024691358,0.9439499389499388
HCV,RF,V3,utama,34,0.943089430894309,0.8527777777777777,0.7857142857142857,0.7333333333333333,0.7586206896551724,0.9783950617283951,0.9007770785659802
HCV,RF,V3,utama,35,0.9186991869918699,0.8962962962962964,0.6190476190476191,0.8666666666666667,0.7222222222222222,0.9746913580246913,0.9067134674111418
HCV,RF,V3,utama,36,0.9512195121951219,0.9148148148148147,0.7647058823529411,0.8666666666666667,0.8125,0.9638888888888889,0.8607563732563732
HCV,RF,V3,utama,37,0.983739837398374,0.962037037037037,0.9333333333333333,0.9333333333333333,0.9333333333333333,0.9888888888888889,0.9479259820639131
HCV,RF,V3,utama,38,0.983739837398374,0.962037037037037,0.9333333333333333,0.9333333333333333,0.9333333333333333,0.9962962962962962,0.9767585630743525
HCV,RF,V3,utama,39,0.9512195121951219,0.9435185185185185,0.7368421052631579,0.9333333333333333,0.8235294117647058,0.9845679012345679,0.8905276783137195
HCV,RF,V3,utama,40,0.959349593495935,0.8907407407407408,0.8571428571428571,0.8,0.8275862068965517,0.9725308641975309,0.918611111111111
HCV,RF,V3,utama,41,0.975609756097561,0.9,1.0,0.8,0.8888888888888888,0.9685185185185186,0.9484848484848485
HCV,RF,V3,utama,42,0.943089430894309,0.9388888888888889,0.7,0.9333333333333333,0.8,0.987037037037037,0.9251899951899951
HCV,RF,V3,utama,43,0.967479674796748,0.8953703703703704,0.9230769230769231,0.8,0.8571428571428571,0.9932098765432098,0.9592975651799182
HCV,RF,V3,utama,44,0.943089430894309,0.9388888888888889,0.7,0.9333333333333333,0.8,0.9882716049382716,0.9080120913944443
HCV,RF,V3,utama,45,0.975609756097561,0.9287037037037037,0.9285714285714286,0.8666666666666667,0.896551724137931,0.9790123456790124,0.9415146909827761
HCV,RF,V3,utama,46,0.983739837398374,0.9907407407407407,0.8823529411764706,1.0,0.9375,0.9969135802469136,0.9778223084105436
HCV,RF,V3,utama,47,0.975609756097561,0.9,1.0,0.8,0.8888888888888888,0.9953703703703703,0.9687426900584795
HCV,RF,V3,utama,48,0.967479674796748,0.8953703703703704,0.9230769230769231,0.8,0.8571428571428571,0.9864197530864197,0.9319444444444444
HCV,RF,V3,utama,49,0.959349593495935,0.9481481481481482,0.7777777777777778,0.9333333333333333,0.8484848484848485,0.9768518518518519,0.9106962501643353
HCV,RF,V4,utama,0,0.9861111111111112,0.9861111111111112,0.981651376146789,0.9907407407407407,0.9861751152073732,0.999485596707819,0.999497043154018
HCV,RF,V4,utama,1,0.9768518518518519,0.9768518518518519,0.9724770642201835,0.9814814814814815,0.9769585253456221,0.9983710562414266,0.9982738401362677
HCV,RF,V4,utama,2,0.9814814814814815,0.9814814814814815,0.9814814814814815,0.9814814814814815,0.9814814814814815,0.9993998628257887,0.9994167869167869
HCV,RF,V4,utama,3,0.9583333333333334,0.9583333333333334,0.9380530973451328,0.9814814814814815,0.9592760180995475,0.9967421124828533,0.9969413522218341
HCV,RF,V4,utama,4,0.9814814814814815,0.9814814814814815,0.9814814814814815,0.9814814814814815,0.9814814814814815,0.999014060356653,0.9990200679665452
HCV,RF,V4,utama,5,0.9907407407407407,0.9907407407407407,0.9907407407407407,0.9907407407407407,0.9907407407407407,0.9992712620027434,0.9992756965138829
HCV,RF,V4,utama,6,0.9583333333333334,0.9583333333333333,0.9541284403669725,0.9629629629629629,0.9585253456221198,0.9958419067215364,0.9960731797967146
HCV,RF,V4,utama,7,0.9722222222222222,0.9722222222222222,0.9636363636363636,0.9814814814814815,0.9724770642201835,0.9990140603566529,0.9989978119960248
HCV,RF,V4,utama,8,0.9722222222222222,0.9722222222222222,0.9722222222222222,0.9722222222222222,0.9722222222222222,0.9988425925925927,0.9988402381378045
HCV,RF,V4,utama,9,0.9907407407407407,0.9907407407407407,0.9818181818181818,1.0,0.9908256880733946,0.9991855281207133,0.9991358254183242
HCV,RF,V4,utama,10,0.9814814814814815,0.9814814814814814,0.9642857142857143,1.0,0.9818181818181818,0.9998285322359396,0.9998316498316498
HCV,RF,V4,utama,11,0.9814814814814815,0.9814814814814814,0.9727272727272728,0.9907407407407407,0.981651376146789,0.9985425240054869,0.9985370303174326
HCV,RF,V4,utama,12,0.9814814814814815,0.9814814814814814,0.9905660377358491,0.9722222222222222,0.9813084112149533,0.9985425240054869,0.9985764896188443
HCV,RF,V4,utama,13,0.9768518518518519,0.9768518518518519,0.9557522123893806,1.0,0.9773755656108597,0.9991855281207134,0.9991141405716226
HCV,RF,V4,utama,14,0.9537037037037037,0.9537037037037037,0.9803921568627451,0.9259259259259259,0.9523809523809523,0.9933127572016461,0.9936586819456421
HCV,RF,V4,utama,15,0.9675925925925926,0.9675925925925926,0.963302752293578,0.9722222222222222,0.967741935483871,0.9978995198902607,0.9979497904300789
HCV,RF,V4,utama,16,0.9953703703703703,0.9953703703703703,1.0,0.9907407407407407,0.9953488372093023,0.9995284636488341,0.999512670565302
HCV,RF,V4,utama,17,0.9722222222222222,0.9722222222222222,0.9722222222222222,0.9722222222222222,0.9722222222222222,0.9980281207133059,0.9980172269791799
HCV,RF,V4,utama,18,0.9629629629629629,0.962962962962963,0.9464285714285714,0.9814814814814815,0.9636363636363636,0.9969993141289438,0.9971330608367507
HCV,RF,V4,utama,19,0.9953703703703703,0.9953703703703703,0.9908256880733946,1.0,0.9953917050691244,0.9999142661179699,0.9999150526673463
HCV,RF,V4,utama,20,0.9814814814814815,0.9814814814814815,0.9814814814814815,0.9814814814814815,0.9814814814814815,0.9987997256515775,0.998761902455365
HCV,RF,V4,utama,21,0.9814814814814815,0.9814814814814814,0.9905660377358491,0.9722222222222222,0.9813084112149533,0.9971707818930041,0.9974460738368611
HCV,RF,V4,utama,22,0.9675925925925926,0.9675925925925926,0.9469026548672567,0.9907407407407407,0.9683257918552036,0.9984567901234568,0.9984754931349799
HCV,RF,V4,utama,23,0.9768518518518519,0.9768518518518519,0.9724770642201835,0.9814814814814815,0.9769585253456221,0.9984567901234568,0.9985004655434013
HCV,RF,V4,utama,24,0.9907407407407407,0.9907407407407407,1.0,0.9814814814814815,0.9906542056074766,0.9996570644718793,0.9996617551663424
HCV,RF,V4,utama,25,0.9861111111111112,0.9861111111111112,0.9906542056074766,0.9814814814814815,0.986046511627907,0.9996141975308642,0.9995720293139096
HCV,RF,V4,utama,26,0.9768518518518519,0.9768518518518519,0.9904761904761905,0.9629629629629629,0.9765258215962441,0.9987997256515775,0.9988200125774875
HCV,RF,V4,utama,27,0.9675925925925926,0.9675925925925926,0.9469026548672567,0.9907407407407407,0.9683257918552036,0.9992283950617284,0.9992641238993595
HCV,RF,V4,utama,28,0.9768518518518519,0.9768518518518519,0.963963963963964,0.9907407407407407,0.9771689497716894,0.998070987654321,0.9980228493858974
HCV,RF,V4,utama,29,0.9490740740740741,0.9490740740740741,0.944954128440367,0.9537037037037037,0.9493087557603687,0.9936985596707818,0.9943582930863406
HCV,RF,V4,utama,30,0.9814814814814815,0.9814814814814814,0.9642857142857143,1.0,0.9818181818181818,0.9993569958847737,0.9993215082300552
HCV,RF,V4,utama,31,0.9768518518518519,0.9768518518518519,0.9724770642201835,0.9814814814814815,0.9769585253456221,0.9986282578875172,0.9986352445874107
HCV,RF,V4,utama,32,0.9861111111111112,0.9861111111111112,0.981651376146789,0.9907407407407407,0.9861751152073732,0.9987997256515775,0.9988844815675385
HCV,RF,V4,utama,33,0.9722222222222222,0.9722222222222222,0.9722222222222222,0.9722222222222222,0.9722222222222222,0.9987139917695473,0.9987598547240877
HCV,RF,V4,utama,34,0.9907407407407407,0.9907407407407407,1.0,0.9814814814814815,0.9906542056074766,0.9988854595336077,0.998962791759402
HCV,RF,V4,utama,35,0.9675925925925926,0.9675925925925926,0.9719626168224299,0.9629629629629629,0.9674418604651163,0.9975137174211248,0.9975258362774437
HCV,RF,V4,utama,36,0.9814814814814815,0.9814814814814814,0.9727272727272728,0.9907407407407407,0.981651376146789,0.9991426611796983,0.9991736101795128
HCV,RF,V4,utama,37,0.9722222222222222,0.9722222222222222,0.9636363636363636,0.9814814814814815,0.9724770642201835,0.9992283950617284,0.9992566312625311
HCV,RF,V4,utama,38,0.9537037037037037,0.9537037037037037,0.9454545454545454,0.9629629629629629,0.9541284403669725,0.9950703017832647,0.9954036344694492
HCV,RF,V4,utama,39,0.9861111111111112,0.9861111111111112,0.972972972972973,1.0,0.9863013698630136,0.9999142661179699,0.9999150526673463
HCV,RF,V4,utama,40,0.9722222222222222,0.9722222222222222,0.9722222222222222,0.9722222222222222,0.9722222222222222,0.9976423182441702,0.9976924331976799
HCV,RF,V4,utama,41,0.9814814814814815,0.9814814814814814,0.9727272727272728,0.9907407407407407,0.981651376146789,0.999056927297668,0.9990570917619352
HCV,RF,V4,utama,42,0.9861111111111112,0.9861111111111112,0.981651376146789,0.9907407407407407,0.9861751152073732,0.9992283950617284,0.9992664982493463
HCV,RF,V4,utama,43,0.9861111111111112,0.9861111111111112,0.981651376146789,0.9907407407407407,0.9861751152073732,0.9996570644718793,0.9995902982628646
HCV,RF,V4,utama,44,0.9629629629629629,0.962962962962963,0.9545454545454546,0.9722222222222222,0.963302752293578,0.9960562414266119,0.9960481511224802
HCV,RF,V4,utama,45,0.9398148148148148,0.9398148148148149,0.9439252336448598,0.9351851851851852,0.9395348837209302,0.9907836076817558,0.9913429651046959
HCV,RF,V4,utama,46,0.9861111111111112,0.9861111111111112,0.972972972972973,1.0,0.9863013698630136,0.9997856652949245,0.9997427836520519
HCV,RF,V4,utama,47,0.9861111111111112,0.9861111111111112,0.972972972972973,1.0,0.9863013698630136,0.9988854595336077,0.9988562794621899
HCV,RF,V4,utama,48,0.9814814814814815,0.9814814814814814,0.9642857142857143,1.0,0.9818181818181818,0.9996141975308641,0.999583578287282
HCV,RF,V4,utama,49,0.9814814814814815,0.9814814814814814,0.9905660377358491,0.9722222222222222,0.9813084112149533,0.999014060356653,0.9989964308382172
HCV,RF,V4b,utama,0,0.967479674796748,0.9814814814814814,0.7894736842105263,1.0,0.8823529411764706,1.0,1.0
HCV,RF,V4b,utama,1,0.975609756097561,0.9861111111111112,0.8333333333333334,1.0,0.9090909090909091,0.9981481481481481,0.9877124183006536
HCV,RF,V4b,utama,2,0.991869918699187,0.9953703703703703,0.9375,1.0,0.967741935483871,1.0,1.0
HCV,RF,V4b,utama,3,0.926829268292683,0.9296296296296296,0.6363636363636364,0.9333333333333333,0.7567567567567568,0.987037037037037,0.9334365325077398
HCV,RF,V4b,utama,4,0.983739837398374,0.9907407407407407,0.8823529411764706,1.0,0.9375,1.0,1.0
HCV,RF,V4b,utama,5,0.967479674796748,0.9814814814814814,0.7894736842105263,1.0,0.8823529411764706,0.9981481481481481,0.9866269841269841
HCV,RF,V4b,utama,6,0.9512195121951219,0.9722222222222222,0.7142857142857143,1.0,0.8333333333333334,1.0,1.0
HCV,RF,V4b,utama,7,0.983739837398374,0.9907407407407407,0.8823529411764706,1.0,0.9375,0.9993827160493827,0.9958333333333333
HCV,RF,V4b,utama,8,0.943089430894309,0.9388888888888889,0.7,0.9333333333333333,0.8,0.9925925925925926,0.9595893719806763
HCV,RF,V4b,utama,9,0.975609756097561,0.9861111111111112,0.8333333333333334,1.0,0.9090909090909091,0.9990740740740741,0.9921568627450981
HCV,RF,V4b,utama,10,0.975609756097561,0.9861111111111112,0.8333333333333334,1.0,0.9090909090909091,1.0,0.9999999999999999
HCV,RF,V4b,utama,11,0.9349593495934959,0.9342592592592593,0.6666666666666666,0.9333333333333333,0.7777777777777778,0.9907407407407407,0.9569800569800571
HCV,RF,V4b,utama,12,0.991869918699187,0.9953703703703703,0.9375,1.0,0.967741935483871,1.0,1.0
HCV,RF,V4b,utama,13,0.975609756097561,0.9861111111111112,0.8333333333333334,1.0,0.9090909090909091,0.9993827160493828,0.9958333333333333
HCV,RF,V4b,utama,14,0.975609756097561,0.9861111111111112,0.8333333333333334,1.0,0.9090909090909091,0.9987654320987654,0.9913888888888889
HCV,RF,V4b,utama,15,0.991869918699187,0.9953703703703703,0.9375,1.0,0.967741935483871,1.0,1.0
HCV,RF,V4b,utama,16,0.991869918699187,0.9953703703703703,0.9375,1.0,0.967741935483871,1.0,1.0
HCV,RF,V4b,utama,17,0.975609756097561,0.9861111111111112,0.8333333333333334,1.0,0.9090909090909091,0.9999999999999999,1.0
HCV,RF,V4b,utama,18,0.967479674796748,0.9814814814814814,0.7894736842105263,1.0,0.8823529411764706,0.9932098765432099,0.9519983233141127
HCV,RF,V4b,utama,19,0.9349593495934959,0.9342592592592593,0.6666666666666666,0.9333333333333333,0.7777777777777778,0.9925925925925926,0.9703703703703703
HCV,RF,V4b,utama,20,0.975609756097561,0.9861111111111112,0.8333333333333334,1.0,0.9090909090909091,0.9993827160493828,0.9958333333333333
HCV,RF,V4b,utama,21,0.991869918699187,0.9666666666666667,1.0,0.9333333333333333,0.9655172413793104,0.9981481481481481,0.9888888888888889
HCV,RF,V4b,utama,22,0.975609756097561,0.9861111111111112,0.8333333333333334,1.0,0.9090909090909091,0.9993827160493827,0.9958333333333333
HCV,RF,V4b,utama,23,0.967479674796748,0.9814814814814814,0.7894736842105263,1.0,0.8823529411764706,1.0,1.0
HCV,RF,V4b,utama,24,0.967479674796748,0.9814814814814814,0.7894736842105263,1.0,0.8823529411764706,0.9993827160493827,0.9958333333333333
HCV,RF,V4b,utama,25,0.967479674796748,0.9814814814814814,0.7894736842105263,1.0,0.8823529411764706,1.0,1.0
HCV,RF,V4b,utama,26,0.967479674796748,0.9814814814814814,0.7894736842105263,1.0,0.8823529411764706,0.9990740740740741,0.9921568627450981
HCV,RF,V4b,utama,27,1.0,1.0,1.0,1.0,1.0,1.0,1.0
HCV,RF,V4b,utama,28,0.975609756097561,0.9574074074074075,0.875,0.9333333333333333,0.9032258064516129,0.9944444444444445,0.975
HCV,RF,V4b,utama,29,0.943089430894309,0.9675925925925926,0.6818181818181818,1.0,0.8108108108108109,0.995679012345679,0.9689987789987791
HCV,RF,V4b,utama,30,0.967479674796748,0.9814814814814814,0.7894736842105263,1.0,0.8823529411764706,0.9975308641975308,0.9859649122807017
HCV,RF,V4b,utama,31,0.983739837398374,0.9907407407407407,0.8823529411764706,1.0,0.9375,0.9975308641975308,0.9838235294117645
HCV,RF,V4b,utama,32,0.967479674796748,0.9814814814814814,0.7894736842105263,1.0,0.8823529411764706,1.0,1.0
HCV,RF,V4b,utama,33,0.975609756097561,0.9861111111111112,0.8333333333333334,1.0,0.9090909090909091,1.0,1.0
HCV,RF,V4b,utama,34,0.975609756097561,0.9574074074074075,0.875,0.9333333333333333,0.9032258064516129,0.9981481481481482,0.9888888888888889
HCV,RF,V4b,utama,35,0.926829268292683,0.9583333333333333,0.625,1.0,0.7692307692307693,0.9962962962962963,0.9809523809523808
HCV,RF,V4b,utama,36,0.983739837398374,0.9907407407407407,0.8823529411764706,1.0,0.9375,1.0,1.0
HCV,RF,V4b,utama,37,0.975609756097561,0.9574074074074075,0.875,0.9333333333333333,0.9032258064516129,0.9969135802469137,0.9833333333333334
HCV,RF,V4b,utama,38,0.983739837398374,0.962037037037037,0.9333333333333333,0.9333333333333333,0.9333333333333333,0.9993827160493827,0.9958333333333333
HCV,RF,V4b,utama,39,0.967479674796748,0.9814814814814814,0.7894736842105263,1.0,0.8823529411764706,0.9987654320987654,0.9913888888888889
HCV,RF,V4b,utama,40,0.975609756097561,0.9574074074074075,0.875,0.9333333333333333,0.9032258064516129,0.9978395061728395,0.9859649122807017
HCV,RF,V4b,utama,41,1.0,1.0,1.0,1.0,1.0,1.0,1.0
HCV,RF,V4b,utama,42,0.959349593495935,0.9768518518518519,0.75,1.0,0.8571428571428571,1.0,1.0
HCV,RF,V4b,utama,43,0.959349593495935,0.9768518518518519,0.75,1.0,0.8571428571428571,0.9962962962962962,0.9771241830065358
HCV,RF,V4b,utama,44,0.967479674796748,0.9814814814814814,0.7894736842105263,1.0,0.8823529411764706,0.9975308641975308,0.9838235294117647
HCV,RF,V4b,utama,45,0.975609756097561,0.9861111111111112,0.8333333333333334,1.0,0.9090909090909091,0.9999999999999999,1.0
HCV,RF,V4b,utama,46,0.967479674796748,0.9814814814814814,0.7894736842105263,1.0,0.8823529411764706,0.9993827160493827,0.9958333333333333
HCV,RF,V4b,utama,47,0.991869918699187,0.9666666666666667,1.0,0.9333333333333333,0.9655172413793104,0.9990740740740741,0.9921568627450981
HCV,RF,V4b,utama,48,0.9512195121951219,0.9722222222222222,0.7142857142857143,1.0,0.8333333333333334,1.0,1.0
HCV,RF,V4b,utama,49,0.967479674796748,0.9814814814814814,0.7894736842105263,1.0,0.8823529411764706,0.9987654320987654,0.9913888888888889
HCV,GB,V1,utama,0,0.967479674796748,0.9527777777777777,0.8235294117647058,0.9333333333333333,0.875,0.9962962962962962,0.9809523809523809
HCV,GB,V1,utama,1,0.9186991869918699,0.925,0.6086956521739131,0.9333333333333333,0.7368421052631579,0.9790123456790124,0.8948356780125106
HCV,GB,V1,utama,2,0.967479674796748,0.9527777777777777,0.8235294117647058,0.9333333333333333,0.875,0.9777777777777779,0.936386485854571
HCV,GB,V1,utama,3,0.9349593495934959,0.9342592592592593,0.6666666666666666,0.9333333333333333,0.7777777777777778,0.9716049382716049,0.8516817278581985
HCV,GB,V1,utama,4,0.9349593495934959,0.9055555555555556,0.6842105263157895,0.8666666666666667,0.7647058823529411,0.941358024691358,0.9188948306595365
HCV,GB,V1,utama,5,0.967479674796748,0.924074074074074,0.8666666666666667,0.8666666666666667,0.8666666666666667,0.9685185185185186,0.9252950752950753
HCV,GB,V1,utama,6,0.9512195121951219,0.9435185185185185,0.7368421052631579,0.9333333333333333,0.8235294117647058,0.9901234567901235,0.9594827586206897
HCV,GB,V1,utama,7,0.991869918699187,0.9666666666666667,1.0,0.9333333333333333,0.9655172413793104,0.9888888888888889,0.9636363636363636
HCV,GB,V1,utama,8,0.9349593495934959,0.8481481481481481,0.7333333333333333,0.7333333333333333,0.7333333333333333,0.9314814814814815,0.8133149377117472
HCV,GB,V1,utama,9,0.926829268292683,0.8722222222222222,0.6666666666666666,0.8,0.7272727272727273,0.9827160493827161,0.8946938441675283
HCV,GB,V1,utama,10,0.983739837398374,0.9907407407407407,0.8823529411764706,1.0,0.9375,0.9962962962962963,0.9722667528549881
HCV,GB,V1,utama,11,0.9349593495934959,0.9055555555555556,0.6842105263157895,0.8666666666666667,0.7647058823529411,0.9808641975308643,0.9233862433862434
HCV,GB,V1,utama,12,0.959349593495935,0.9194444444444445,0.8125,0.8666666666666667,0.8387096774193549,0.9685185185185184,0.9374416433239963
HCV,GB,V1,utama,13,0.959349593495935,0.9481481481481482,0.7777777777777778,0.9333333333333333,0.8484848484848485,0.9839506172839506,0.937640056022409
HCV,GB,V1,utama,14,0.926829268292683,0.8148148148148148,0.7142857142857143,0.6666666666666666,0.6896551724137931,0.9746913580246914,0.8559125669651985
HCV,GB,V1,utama,15,0.983739837398374,0.9907407407407407,0.8823529411764706,1.0,0.9375,0.9993827160493827,0.9958333333333333
HCV,GB,V1,utama,16,0.9512195121951219,0.9435185185185185,0.7368421052631579,0.9333333333333333,0.8235294117647058,0.9796296296296297,0.9412457912457912
HCV,GB,V1,utama,17,0.967479674796748,0.8953703703703704,0.9230769230769231,0.8,0.8571428571428571,0.9938271604938272,0.9601831123812548
HCV,GB,V1,utama,18,0.9105691056910569,0.7768518518518519,0.6428571428571429,0.6,0.6206896551724138,0.9351851851851852,0.774934067996465
HCV,GB,V1,utama,19,0.9349593495934959,0.9342592592592593,0.6666666666666666,0.9333333333333333,0.7777777777777778,0.9481481481481481,0.9015527324057269
HCV,GB,V1,utama,20,0.967479674796748,0.924074074074074,0.8666666666666667,0.8666666666666667,0.8666666666666667,0.9462962962962962,0.9253139717425432
HCV,GB,V1,utama,21,0.975609756097561,0.9287037037037037,0.9285714285714286,0.8666666666666667,0.896551724137931,0.9740740740740741,0.9226600985221676
HCV,GB,V1,utama,22,0.926829268292683,0.9009259259259259,0.65,0.8666666666666667,0.7428571428571429,0.9783950617283951,0.8773113487819371
HCV,GB,V1,utama,23,0.9512195121951219,0.9722222222222222,0.7142857142857143,1.0,0.8333333333333334,0.9969135802469136,0.9833333333333332
HCV,GB,V1,utama,24,0.967479674796748,0.9527777777777777,0.8235294117647058,0.9333333333333333,0.875,0.9913580246913579,0.9600301659125188
HCV,GB,V1,utama,25,0.975609756097561,0.9574074074074075,0.875,0.9333333333333333,0.9032258064516129,0.9969135802469136,0.9815204678362572
HCV,GB,V1,utama,26,0.9512195121951219,0.9722222222222222,0.7142857142857143,1.0,0.8333333333333334,0.9932098765432098,0.9551003734827264
HCV,GB,V1,utama,27,0.959349593495935,0.9194444444444445,0.8125,0.8666666666666667,0.8387096774193549,0.9598765432098766,0.9037058497058497
HCV,GB,V1,utama,28,0.9349593495934959,0.9055555555555556,0.6842105263157895,0.8666666666666667,0.7647058823529411,0.9555555555555555,0.8898148148148148
HCV,GB,V1,utama,29,0.926829268292683,0.9009259259259259,0.65,0.8666666666666667,0.7428571428571429,0.9604938271604939,0.8900902255639097
HCV,GB,V1,utama,30,0.943089430894309,0.9101851851851852,0.7222222222222222,0.8666666666666667,0.7878787878787878,0.9851851851851852,0.9167012617012618
HCV,GB,V1,utama,31,0.9512195121951219,0.8861111111111111,0.8,0.8,0.8,0.9709876543209878,0.8608997365884022
HCV,GB,V1,utama,32,0.975609756097561,0.9861111111111112,0.8333333333333334,1.0,0.9090909090909091,0.9993827160493828,0.9958333333333333
HCV,GB,V1,utama,33,0.9512195121951219,0.9148148148148147,0.7647058823529411,0.8666666666666667,0.8125,0.9814814814814815,0.9219306184012066
HCV,GB,V1,utama,34,0.926829268292683,0.8435185185185186,0.6875,0.7333333333333333,0.7096774193548387,0.9685185185185186,0.8972709551656919
HCV,GB,V1,utama,35,0.9349593495934959,0.9342592592592593,0.6666666666666666,0.9333333333333333,0.7777777777777778,0.9660493827160495,0.8949925074925075
HCV,GB,V1,utama,36,0.9349593495934959,0.7907407407407407,0.8181818181818182,0.6,0.6923076923076923,0.9376543209876543,0.7894552816492342
HCV,GB,V1,utama,37,0.9349593495934959,0.8768518518518519,0.7058823529411765,0.8,0.75,0.9320987654320989,0.8858994581254358
HCV,GB,V1,utama,38,0.967479674796748,0.9527777777777777,0.8235294117647058,0.9333333333333333,0.875,0.9858024691358025,0.9527777777777777
HCV,GB,V1,utama,39,0.959349593495935,0.9194444444444445,0.8125,0.8666666666666667,0.8387096774193549,0.991358024691358,0.9554232804232804
HCV,GB,V1,utama,40,0.959349593495935,0.9194444444444445,0.8125,0.8666666666666667,0.8387096774193549,0.9796296296296296,0.9324379324379324
HCV,GB,V1,utama,41,0.967479674796748,0.8666666666666667,1.0,0.7333333333333333,0.8461538461538461,0.9876543209876543,0.9420342920545759
HCV,GB,V1,utama,42,0.9186991869918699,0.8962962962962964,0.6190476190476191,0.8666666666666667,0.7222222222222222,0.962962962962963,0.8345836347136788
HCV,GB,V1,utama,43,0.991869918699187,0.9666666666666667,1.0,0.9333333333333333,0.9655172413793104,0.9882716049382716,0.9627450980392157
HCV,GB,V1,utama,44,0.959349593495935,0.9768518518518519,0.75,1.0,0.8571428571428571,0.9993827160493828,0.9958333333333333
HCV,GB,V1,utama,45,0.967479674796748,0.924074074074074,0.8666666666666667,0.8666666666666667,0.8666666666666667,0.9777777777777779,0.9355555555555555
HCV,GB,V1,utama,46,0.967479674796748,0.9527777777777777,0.8235294117647058,0.9333333333333333,0.875,0.995679012345679,0.9716666666666667
HCV,GB,V1,utama,47,0.967479674796748,0.8953703703703704,0.9230769230769231,0.8,0.8571428571428571,0.9635802469135802,0.9261712711840588
HCV,GB,V1,utama,48,0.9512195121951219,0.9435185185185185,0.7368421052631579,0.9333333333333333,0.8235294117647058,0.9882716049382716,0.9471624971827811
HCV,GB,V1,utama,49,0.9105691056910569,0.8342592592592593,0.6111111111111112,0.7333333333333333,0.6666666666666666,0.9413580246913581,0.81798680110465
HCV,GB,V2,utama,0,0.9861111111111112,0.9861111111111112,0.981651376146789,0.9907407407407407,0.9861751152073732,0.9945130315500686,0.992859420516921
HCV,GB,V2,utama,1,0.9675925925925926,0.9675925925925926,0.9469026548672567,0.9907407407407407,0.9683257918552036,0.9969135802469136,0.996906738863112
HCV,GB,V2,utama,2,0.9861111111111112,0.9861111111111112,0.9906542056074766,0.9814814814814815,0.986046511627907,0.9986282578875172,0.9986520934933455
HCV,GB,V2,utama,3,0.9490740740740741,0.9490740740740741,0.9292035398230089,0.9722222222222222,0.9502262443438914,0.9952846364883402,0.99539865029532
HCV,GB,V2,utama,4,0.9861111111111112,0.9861111111111112,0.9906542056074766,0.9814814814814815,0.986046511627907,0.999056927297668,0.9990827446268211
HCV,GB,V2,utama,5,0.9814814814814815,0.9814814814814815,0.9814814814814815,0.9814814814814815,0.9814814814814815,0.999571330589849,0.9995798550844422
HCV,GB,V2,utama,6,0.9444444444444444,0.9444444444444444,0.9363636363636364,0.9537037037037037,0.944954128440367,0.993741426611797,0.9939806095864459
HCV,GB,V2,utama,7,0.9675925925925926,0.9675925925925926,0.954954954954955,0.9814814814814815,0.9680365296803652,0.9964849108367626,0.9963476889525974
HCV,GB,V2,utama,8,0.9675925925925926,0.9675925925925926,0.954954954954955,0.9814814814814815,0.9680365296803652,0.9978566529492455,0.9979738692158867
HCV,GB,V2,utama,9,0.9907407407407407,0.9907407407407407,0.9818181818181818,1.0,0.9908256880733946,0.9992283950617283,0.9992058687822831
HCV,GB,V2,utama,10,0.9861111111111112,0.9861111111111112,0.972972972972973,1.0,0.9863013698630136,0.9995713305898491,0.9995720293139096
HCV,GB,V2,utama,11,0.9768518518518519,0.9768518518518519,0.963963963963964,0.9907407407407407,0.9771689497716894,0.9982853223593964,0.9982345055300152
HCV,GB,V2,utama,12,0.9768518518518519,0.9768518518518519,0.9724770642201835,0.9814814814814815,0.9769585253456221,0.9983710562414266,0.998390928143113
HCV,GB,V2,utama,13,0.9768518518518519,0.9768518518518519,0.9557522123893806,1.0,0.9773755656108597,0.9995713305898491,0.9995720293139099
HCV,GB,V2,utama,14,0.9629629629629629,0.962962962962963,0.9807692307692307,0.9444444444444444,0.9622641509433962,0.9914266117969822,0.9927366009587846
HCV,GB,V2,utama,15,0.9768518518518519,0.9768518518518519,0.9813084112149533,0.9722222222222222,0.9767441860465116,0.997599451303155,0.9977938390367769
HCV,GB,V2,utama,16,0.9861111111111112,0.9861111111111112,0.981651376146789,0.9907407407407407,0.9861751152073732,0.9991426611796982,0.9991713081359342
HCV,GB,V2,utama,17,0.9768518518518519,0.9768518518518519,0.9813084112149533,0.9722222222222222,0.9767441860465116,0.9958847736625515,0.995880579269688
HCV,GB,V2,utama,18,0.9629629629629629,0.962962962962963,0.9545454545454546,0.9722222222222222,0.963302752293578,0.9921124828532236,0.9912590102310471
HCV,GB,V2,utama,19,0.9814814814814815,0.9814814814814814,0.9727272727272728,0.9907407407407407,0.981651376146789,0.9982853223593964,0.998529022606742
HCV,GB,V2,utama,20,0.9814814814814815,0.9814814814814815,0.9814814814814815,0.9814814814814815,0.9814814814814815,0.9981138545953361,0.9982313305932538
HCV,GB,V2,utama,21,0.9768518518518519,0.9768518518518519,0.9813084112149533,0.9722222222222222,0.9767441860465116,0.9963991769547325,0.9966775300243153
HCV,GB,V2,utama,22,0.9722222222222222,0.9722222222222222,0.9553571428571429,0.9907407407407407,0.9727272727272728,0.9987139917695473,0.9987405685013283
HCV,GB,V2,utama,23,0.9675925925925926,0.9675925925925926,0.963302752293578,0.9722222222222222,0.967741935483871,0.993312757201646,0.9925491951365547
HCV,GB,V2,utama,24,0.9861111111111112,0.9861111111111112,0.981651376146789,0.9907407407407407,0.9861751152073732,0.999485596707819,0.9994878685306325
HCV,GB,V2,utama,25,0.9861111111111112,0.9861111111111112,0.9906542056074766,0.9814814814814815,0.986046511627907,0.9990569272976682,0.9990926116136364
HCV,GB,V2,utama,26,0.9768518518518519,0.9768518518518519,0.9904761904761905,0.9629629629629629,0.9765258215962441,0.9986282578875171,0.9986930305348172
HCV,GB,V2,utama,27,0.9629629629629629,0.962962962962963,0.9385964912280702,0.9907407407407407,0.963963963963964,0.996656378600823,0.9967976278005408
HCV,GB,V2,utama,28,0.9768518518518519,0.9768518518518519,0.963963963963964,0.9907407407407407,0.9771689497716894,0.999056927297668,0.9991018098781732
HCV,GB,V2,utama,29,0.9629629629629629,0.962962962962963,0.9385964912280702,0.9907407407407407,0.963963963963964,0.9975137174211248,0.9976860862699621
HCV,GB,V2,utama,30,0.9814814814814815,0.9814814814814814,0.9642857142857143,1.0,0.9818181818181818,0.9994855967078189,0.9994933199511783
HCV,GB,V2,utama,31,0.9768518518518519,0.9768518518518519,0.9724770642201835,0.9814814814814815,0.9769585253456221,0.9965706447187928,0.9969421252405916
HCV,GB,V2,utama,32,0.9907407407407407,0.9907407407407407,0.9907407407407407,0.9907407407407407,0.9907407407407407,0.9994855967078189,0.9995126705653022
HCV,GB,V2,utama,33,0.9722222222222222,0.9722222222222222,0.9722222222222222,0.9722222222222222,0.9722222222222222,0.9970850480109739,0.9969999488651109
HCV,GB,V2,utama,34,0.9814814814814815,0.9814814814814814,0.9905660377358491,0.9722222222222222,0.9813084112149533,0.9983710562414266,0.9984978363001717
HCV,GB,V2,utama,35,0.9722222222222222,0.9722222222222222,0.9722222222222222,0.9722222222222222,0.9722222222222222,0.9981138545953361,0.9981833682993863
HCV,GB,V2,utama,36,0.9722222222222222,0.9722222222222222,0.9636363636363636,0.9814814814814815,0.9724770642201835,0.9965706447187929,0.9963872735061804
HCV,GB,V2,utama,37,0.9675925925925926,0.9675925925925926,0.954954954954955,0.9814814814814815,0.9680365296803652,0.9981995884773662,0.9982068702500997
HCV,GB,V2,utama,38,0.9490740740740741,0.9490740740740741,0.9532710280373832,0.9444444444444444,0.9488372093023256,0.9951989026063099,0.9954387449705987
HCV,GB,V2,utama,39,0.9907407407407407,0.9907407407407407,0.9818181818181818,1.0,0.9908256880733946,1.0,1.0000000000000002
HCV,GB,V2,utama,40,0.9583333333333334,0.9583333333333333,0.9714285714285714,0.9444444444444444,0.9577464788732394,0.9927126200274348,0.9917632474256558
HCV,GB,V2,utama,41,0.9768518518518519,0.9768518518518519,0.9724770642201835,0.9814814814814815,0.9769585253456221,0.9987997256515775,0.9988582156968273
HCV,GB,V2,utama,42,0.9814814814814815,0.9814814814814814,0.9727272727272728,0.9907407407407407,0.981651376146789,0.9994855967078189,0.9995126705653022
HCV,GB,V2,utama,43,0.9722222222222222,0.9722222222222222,0.9553571428571429,0.9907407407407407,0.9727272727272728,0.9982853223593964,0.9983582938133835
HCV,GB,V2,utama,44,0.9398148148148148,0.9398148148148148,0.9203539823008849,0.9629629629629629,0.9411764705882353,0.9905692729766804,0.9905988212034165
HCV,GB,V2,utama,45,0.9537037037037037,0.9537037037037037,0.9711538461538461,0.9351851851851852,0.9528301886792453,0.9892832647462277,0.9906050745277674
HCV,GB,V2,utama,46,0.9861111111111112,0.9861111111111112,0.972972972972973,1.0,0.9863013698630136,0.999571330589849,0.9995672487280894
HCV,GB,V2,utama,47,0.9814814814814815,0.9814814814814814,0.9727272727272728,0.9907407407407407,0.981651376146789,0.9980281207133059,0.9982024781385044
HCV,GB,V2,utama,48,0.9861111111111112,0.9861111111111112,0.981651376146789,0.9907407407407407,0.9861751152073732,0.9992283950617284,0.9992489358334968
HCV,GB,V2,utama,49,0.9814814814814815,0.9814814814814815,0.9814814814814815,0.9814814814814815,0.9814814814814815,0.9987997256515775,0.9988324004439163
HCV,GB,V2b,utama,0,0.983739837398374,0.9907407407407407,0.8823529411764706,1.0,0.9375,0.9993827160493827,0.9958333333333333
HCV,GB,V2b,utama,1,0.967479674796748,0.9814814814814814,0.7894736842105263,1.0,0.8823529411764706,0.9993827160493827,0.9958333333333333
HCV,GB,V2b,utama,2,0.991869918699187,0.9953703703703703,0.9375,1.0,0.967741935483871,0.9993827160493827,0.9958333333333333
HCV,GB,V2b,utama,3,0.9186991869918699,0.8962962962962964,0.6190476190476191,0.8666666666666667,0.7222222222222222,0.9716049382716049,0.8679857093466483
HCV,GB,V2b,utama,4,0.991869918699187,0.9953703703703703,0.9375,1.0,0.967741935483871,1.0,1.0
HCV,GB,V2b,utama,5,0.967479674796748,0.9814814814814814,0.7894736842105263,1.0,0.8823529411764706,1.0,1.0
HCV,GB,V2b,utama,6,0.9349593495934959,0.962962962962963,0.6521739130434783,1.0,0.7894736842105263,0.9944444444444445,0.9600141963299859
HCV,GB,V2b,utama,7,0.975609756097561,0.9861111111111112,0.8333333333333334,1.0,0.9090909090909091,1.0,1.0
HCV,GB,V2b,utama,8,0.9512195121951219,0.9435185185185185,0.7368421052631579,0.9333333333333333,0.8235294117647058,0.9888888888888889,0.9242657342657341
HCV,GB,V2b,utama,9,0.983739837398374,0.962037037037037,0.9333333333333333,0.9333333333333333,0.9333333333333333,0.9833333333333334,0.9571428571428571
HCV,GB,V2b,utama,10,0.975609756097561,0.9861111111111112,0.8333333333333334,1.0,0.9090909090909091,0.9993827160493827,0.9958333333333333
HCV,GB,V2b,utama,11,0.9186991869918699,0.8962962962962964,0.6190476190476191,0.8666666666666667,0.7222222222222222,0.9845679012345679,0.9300925925925927
HCV,GB,V2b,utama,12,0.983739837398374,0.9907407407407407,0.8823529411764706,1.0,0.9375,0.9993827160493827,0.9958333333333333
HCV,GB,V2b,utama,13,0.983739837398374,0.9907407407407407,0.8823529411764706,1.0,0.9375,0.9993827160493827,0.9958333333333333
HCV,GB,V2b,utama,14,0.959349593495935,0.9481481481481482,0.7777777777777778,0.9333333333333333,0.8484848484848485,0.9895061728395061,0.9445845004668534
HCV,GB,V2b,utama,15,0.983739837398374,0.9907407407407407,0.8823529411764706,1.0,0.9375,1.0,1.0
HCV,GB,V2b,utama,16,0.967479674796748,0.9814814814814814,0.7894736842105263,1.0,0.8823529411764706,1.0,1.0
HCV,GB,V2b,utama,17,0.967479674796748,0.9527777777777777,0.8235294117647058,0.9333333333333333,0.875,0.9925925925925927,0.9528371628371628
HCV,GB,V2b,utama,18,0.959349593495935,0.9481481481481482,0.7777777777777778,0.9333333333333333,0.8484848484848485,0.9901234567901235,0.9332766416589946
HCV,GB,V2b,utama,19,0.943089430894309,0.9388888888888889,0.7,0.9333333333333333,0.8,0.9950617283950617,0.9717460317460317
HCV,GB,V2b,utama,20,0.967479674796748,0.9527777777777777,0.8235294117647058,0.9333333333333333,0.875,0.9969135802469136,0.9796825396825397
HCV,GB,V2b,utama,21,0.991869918699187,0.9666666666666667,1.0,0.9333333333333333,0.9655172413793104,0.995679012345679,0.9787878787878788
HCV,GB,V2b,utama,22,0.9512195121951219,0.9722222222222222,0.7142857142857143,1.0,0.8333333333333334,0.9987654320987653,0.9921568627450981
HCV,GB,V2b,utama,23,0.9512195121951219,0.9435185185185185,0.7368421052631579,0.9333333333333333,0.8235294117647058,0.9925925925925926,0.9703703703703703
HCV,GB,V2b,utama,24,0.967479674796748,0.9814814814814814,0.7894736842105263,1.0,0.8823529411764706,0.9950617283950618,0.9595394801277153
HCV,GB,V2b,utama,25,0.975609756097561,0.9861111111111112,0.8333333333333334,1.0,0.9090909090909091,1.0,1.0
HCV,GB,V2b,utama,26,0.975609756097561,0.9861111111111112,0.8333333333333334,1.0,0.9090909090909091,0.9962962962962962,0.9757936507936508
HCV,GB,V2b,utama,27,0.983739837398374,0.962037037037037,0.9333333333333333,0.9333333333333333,0.9333333333333333,0.9901234567901235,0.9655913978494624
HCV,GB,V2b,utama,28,0.959349593495935,0.9481481481481482,0.7777777777777778,0.9333333333333333,0.8484848484848485,0.9938271604938271,0.9705555555555555
HCV,GB,V2b,utama,29,0.943089430894309,0.9675925925925926,0.6818181818181818,1.0,0.8108108108108109,0.9981481481481481,0.9877124183006536
HCV,GB,V2b,utama,30,0.926829268292683,0.9296296296296296,0.6363636363636364,0.9333333333333333,0.7567567567567568,0.987037037037037,0.9497685185185185
HCV,GB,V2b,utama,31,0.967479674796748,0.9527777777777777,0.8235294117647058,0.9333333333333333,0.875,0.9962962962962963,0.9776315789473684
HCV,GB,V2b,utama,32,0.9512195121951219,0.9435185185185185,0.7368421052631579,0.9333333333333333,0.8235294117647058,0.9907407407407408,0.9572751322751323
HCV,GB,V2b,utama,33,0.975609756097561,0.9861111111111112,0.8333333333333334,1.0,0.9090909090909091,1.0,1.0
HCV,GB,V2b,utama,34,0.967479674796748,0.9527777777777777,0.8235294117647058,0.9333333333333333,0.875,0.9944444444444445,0.9678571428571429
HCV,GB,V2b,utama,35,0.9186991869918699,0.9537037037037037,0.6,1.0,0.75,0.9950617283950618,0.9660748023905918
HCV,GB,V2b,utama,36,0.983739837398374,0.9907407407407407,0.8823529411764706,1.0,0.9375,0.9987654320987653,0.9913888888888889
HCV,GB,V2b,utama,37,0.983739837398374,0.962037037037037,0.9333333333333333,0.9333333333333333,0.9333333333333333,0.9975308641975309,0.9859649122807017
HCV,GB,V2b,utama,38,0.975609756097561,0.9574074074074075,0.875,0.9333333333333333,0.9032258064516129,0.9938271604938271,0.9684782608695652
HCV,GB,V2b,utama,39,0.967479674796748,0.9814814814814814,0.7894736842105263,1.0,0.8823529411764706,0.9993827160493827,0.9958333333333333
HCV,GB,V2b,utama,40,0.967479674796748,0.9527777777777777,0.8235294117647058,0.9333333333333333,0.875,0.9969135802469136,0.9833333333333333
HCV,GB,V2b,utama,41,1.0,1.0,1.0,1.0,1.0,1.0,1.0
HCV,GB,V2b,utama,42,0.943089430894309,0.9675925925925926,0.6818181818181818,1.0,0.8108108108108109,0.9950617283950617,0.967234073116426
HCV,GB,V2b,utama,43,0.943089430894309,0.9388888888888889,0.7,0.9333333333333333,0.8,0.9882716049382716,0.9454656646035956
HCV,GB,V2b,utama,44,0.967479674796748,0.9814814814814814,0.7894736842105263,1.0,0.8823529411764706,1.0,1.0
HCV,GB,V2b,utama,45,0.983739837398374,0.9907407407407407,0.8823529411764706,1.0,0.9375,1.0,1.0
HCV,GB,V2b,utama,46,0.943089430894309,0.9675925925925926,0.6818181818181818,1.0,0.8108108108108109,0.9944444444444445,0.9704545454545455
HCV,GB,V2b,utama,47,0.991869918699187,0.9666666666666667,1.0,0.9333333333333333,0.9655172413793104,0.9962962962962962,0.9809523809523808
HCV,GB,V2b,utama,48,0.9512195121951219,0.9722222222222222,0.7142857142857143,1.0,0.8333333333333334,1.0,1.0
HCV,GB,V2b,utama,49,0.9512195121951219,0.9435185185185185,0.7368421052631579,0.9333333333333333,0.8235294117647058,0.9938271604938272,0.9656926406926407
HCV,GB,V3,utama,0,0.967479674796748,0.9527777777777777,0.8235294117647058,0.9333333333333333,0.875,0.995679012345679,0.9787878787878788
HCV,GB,V3,utama,1,0.9349593495934959,0.9055555555555556,0.6842105263157895,0.8666666666666667,0.7647058823529411,0.9814814814814815,0.9361179361179361
HCV,GB,V3,utama,2,0.975609756097561,0.9287037037037037,0.9285714285714286,0.8666666666666667,0.896551724137931,0.989506172839506,0.9528265107212475
HCV,GB,V3,utama,3,0.943089430894309,0.9388888888888889,0.7,0.9333333333333333,0.8,0.954320987654321,0.8044684894321917
HCV,GB,V3,utama,4,0.9349593495934959,0.9055555555555556,0.6842105263157895,0.8666666666666667,0.7647058823529411,0.9456790123456791,0.9178846746839346
HCV,GB,V3,utama,5,0.943089430894309,0.9101851851851852,0.7222222222222222,0.8666666666666667,0.7878787878787878,0.9666666666666668,0.916781954887218
HCV,GB,V3,utama,6,0.9512195121951219,0.9435185185185185,0.7368421052631579,0.9333333333333333,0.8235294117647058,0.9901234567901235,0.9594827586206895
HCV,GB,V3,utama,7,0.983739837398374,0.9907407407407407,0.8823529411764706,1.0,0.9375,1.0,1.0
HCV,GB,V3,utama,8,0.967479674796748,0.924074074074074,0.8666666666666667,0.8666666666666667,0.8666666666666667,0.9660493827160493,0.9013771487864104
HCV,GB,V3,utama,9,0.959349593495935,0.9481481481481482,0.7777777777777778,0.9333333333333333,0.8484848484848485,0.9895061728395063,0.9518253968253967
HCV,GB,V3,utama,10,0.991869918699187,0.9953703703703703,0.9375,1.0,0.967741935483871,1.0,1.0
HCV,GB,V3,utama,11,0.9349593495934959,0.9342592592592593,0.6666666666666666,0.9333333333333333,0.7777777777777778,0.9827160493827161,0.9236949668838214
HCV,GB,V3,utama,12,0.967479674796748,0.9527777777777777,0.8235294117647058,0.9333333333333333,0.875,0.978395061728395,0.9293145743145743
HCV,GB,V3,utama,13,0.959349593495935,0.9481481481481482,0.7777777777777778,0.9333333333333333,0.8484848484848485,0.9962962962962963,0.9788888888888889
HCV,GB,V3,utama,14,0.9512195121951219,0.8861111111111111,0.8,0.8,0.8,0.9444444444444444,0.8997168692820866
HCV,GB,V3,utama,15,0.983739837398374,0.9907407407407407,0.8823529411764706,1.0,0.9375,0.9993827160493827,0.9958333333333333
HCV,GB,V3,utama,16,0.943089430894309,0.9388888888888889,0.7,0.9333333333333333,0.8,0.9771604938271604,0.9419767907162864
HCV,GB,V3,utama,17,0.975609756097561,0.9574074074074075,0.875,0.9333333333333333,0.9032258064516129,0.9907407407407407,0.9482539682539681
HCV,GB,V3,utama,18,0.943089430894309,0.8814814814814815,0.75,0.8,0.7741935483870968,0.9549382716049383,0.8630007558578987
HCV,GB,V3,utama,19,0.959349593495935,0.9481481481481482,0.7777777777777778,0.9333333333333333,0.8484848484848485,0.9888888888888889,0.953001277139208
HCV,GB,V3,utama,20,0.975609756097561,0.9574074074074075,0.875,0.9333333333333333,0.9032258064516129,0.9679012345679012,0.9403846153846154
HCV,GB,V3,utama,21,0.967479674796748,0.8953703703703704,0.9230769230769231,0.8,0.8571428571428571,0.9746913580246913,0.9180984555984556
HCV,GB,V3,utama,22,0.9349593495934959,0.9055555555555556,0.6842105263157895,0.8666666666666667,0.7647058823529411,0.9703703703703703,0.8946980428673792
HCV,GB,V3,utama,23,0.959349593495935,0.9481481481481482,0.7777777777777778,0.9333333333333333,0.8484848484848485,0.9962962962962963,0.9788888888888888
HCV,GB,V3,utama,24,0.959349593495935,0.9481481481481482,0.7777777777777778,0.9333333333333333,0.8484848484848485,0.9950617283950617,0.9726190476190475
HCV,GB,V3,utama,25,0.967479674796748,0.9527777777777777,0.8235294117647058,0.9333333333333333,0.875,0.9858024691358025,0.9596491228070174
HCV,GB,V3,utama,26,0.9512195121951219,0.9435185185185185,0.7368421052631579,0.9333333333333333,0.8235294117647058,0.995679012345679,0.9741269841269842
HCV,GB,V3,utama,27,0.959349593495935,0.9194444444444445,0.8125,0.8666666666666667,0.8387096774193549,0.9765432098765432,0.9269543464665415
HCV,GB,V3,utama,28,0.9512195121951219,0.9435185185185185,0.7368421052631579,0.9333333333333333,0.8235294117647058,0.9901234567901234,0.9458441558441557
HCV,GB,V3,utama,29,0.9186991869918699,0.8962962962962964,0.6190476190476191,0.8666666666666667,0.7222222222222222,0.9580246913580247,0.8854870509607351
HCV,GB,V3,utama,30,0.9512195121951219,0.9722222222222222,0.7142857142857143,1.0,0.8333333333333334,0.9962962962962963,0.9776315789473684
HCV,GB,V3,utama,31,0.967479674796748,0.8953703703703704,0.9230769230769231,0.8,0.8571428571428571,0.9833333333333333,0.9265626161278335
HCV,GB,V3,utama,32,0.967479674796748,0.9814814814814814,0.7894736842105263,1.0,0.8823529411764706,0.9981481481481482,0.9877124183006536
HCV,GB,V3,utama,33,0.9512195121951219,0.9435185185185185,0.7368421052631579,0.9333333333333333,0.8235294117647058,0.9907407407407407,0.9666666666666666
HCV,GB,V3,utama,34,0.926829268292683,0.8435185185185186,0.6875,0.7333333333333333,0.7096774193548387,0.9685185185185186,0.8972709551656919
HCV,GB,V3,utama,35,0.926829268292683,0.9296296296296296,0.6363636363636364,0.9333333333333333,0.7567567567567568,0.9611111111111111,0.9031955408425996
HCV,GB,V3,utama,36,0.926829268292683,0.8435185185185186,0.6875,0.7333333333333333,0.7096774193548387,0.9623456790123457,0.8459334482661054
HCV,GB,V3,utama,37,0.975609756097561,0.9574074074074075,0.875,0.9333333333333333,0.9032258064516129,0.9901234567901235,0.9622222222222222
HCV,GB,V3,utama,38,0.975609756097561,0.9574074074074075,0.875,0.9333333333333333,0.9032258064516129,0.9691358024691358,0.9487179487179487
HCV,GB,V3,utama,39,0.967479674796748,0.9527777777777777,0.8235294117647058,0.9333333333333333,0.875,0.9950617283950617,0.9768115942028985
HCV,GB,V3,utama,40,0.9512195121951219,0.8861111111111111,0.8,0.8,0.8,0.932716049382716,0.8661498708010336
HCV,GB,V3,utama,41,0.983739837398374,0.9333333333333333,1.0,0.8666666666666667,0.9285714285714286,0.9925925925925926,0.9673504273504272
HCV,GB,V3,utama,42,0.9512195121951219,0.9435185185185185,0.7368421052631579,0.9333333333333333,0.8235294117647058,0.987037037037037,0.9204696790374539
HCV,GB,V3,utama,43,0.975609756097561,0.9574074074074075,0.875,0.9333333333333333,0.9032258064516129,0.9907407407407407,0.9666666666666666
HCV,GB,V3,utama,44,0.9512195121951219,0.9722222222222222,0.7142857142857143,1.0,0.8333333333333334,0.9938271604938271,0.9556179115002643
HCV,GB,V3,utama,45,0.967479674796748,0.924074074074074,0.8666666666666667,0.8666666666666667,0.8666666666666667,0.9672839506172839,0.9369532428355958
HCV,GB,V3,utama,46,0.975609756097561,0.9861111111111112,0.8333333333333334,1.0,0.9090909090909091,0.9969135802469136,0.9796825396825397
HCV,GB,V3,utama,47,0.967479674796748,0.8666666666666667,1.0,0.7333333333333333,0.8461538461538461,0.980246913580247,0.9117387695819068
HCV,GB,V3,utama,48,0.959349593495935,0.8907407407407408,0.8571428571428571,0.8,0.8275862068965517,0.975925925925926,0.9212839483619534
HCV,GB,V3,utama,49,0.943089430894309,0.9101851851851852,0.7222222222222222,0.8666666666666667,0.7878787878787878,0.9728395061728395,0.9228973168214654
HCV,GB,V4,utama,0,0.9861111111111112,0.9861111111111112,0.981651376146789,0.9907407407407407,0.9861751152073732,0.9945130315500686,0.992859420516921
HCV,GB,V4,utama,1,0.9675925925925926,0.9675925925925926,0.954954954954955,0.9814814814814815,0.9680365296803652,0.9978566529492456,0.9978755740462898
HCV,GB,V4,utama,2,0.9861111111111112,0.9861111111111112,0.9906542056074766,0.9814814814814815,0.986046511627907,0.9986282578875172,0.9986520934933455
HCV,GB,V4,utama,3,0.9490740740740741,0.9490740740740741,0.9292035398230089,0.9722222222222222,0.9502262443438914,0.9952846364883402,0.99539865029532
HCV,GB,V4,utama,4,0.9861111111111112,0.9861111111111112,0.9906542056074766,0.9814814814814815,0.986046511627907,0.9993141289437585,0.9993356451689787
HCV,GB,V4,utama,5,0.9814814814814815,0.9814814814814815,0.9814814814814815,0.9814814814814815,0.9814814814814815,0.999571330589849,0.9995798550844422
HCV,GB,V4,utama,6,0.9444444444444444,0.9444444444444444,0.9363636363636364,0.9537037037037037,0.944954128440367,0.993741426611797,0.9939806095864459
HCV,GB,V4,utama,7,0.9675925925925926,0.9675925925925926,0.954954954954955,0.9814814814814815,0.9680365296803652,0.9964849108367626,0.9963476889525974
HCV,GB,V4,utama,8,0.9675925925925926,0.9675925925925926,0.963302752293578,0.9722222222222222,0.967741935483871,0.9976851851851851,0.9978476125965413
HCV,GB,V4,utama,9,0.9907407407407407,0.9907407407407407,0.9818181818181818,1.0,0.9908256880733946,0.9992283950617283,0.9992058687822831
HCV,GB,V4,utama,10,0.9861111111111112,0.9861111111111112,0.972972972972973,1.0,0.9863013698630136,0.9995713305898491,0.9995720293139096
HCV,GB,V4,utama,11,0.9768518518518519,0.9768518518518519,0.963963963963964,0.9907407407407407,0.9771689497716894,0.9987139917695473,0.9987007443211612
HCV,GB,V4,utama,12,0.9768518518518519,0.9768518518518519,0.9724770642201835,0.9814814814814815,0.9769585253456221,0.9983710562414266,0.998390928143113
HCV,GB,V4,utama,13,0.9768518518518519,0.9768518518518519,0.9557522123893806,1.0,0.9773755656108597,0.9995713305898491,0.9995720293139099
HCV,GB,V4,utama,14,0.9629629629629629,0.962962962962963,0.9807692307692307,0.9444444444444444,0.9622641509433962,0.9914266117969822,0.9927366009587846
HCV,GB,V4,utama,15,0.9768518518518519,0.9768518518518519,0.9813084112149533,0.9722222222222222,0.9767441860465116,0.997599451303155,0.9977938390367769
HCV,GB,V4,utama,16,0.9907407407407407,0.9907407407407407,0.9907407407407407,0.9907407407407407,0.9907407407407407,0.9993998628257887,0.9994019458104931
HCV,GB,V4,utama,17,0.9722222222222222,0.9722222222222222,0.9722222222222222,0.9722222222222222,0.9722222222222222,0.9963991769547325,0.9963090766482112
HCV,GB,V4,utama,18,0.9583333333333334,0.9583333333333333,0.9459459459459459,0.9722222222222222,0.958904109589041,0.9945130315500685,0.994552429329636
HCV,GB,V4,utama,19,0.9814814814814815,0.9814814814814814,0.9727272727272728,0.9907407407407407,0.981651376146789,0.9982853223593964,0.998529022606742
HCV,GB,V4,utama,20,0.9814814814814815,0.9814814814814815,0.9814814814814815,0.9814814814814815,0.9814814814814815,0.9981138545953361,0.9982313305932538
HCV,GB,V4,utama,21,0.9768518518518519,0.9768518518518519,0.9813084112149533,0.9722222222222222,0.9767441860465116,0.9963991769547325,0.9966775300243153
HCV,GB,V4,utama,22,0.9722222222222222,0.9722222222222222,0.9553571428571429,0.9907407407407407,0.9727272727272728,0.9987139917695473,0.9987405685013283
HCV,GB,V4,utama,23,0.9583333333333334,0.9583333333333333,0.9626168224299065,0.9537037037037037,0.958139534883721,0.9959705075445816,0.9960199765291764
HCV,GB,V4,utama,24,0.9861111111111112,0.9861111111111112,0.981651376146789,0.9907407407407407,0.9861751152073732,0.999485596707819,0.9994878685306325
HCV,GB,V4,utama,25,0.9861111111111112,0.9861111111111112,0.9906542056074766,0.9814814814814815,0.986046511627907,0.9990569272976682,0.9990926116136364
HCV,GB,V4,utama,26,0.9768518518518519,0.9768518518518519,0.9904761904761905,0.9629629629629629,0.9765258215962441,0.9986282578875171,0.9986930305348172
HCV,GB,V4,utama,27,0.9629629629629629,0.962962962962963,0.9385964912280702,0.9907407407407407,0.963963963963964,0.996656378600823,0.9967976278005408
HCV,GB,V4,utama,28,0.9768518518518519,0.9768518518518519,0.963963963963964,0.9907407407407407,0.9771689497716894,0.999056927297668,0.9991018098781732
HCV,GB,V4,utama,29,0.9629629629629629,0.962962962962963,0.9385964912280702,0.9907407407407407,0.963963963963964,0.9975137174211248,0.9976860862699621
HCV,GB,V4,utama,30,0.9814814814814815,0.9814814814814814,0.9642857142857143,1.0,0.9818181818181818,0.9994855967078189,0.9994933199511783
HCV,GB,V4,utama,31,0.9768518518518519,0.9768518518518519,0.9724770642201835,0.9814814814814815,0.9769585253456221,0.9965706447187928,0.9969421252405916
HCV,GB,V4,utama,32,0.9907407407407407,0.9907407407407407,0.9907407407407407,0.9907407407407407,0.9907407407407407,0.9994855967078189,0.9995126705653022
HCV,GB,V4,utama,33,0.9722222222222222,0.9722222222222222,0.9722222222222222,0.9722222222222222,0.9722222222222222,0.9970850480109739,0.9969999488651109
HCV,GB,V4,utama,34,0.9814814814814815,0.9814814814814814,0.9905660377358491,0.9722222222222222,0.9813084112149533,0.9983710562414266,0.9984978363001717
HCV,GB,V4,utama,35,0.9722222222222222,0.9722222222222222,0.9722222222222222,0.9722222222222222,0.9722222222222222,0.9981138545953361,0.9981833682993863
HCV,GB,V4,utama,36,0.9722222222222222,0.9722222222222222,0.9636363636363636,0.9814814814814815,0.9724770642201835,0.9965706447187929,0.9963872735061804
HCV,GB,V4,utama,37,0.9675925925925926,0.9675925925925926,0.954954954954955,0.9814814814814815,0.9680365296803652,0.9981995884773662,0.9982068702500997
HCV,GB,V4,utama,38,0.9490740740740741,0.9490740740740741,0.9532710280373832,0.9444444444444444,0.9488372093023256,0.9951989026063099,0.9954387449705987
HCV,GB,V4,utama,39,0.9907407407407407,0.9907407407407407,0.9818181818181818,1.0,0.9908256880733946,1.0,1.0000000000000002
HCV,GB,V4,utama,40,0.9768518518518519,0.9768518518518519,0.9813084112149533,0.9722222222222222,0.9767441860465116,0.9962277091906722,0.9960951680823447
HCV,GB,V4,utama,41,0.9768518518518519,0.9768518518518519,0.9724770642201835,0.9814814814814815,0.9769585253456221,0.9987997256515775,0.9988582156968273
HCV,GB,V4,utama,42,0.9814814814814815,0.9814814814814814,0.9727272727272728,0.9907407407407407,0.981651376146789,0.9994855967078189,0.9995126705653022
HCV,GB,V4,utama,43,0.9768518518518519,0.9768518518518519,0.963963963963964,0.9907407407407407,0.9771689497716894,0.9987997256515775,0.9988346993966614
HCV,GB,V4,utama,44,0.9444444444444444,0.9444444444444444,0.9444444444444444,0.9444444444444444,0.9444444444444444,0.994255829903978,0.9944040472043421
HCV,GB,V4,utama,45,0.9537037037037037,0.9537037037037037,0.9711538461538461,0.9351851851851852,0.9528301886792453,0.9892832647462277,0.9906050745277674
HCV,GB,V4,utama,46,0.9861111111111112,0.9861111111111112,0.972972972972973,1.0,0.9863013698630136,0.999571330589849,0.9995672487280894
HCV,GB,V4,utama,47,0.9814814814814815,0.9814814814814814,0.9727272727272728,0.9907407407407407,0.981651376146789,0.9980281207133059,0.9982024781385044
HCV,GB,V4,utama,48,0.9861111111111112,0.9861111111111112,0.981651376146789,0.9907407407407407,0.9861751152073732,0.9992283950617284,0.9992489358334968
HCV,GB,V4,utama,49,0.9814814814814815,0.9814814814814815,0.9814814814814815,0.9814814814814815,0.9814814814814815,0.9987997256515775,0.9988324004439163
HCV,GB,V4b,utama,0,0.983739837398374,0.9907407407407407,0.8823529411764706,1.0,0.9375,0.9993827160493827,0.9958333333333333
HCV,GB,V4b,utama,1,0.967479674796748,0.9814814814814814,0.7894736842105263,1.0,0.8823529411764706,0.9993827160493827,0.9958333333333333
HCV,GB,V4b,utama,2,0.991869918699187,0.9953703703703703,0.9375,1.0,0.967741935483871,0.9993827160493827,0.9958333333333333
HCV,GB,V4b,utama,3,0.9186991869918699,0.8962962962962964,0.6190476190476191,0.8666666666666667,0.7222222222222222,0.9716049382716049,0.8679857093466483
HCV,GB,V4b,utama,4,0.991869918699187,0.9953703703703703,0.9375,1.0,0.967741935483871,1.0,1.0
HCV,GB,V4b,utama,5,0.967479674796748,0.9814814814814814,0.7894736842105263,1.0,0.8823529411764706,1.0,1.0
HCV,GB,V4b,utama,6,0.9349593495934959,0.962962962962963,0.6521739130434783,1.0,0.7894736842105263,0.9944444444444445,0.9600141963299859
HCV,GB,V4b,utama,7,0.975609756097561,0.9861111111111112,0.8333333333333334,1.0,0.9090909090909091,1.0,1.0
HCV,GB,V4b,utama,8,0.9512195121951219,0.9435185185185185,0.7368421052631579,0.9333333333333333,0.8235294117647058,0.9888888888888889,0.9242657342657341
HCV,GB,V4b,utama,9,0.983739837398374,0.962037037037037,0.9333333333333333,0.9333333333333333,0.9333333333333333,0.9833333333333334,0.9571428571428571
HCV,GB,V4b,utama,10,0.975609756097561,0.9861111111111112,0.8333333333333334,1.0,0.9090909090909091,0.9993827160493827,0.9958333333333333
HCV,GB,V4b,utama,11,0.9186991869918699,0.8962962962962964,0.6190476190476191,0.8666666666666667,0.7222222222222222,0.9845679012345679,0.9300925925925927
HCV,GB,V4b,utama,12,0.983739837398374,0.9907407407407407,0.8823529411764706,1.0,0.9375,0.9993827160493827,0.9958333333333333
HCV,GB,V4b,utama,13,0.983739837398374,0.9907407407407407,0.8823529411764706,1.0,0.9375,0.9993827160493827,0.9958333333333333
HCV,GB,V4b,utama,14,0.975609756097561,0.9861111111111112,0.8333333333333334,1.0,0.9090909090909091,0.9987654320987653,0.9913888888888889
HCV,GB,V4b,utama,15,0.983739837398374,0.9907407407407407,0.8823529411764706,1.0,0.9375,1.0,1.0
HCV,GB,V4b,utama,16,0.967479674796748,0.9814814814814814,0.7894736842105263,1.0,0.8823529411764706,1.0,1.0
HCV,GB,V4b,utama,17,0.967479674796748,0.9527777777777777,0.8235294117647058,0.9333333333333333,0.875,0.9925925925925927,0.9528371628371628
HCV,GB,V4b,utama,18,0.959349593495935,0.9481481481481482,0.7777777777777778,0.9333333333333333,0.8484848484848485,0.9901234567901235,0.9332766416589946
HCV,GB,V4b,utama,19,0.943089430894309,0.9388888888888889,0.7,0.9333333333333333,0.8,0.9950617283950617,0.9717460317460317
HCV,GB,V4b,utama,20,0.967479674796748,0.9527777777777777,0.8235294117647058,0.9333333333333333,0.875,0.9969135802469137,0.9815204678362572
HCV,GB,V4b,utama,21,0.991869918699187,0.9666666666666667,1.0,0.9333333333333333,0.9655172413793104,0.995679012345679,0.9787878787878788
HCV,GB,V4b,utama,22,0.9512195121951219,0.9722222222222222,0.7142857142857143,1.0,0.8333333333333334,0.9987654320987653,0.9921568627450981
HCV,GB,V4b,utama,23,0.9512195121951219,0.9435185185185185,0.7368421052631579,0.9333333333333333,0.8235294117647058,0.9925925925925926,0.9703703703703703
HCV,GB,V4b,utama,24,0.967479674796748,0.9814814814814814,0.7894736842105263,1.0,0.8823529411764706,0.9950617283950618,0.9595394801277153
HCV,GB,V4b,utama,25,0.975609756097561,0.9861111111111112,0.8333333333333334,1.0,0.9090909090909091,1.0,1.0
HCV,GB,V4b,utama,26,0.975609756097561,0.9861111111111112,0.8333333333333334,1.0,0.9090909090909091,0.9962962962962962,0.9757936507936508
HCV,GB,V4b,utama,27,0.983739837398374,0.962037037037037,0.9333333333333333,0.9333333333333333,0.9333333333333333,0.9901234567901235,0.9655913978494624
HCV,GB,V4b,utama,28,0.959349593495935,0.9481481481481482,0.7777777777777778,0.9333333333333333,0.8484848484848485,0.9938271604938271,0.9705555555555555
HCV,GB,V4b,utama,29,0.943089430894309,0.9675925925925926,0.6818181818181818,1.0,0.8108108108108109,0.9981481481481481,0.9877124183006536
HCV,GB,V4b,utama,30,0.9512195121951219,0.9435185185185185,0.7368421052631579,0.9333333333333333,0.8235294117647058,0.9932098765432099,0.9717948717948717
HCV,GB,V4b,utama,31,0.967479674796748,0.9527777777777777,0.8235294117647058,0.9333333333333333,0.875,0.9962962962962963,0.9776315789473684
HCV,GB,V4b,utama,32,0.9512195121951219,0.9148148148148147,0.7647058823529411,0.8666666666666667,0.8125,0.9895061728395063,0.951111111111111
HCV,GB,V4b,utama,33,0.975609756097561,0.9861111111111112,0.8333333333333334,1.0,0.9090909090909091,1.0,1.0
HCV,GB,V4b,utama,34,0.967479674796748,0.9527777777777777,0.8235294117647058,0.9333333333333333,0.875,0.9944444444444445,0.9678571428571429
HCV,GB,V4b,utama,35,0.9186991869918699,0.9537037037037037,0.6,1.0,0.75,0.9950617283950618,0.9660748023905918
HCV,GB,V4b,utama,36,0.983739837398374,0.9907407407407407,0.8823529411764706,1.0,0.9375,0.9987654320987653,0.9913888888888889
HCV,GB,V4b,utama,37,0.983739837398374,0.962037037037037,0.9333333333333333,0.9333333333333333,0.9333333333333333,0.9975308641975309,0.9859649122807017
HCV,GB,V4b,utama,38,0.975609756097561,0.9574074074074075,0.875,0.9333333333333333,0.9032258064516129,0.9938271604938271,0.9684782608695652
HCV,GB,V4b,utama,39,0.967479674796748,0.9814814814814814,0.7894736842105263,1.0,0.8823529411764706,0.9993827160493827,0.9958333333333333
HCV,GB,V4b,utama,40,0.967479674796748,0.9527777777777777,0.8235294117647058,0.9333333333333333,0.875,0.9969135802469136,0.9833333333333333
HCV,GB,V4b,utama,41,1.0,1.0,1.0,1.0,1.0,1.0,1.0
HCV,GB,V4b,utama,42,0.943089430894309,0.9675925925925926,0.6818181818181818,1.0,0.8108108108108109,0.9950617283950617,0.967234073116426
HCV,GB,V4b,utama,43,0.943089430894309,0.9388888888888889,0.7,0.9333333333333333,0.8,0.9882716049382716,0.9454656646035956
HCV,GB,V4b,utama,44,0.967479674796748,0.9814814814814814,0.7894736842105263,1.0,0.8823529411764706,1.0,1.0
HCV,GB,V4b,utama,45,0.983739837398374,0.9907407407407407,0.8823529411764706,1.0,0.9375,1.0,1.0
HCV,GB,V4b,utama,46,0.943089430894309,0.9675925925925926,0.6818181818181818,1.0,0.8108108108108109,0.9944444444444445,0.9704545454545455
HCV,GB,V4b,utama,47,0.991869918699187,0.9666666666666667,1.0,0.9333333333333333,0.9655172413793104,0.9962962962962962,0.9809523809523808
HCV,GB,V4b,utama,48,0.9512195121951219,0.9722222222222222,0.7142857142857143,1.0,0.8333333333333334,1.0,1.0
HCV,GB,V4b,utama,49,0.9512195121951219,0.9435185185185185,0.7368421052631579,0.9333333333333333,0.8235294117647058,0.9938271604938272,0.9656926406926407
HCV,XGB,V1,utama,0,0.967479674796748,0.9814814814814814,0.7894736842105263,1.0,0.8823529411764706,0.9962962962962962,0.9757936507936508
HCV,XGB,V1,utama,1,0.9024390243902439,0.9157407407407407,0.56,0.9333333333333333,0.7,0.9746913580246913,0.8784639236544862
HCV,XGB,V1,utama,2,0.9512195121951219,0.9148148148148147,0.7647058823529411,0.8666666666666667,0.8125,0.9555555555555555,0.9305667112896028
HCV,XGB,V1,utama,3,0.926829268292683,0.8435185185185186,0.6875,0.7333333333333333,0.7096774193548387,0.9469135802469135,0.8151983496266844
HCV,XGB,V1,utama,4,0.9512195121951219,0.9148148148148147,0.7647058823529411,0.8666666666666667,0.8125,0.9561728395061728,0.9219114219114218
HCV,XGB,V1,utama,5,0.975609756097561,0.9287037037037037,0.9285714285714286,0.8666666666666667,0.896551724137931,0.9660493827160495,0.9001795522485176
HCV,XGB,V1,utama,6,0.959349593495935,0.9481481481481482,0.7777777777777778,0.9333333333333333,0.8484848484848485,0.9919753086419754,0.9690476190476189
HCV,XGB,V1,utama,7,0.975609756097561,0.9574074074074075,0.875,0.9333333333333333,0.9032258064516129,0.9790123456790124,0.9356654456654456
HCV,XGB,V1,utama,8,0.9186991869918699,0.8101851851851851,0.6666666666666666,0.6666666666666666,0.6666666666666666,0.9648148148148149,0.8109823752930714
HCV,XGB,V1,utama,9,0.9186991869918699,0.8962962962962964,0.6190476190476191,0.8666666666666667,0.7222222222222222,0.9728395061728395,0.856281818539883
HCV,XGB,V1,utama,10,0.967479674796748,0.9527777777777777,0.8235294117647058,0.9333333333333333,0.875,0.995679012345679,0.9765079365079364
HCV,XGB,V1,utama,11,0.9024390243902439,0.9157407407407407,0.56,0.9333333333333333,0.7,0.9759259259259259,0.9294685990338164
HCV,XGB,V1,utama,12,0.943089430894309,0.8527777777777777,0.7857142857142857,0.7333333333333333,0.7586206896551724,0.9746913580246914,0.8962603676948362
HCV,XGB,V1,utama,13,0.959349593495935,0.9481481481481482,0.7777777777777778,0.9333333333333333,0.8484848484848485,0.9895061728395061,0.9497167755991285
HCV,XGB,V1,utama,14,0.926829268292683,0.7861111111111111,0.75,0.6,0.6666666666666666,0.9660493827160493,0.8219945497336801
HCV,XGB,V1,utama,15,0.983739837398374,0.9907407407407407,0.8823529411764706,1.0,0.9375,0.9987654320987653,0.992156862745098
HCV,XGB,V1,utama,16,0.943089430894309,0.9101851851851852,0.7222222222222222,0.8666666666666667,0.7878787878787878,0.982716049382716,0.9388888888888889
HCV,XGB,V1,utama,17,0.959349593495935,0.8907407407407408,0.8571428571428571,0.8,0.8275862068965517,0.9919753086419753,0.9476003734827263
HCV,XGB,V1,utama,18,0.926829268292683,0.9296296296296296,0.6363636363636364,0.9333333333333333,0.7567567567567568,0.9469135802469136,0.7840976912793551
HCV,XGB,V1,utama,19,0.9512195121951219,0.8861111111111111,0.8,0.8,0.8,0.941358024691358,0.9157272563825962
HCV,XGB,V1,utama,20,0.975609756097561,0.9574074074074075,0.875,0.9333333333333333,0.9032258064516129,0.9481481481481482,0.9161800385993935
HCV,XGB,V1,utama,21,0.967479674796748,0.8953703703703704,0.9230769230769231,0.8,0.8571428571428571,0.9685185185185186,0.911577964519141
HCV,XGB,V1,utama,22,0.926829268292683,0.9009259259259259,0.65,0.8666666666666667,0.7428571428571429,0.9796296296296296,0.8905749565192289
HCV,XGB,V1,utama,23,0.975609756097561,0.9861111111111112,0.8333333333333334,1.0,0.9090909090909091,1.0,1.0
HCV,XGB,V1,utama,24,0.959349593495935,0.9481481481481482,0.7777777777777778,0.9333333333333333,0.8484848484848485,0.9919753086419754,0.9634615384615384
HCV,XGB,V1,utama,25,0.9512195121951219,0.8861111111111111,0.8,0.8,0.8,0.9907407407407408,0.9472709551656919
HCV,XGB,V1,utama,26,0.967479674796748,0.9814814814814814,0.7894736842105263,1.0,0.8823529411764706,0.9950617283950618,0.9654108309990662
HCV,XGB,V1,utama,27,0.967479674796748,0.8953703703703704,0.9230769230769231,0.8,0.8571428571428571,0.9679012345679012,0.8928235344902011
HCV,XGB,V1,utama,28,0.959349593495935,0.9194444444444445,0.8125,0.8666666666666667,0.8387096774193549,0.954320987654321,0.8788636363636363
HCV,XGB,V1,utama,29,0.943089430894309,0.9101851851851852,0.7222222222222222,0.8666666666666667,0.7878787878787878,0.9771604938271604,0.9049962593306247
HCV,XGB,V1,utama,30,0.9349593495934959,0.8768518518518519,0.7058823529411765,0.8,0.75,0.9858024691358025,0.9235754985754985
HCV,XGB,V1,utama,31,0.943089430894309,0.8527777777777777,0.7857142857142857,0.7333333333333333,0.7586206896551724,0.9753086419753086,0.884594367094367
HCV,XGB,V1,utama,32,0.975609756097561,0.9861111111111112,0.8333333333333334,1.0,0.9090909090909091,0.9987654320987654,0.9921568627450981
HCV,XGB,V1,utama,33,0.959349593495935,0.9481481481481482,0.7777777777777778,0.9333333333333333,0.8484848484848485,0.9932098765432098,0.9666666666666666
HCV,XGB,V1,utama,34,0.9512195121951219,0.8574074074074074,0.8461538461538461,0.7333333333333333,0.7857142857142857,0.9783950617283951,0.8989939884676726
HCV,XGB,V1,utama,35,0.943089430894309,0.9388888888888889,0.7,0.9333333333333333,0.8,0.9716049382716049,0.8931730019124976
HCV,XGB,V1,utama,36,0.967479674796748,0.8953703703703704,0.9230769230769231,0.8,0.8571428571428571,0.9580246913580246,0.8663126480462192
HCV,XGB,V1,utama,37,0.9349593495934959,0.8481481481481481,0.7333333333333333,0.7333333333333333,0.7333333333333333,0.9425925925925925,0.8541952304271144
HCV,XGB,V1,utama,38,0.959349593495935,0.9194444444444445,0.8125,0.8666666666666667,0.8387096774193549,0.9783950617283951,0.9380116959064326
HCV,XGB,V1,utama,39,0.975609756097561,0.9287037037037037,0.9285714285714286,0.8666666666666667,0.896551724137931,0.9925925925925926,0.9562474562474562
HCV,XGB,V1,utama,40,0.983739837398374,0.962037037037037,0.9333333333333333,0.9333333333333333,0.9333333333333333,0.9882716049382717,0.9467765567765568
HCV,XGB,V1,utama,41,0.975609756097561,0.9,1.0,0.8,0.8888888888888888,0.9895061728395061,0.95605138607167
HCV,XGB,V1,utama,42,0.9105691056910569,0.8629629629629629,0.6,0.8,0.6857142857142857,0.9604938271604937,0.8420228059325803
HCV,XGB,V1,utama,43,0.959349593495935,0.9481481481481482,0.7777777777777778,0.9333333333333333,0.8484848484848485,0.9950617283950617,0.9768115942028985
HCV,XGB,V1,utama,44,0.983739837398374,0.9907407407407407,0.8823529411764706,1.0,0.9375,0.995679012345679,0.9698064353946707
HCV,XGB,V1,utama,45,0.967479674796748,0.924074074074074,0.8666666666666667,0.8666666666666667,0.8666666666666667,0.9734567901234569,0.9346573982125124
HCV,XGB,V1,utama,46,0.975609756097561,0.9861111111111112,0.8333333333333334,1.0,0.9090909090909091,0.9975308641975308,0.981498778998779
HCV,XGB,V1,utama,47,0.975609756097561,0.9287037037037037,0.9285714285714286,0.8666666666666667,0.896551724137931,0.9567901234567902,0.9291524017014212
HCV,XGB,V1,utama,48,0.983739837398374,0.962037037037037,0.9333333333333333,0.9333333333333333,0.9333333333333333,0.9771604938271605,0.9394069422640852
HCV,XGB,V1,utama,49,0.9512195121951219,0.9435185185185185,0.7368421052631579,0.9333333333333333,0.8235294117647058,0.941358024691358,0.8614378993326361
HCV,XGB,V2,utama,0,0.9768518518518519,0.9768518518518519,0.963963963963964,0.9907407407407407,0.9771689497716894,0.9963134430727024,0.9959912618739198
HCV,XGB,V2,utama,1,0.9583333333333334,0.9583333333333334,0.9380530973451328,0.9814814814814815,0.9592760180995475,0.9975137174211248,0.9975247144422138
HCV,XGB,V2,utama,2,0.9722222222222222,0.9722222222222222,0.9811320754716981,0.9629629629629629,0.9719626168224299,0.9983710562414266,0.9984159014557022
HCV,XGB,V2,utama,3,0.9490740740740741,0.9490740740740741,0.9369369369369369,0.9629629629629629,0.9497716894977168,0.9939986282578874,0.9938216078382801
HCV,XGB,V2,utama,4,0.9861111111111112,0.9861111111111112,0.981651376146789,0.9907407407407407,0.9861751152073732,0.999485596707819,0.9994838458923931
HCV,XGB,V2,utama,5,0.9907407407407407,0.9907407407407407,0.9907407407407407,0.9907407407407407,0.9907407407407407,0.9994855967078189,0.9995045643808346
HCV,XGB,V2,utama,6,0.9583333333333334,0.9583333333333333,0.9541284403669725,0.9629629629629629,0.9585253456221198,0.9928840877914952,0.9925743331033866
HCV,XGB,V2,utama,7,0.9722222222222222,0.9722222222222222,0.9553571428571429,0.9907407407407407,0.9727272727272728,0.9986282578875171,0.9986451643057218
HCV,XGB,V2,utama,8,0.9583333333333334,0.9583333333333333,0.9459459459459459,0.9722222222222222,0.958904109589041,0.9979423868312757,0.9980283714977118
HCV,XGB,V2,utama,9,0.9861111111111112,0.9861111111111112,0.972972972972973,1.0,0.9863013698630136,0.9967421124828533,0.9961838986221924
HCV,XGB,V2,utama,10,0.9722222222222222,0.9722222222222222,0.9473684210526315,1.0,0.972972972972973,0.9999142661179697,0.9999150526673465
HCV,XGB,V2,utama,11,0.9722222222222222,0.9722222222222222,0.9636363636363636,0.9814814814814815,0.9724770642201835,0.9955418381344308,0.9949265813771744
HCV,XGB,V2,utama,12,0.9814814814814815,0.9814814814814815,0.9814814814814815,0.9814814814814815,0.9814814814814815,0.9973422496570645,0.997233587474175
HCV,XGB,V2,utama,13,0.9768518518518519,0.9768518518518519,0.9557522123893806,1.0,0.9773755656108597,0.9974279835390947,0.997406672683541
HCV,XGB,V2,utama,14,0.9537037037037037,0.9537037037037037,0.9622641509433962,0.9444444444444444,0.9532710280373832,0.9938271604938271,0.9940507879028184
HCV,XGB,V2,utama,15,0.9722222222222222,0.9722222222222222,0.9722222222222222,0.9722222222222222,0.9722222222222222,0.9963991769547326,0.9963947765936566
HCV,XGB,V2,utama,16,0.9814814814814815,0.9814814814814814,0.9727272727272728,0.9907407407407407,0.981651376146789,0.9989711934156378,0.9989807528897326
HCV,XGB,V2,utama,17,0.9675925925925926,0.9675925925925926,0.963302752293578,0.9722222222222222,0.967741935483871,0.9943415637860082,0.9932829874012854
HCV,XGB,V2,utama,18,0.9675925925925926,0.9675925925925926,0.963302752293578,0.9722222222222222,0.967741935483871,0.9958847736625515,0.9957716760853019
HCV,XGB,V2,utama,19,0.9814814814814815,0.9814814814814814,0.9727272727272728,0.9907407407407407,0.981651376146789,0.9987997256515775,0.9989194696686281
HCV,XGB,V2,utama,20,0.9861111111111112,0.9861111111111112,0.9906542056074766,0.9814814814814815,0.986046511627907,0.9986282578875172,0.9987176901970435
HCV,XGB,V2,utama,21,0.9814814814814815,0.9814814814814814,0.9905660377358491,0.9722222222222222,0.9813084112149533,0.9976851851851852,0.9978903611797295
HCV,XGB,V2,utama,22,0.9675925925925926,0.9675925925925926,0.9469026548672567,0.9907407407407407,0.9683257918552036,0.9981995884773662,0.9982661171248782
HCV,XGB,V2,utama,23,0.9629629629629629,0.962962962962963,0.9464285714285714,0.9814814814814815,0.9636363636363636,0.9967421124828533,0.9967425572406992
HCV,XGB,V2,utama,24,0.9907407407407407,0.9907407407407407,0.9907407407407407,0.9907407407407407,0.9907407407407407,0.9998285322359396,0.9998293187853162
HCV,XGB,V2,utama,25,0.9861111111111112,0.9861111111111112,0.9906542056074766,0.9814814814814815,0.986046511627907,0.9965706447187929,0.9959768417725859
HCV,XGB,V2,utama,26,0.9768518518518519,0.9768518518518519,0.9904761904761905,0.9629629629629629,0.9765258215962441,0.9986282578875172,0.9985931717929537
HCV,XGB,V2,utama,27,0.9583333333333334,0.9583333333333333,0.9459459459459459,0.9722222222222222,0.958904109589041,0.9976851851851851,0.9977911538646549
HCV,XGB,V2,utama,28,0.9814814814814815,0.9814814814814814,0.9727272727272728,0.9907407407407407,0.981651376146789,0.9969135802469137,0.9965750568820348
HCV,XGB,V2,utama,29,0.9722222222222222,0.9722222222222222,0.9636363636363636,0.9814814814814815,0.9724770642201835,0.9958847736625515,0.9959693790803442
HCV,XGB,V2,utama,30,0.9814814814814815,0.9814814814814814,0.9642857142857143,1.0,0.9818181818181818,0.999056927297668,0.9990693122327352
HCV,XGB,V2,utama,31,0.9814814814814815,0.9814814814814815,0.9814814814814815,0.9814814814814815,0.9814814814814815,0.9964849108367626,0.9963512189593633
HCV,XGB,V2,utama,32,0.9907407407407407,0.9907407407407407,1.0,0.9814814814814815,0.9906542056074766,0.9997427983539094,0.9997497497497497
HCV,XGB,V2,utama,33,0.9768518518518519,0.9768518518518519,0.963963963963964,0.9907407407407407,0.9771689497716894,0.9953703703703703,0.9949222459052287
HCV,XGB,V2,utama,34,0.9768518518518519,0.9768518518518519,0.9813084112149533,0.9722222222222222,0.9767441860465116,0.9984567901234568,0.9985252502807622
HCV,XGB,V2,utama,35,0.9675925925925926,0.9675925925925926,0.9719626168224299,0.9629629629629629,0.9674418604651163,0.9968278463648834,0.9969191907932264
HCV,XGB,V2,utama,36,0.9814814814814815,0.9814814814814814,0.9727272727272728,0.9907407407407407,0.981651376146789,0.9967421124828533,0.9963658685095222
HCV,XGB,V2,utama,37,0.9814814814814815,0.9814814814814814,0.9727272727272728,0.9907407407407407,0.981651376146789,0.999056927297668,0.9990635672636129
HCV,XGB,V2,utama,38,0.9537037037037037,0.9537037037037037,0.9537037037037037,0.9537037037037037,0.9537037037037037,0.994684499314129,0.9946050174979187
HCV,XGB,V2,utama,39,0.9861111111111112,0.9861111111111112,0.972972972972973,1.0,0.9863013698630136,1.0,1.0
HCV,XGB,V2,utama,40,0.9768518518518519,0.9768518518518519,0.9813084112149533,0.9722222222222222,0.9767441860465116,0.9938271604938271,0.9927708341839466
HCV,XGB,V2,utama,41,0.9722222222222222,0.9722222222222222,0.9553571428571429,0.9907407407407407,0.9727272727272728,0.9986282578875172,0.9986014284349063
HCV,XGB,V2,utama,42,0.9814814814814815,0.9814814814814814,0.9727272727272728,0.9907407407407407,0.981651376146789,0.9994855967078189,0.9995045643808345
HCV,XGB,V2,utama,43,0.9722222222222222,0.9722222222222222,0.9553571428571429,0.9907407407407407,0.9727272727272728,0.9975137174211248,0.9975696331666073
HCV,XGB,V2,utama,44,0.9537037037037037,0.9537037037037037,0.9537037037037037,0.9537037037037037,0.9537037037037037,0.9953703703703703,0.9952993134323698
HCV,XGB,V2,utama,45,0.9537037037037037,0.9537037037037037,0.9711538461538461,0.9351851851851852,0.9528301886792453,0.9918552812071331,0.9914733895492327
HCV,XGB,V2,utama,46,0.9907407407407407,0.9907407407407407,0.9818181818181818,1.0,0.9908256880733946,1.0,1.0
HCV,XGB,V2,utama,47,0.9722222222222222,0.9722222222222222,0.9553571428571429,0.9907407407407407,0.9727272727272728,0.9976851851851851,0.9976361854775364
HCV,XGB,V2,utama,48,0.9814814814814815,0.9814814814814814,0.9727272727272728,0.9907407407407407,0.981651376146789,0.999571330589849,0.9995774807344556
HCV,XGB,V2,utama,49,0.9814814814814815,0.9814814814814814,0.9905660377358491,0.9722222222222222,0.9813084112149533,0.9993141289437586,0.9993147524783195
HCV,XGB,V2b,utama,0,0.975609756097561,0.9861111111111112,0.8333333333333334,1.0,0.9090909090909091,0.995679012345679,0.9698064353946707
HCV,XGB,V2b,utama,1,0.959349593495935,0.9768518518518519,0.75,1.0,0.8571428571428571,0.9981481481481481,0.9866269841269841
HCV,XGB,V2b,utama,2,0.991869918699187,0.9953703703703703,0.9375,1.0,0.967741935483871,0.9993827160493827,0.9958333333333333
HCV,XGB,V2b,utama,3,0.9186991869918699,0.925,0.6086956521739131,0.9333333333333333,0.7368421052631579,0.9796296296296296,0.8987900678612752
HCV,XGB,V2b,utama,4,0.983739837398374,0.9907407407407407,0.8823529411764706,1.0,0.9375,1.0,1.0
HCV,XGB,V2b,utama,5,0.967479674796748,0.9814814814814814,0.7894736842105263,1.0,0.8823529411764706,0.9981481481481482,0.9866269841269841
HCV,XGB,V2b,utama,6,0.9512195121951219,0.9722222222222222,0.7142857142857143,1.0,0.8333333333333334,0.9987654320987654,0.9921568627450981
HCV,XGB,V2b,utama,7,0.983739837398374,0.9907407407407407,0.8823529411764706,1.0,0.9375,1.0,1.0
HCV,XGB,V2b,utama,8,0.943089430894309,0.9388888888888889,0.7,0.9333333333333333,0.8,0.9827160493827161,0.8392090425913955
HCV,XGB,V2b,utama,9,0.991869918699187,0.9953703703703703,0.9375,1.0,0.967741935483871,0.9993827160493827,0.9958333333333333
HCV,XGB,V2b,utama,10,0.991869918699187,0.9953703703703703,0.9375,1.0,0.967741935483871,1.0,1.0
HCV,XGB,V2b,utama,11,0.9349593495934959,0.9342592592592593,0.6666666666666666,0.9333333333333333,0.7777777777777778,0.9864197530864198,0.9279273504273504
HCV,XGB,V2b,utama,12,0.975609756097561,0.9861111111111112,0.8333333333333334,1.0,0.9090909090909091,0.9981481481481481,0.9888888888888889
HCV,XGB,V2b,utama,13,0.967479674796748,0.9814814814814814,0.7894736842105263,1.0,0.8823529411764706,0.9981481481481482,0.9866269841269841
HCV,XGB,V2b,utama,14,0.9349593495934959,0.9342592592592593,0.6666666666666666,0.9333333333333333,0.7777777777777778,0.987037037037037,0.9217884076707606
HCV,XGB,V2b,utama,15,1.0,1.0,1.0,1.0,1.0,1.0,1.0
HCV,XGB,V2b,utama,16,0.967479674796748,0.9814814814814814,0.7894736842105263,1.0,0.8823529411764706,1.0,1.0
HCV,XGB,V2b,utama,17,0.959349593495935,0.9481481481481482,0.7777777777777778,0.9333333333333333,0.8484848484848485,0.9925925925925927,0.9528371628371628
HCV,XGB,V2b,utama,18,0.967479674796748,0.9814814814814814,0.7894736842105263,1.0,0.8823529411764706,0.9901234567901235,0.927831656647446
HCV,XGB,V2b,utama,19,0.967479674796748,0.9814814814814814,0.7894736842105263,1.0,0.8823529411764706,0.9975308641975309,0.9829505135387488
HCV,XGB,V2b,utama,20,0.975609756097561,0.9861111111111112,0.8333333333333334,1.0,0.9090909090909091,0.9987654320987654,0.9921568627450981
HCV,XGB,V2b,utama,21,0.975609756097561,0.9574074074074075,0.875,0.9333333333333333,0.9032258064516129,0.9975308641975309,0.9859649122807017
HCV,XGB,V2b,utama,22,0.943089430894309,0.9675925925925926,0.6818181818181818,1.0,0.8108108108108109,0.9975308641975308,0.9814987789987789
HCV,XGB,V2b,utama,23,0.983739837398374,0.9907407407407407,0.8823529411764706,1.0,0.9375,0.9987654320987653,0.9913888888888889
HCV,XGB,V2b,utama,24,0.9512195121951219,0.9722222222222222,0.7142857142857143,1.0,0.8333333333333334,0.9962962962962962,0.9749346405228758
HCV,XGB,V2b,utama,25,0.983739837398374,0.9907407407407407,0.8823529411764706,1.0,0.9375,1.0,1.0
HCV,XGB,V2b,utama,26,0.983739837398374,0.9907407407407407,0.8823529411764706,1.0,0.9375,0.995679012345679,0.9698064353946707
HCV,XGB,V2b,utama,27,1.0,1.0,1.0,1.0,1.0,1.0,1.0
HCV,XGB,V2b,utama,28,0.967479674796748,0.9527777777777777,0.8235294117647058,0.9333333333333333,0.875,0.9944444444444445,0.9749999999999999
HCV,XGB,V2b,utama,29,0.9349593495934959,0.962962962962963,0.6521739130434783,1.0,0.7894736842105263,0.987037037037037,0.9046224693206117
HCV,XGB,V2b,utama,30,0.967479674796748,0.9527777777777777,0.8235294117647058,0.9333333333333333,0.875,0.9944444444444445,0.9749999999999999
HCV,XGB,V2b,utama,31,0.975609756097561,0.9861111111111112,0.8333333333333334,1.0,0.9090909090909091,0.9932098765432099,0.9490938146820499
HCV,XGB,V2b,utama,32,0.959349593495935,0.9768518518518519,0.75,1.0,0.8571428571428571,0.9962962962962963,0.9739334195216547
HCV,XGB,V2b,utama,33,0.967479674796748,0.9814814814814814,0.7894736842105263,1.0,0.8823529411764706,1.0,1.0
HCV,XGB,V2b,utama,34,0.975609756097561,0.9574074074074075,0.875,0.9333333333333333,0.9032258064516129,0.9938271604938271,0.9676052449965493
HCV,XGB,V2b,utama,35,0.9024390243902439,0.9444444444444444,0.5555555555555556,1.0,0.7142857142857143,0.9950617283950617,0.9623172579054932
HCV,XGB,V2b,utama,36,0.983739837398374,0.9907407407407407,0.8823529411764706,1.0,0.9375,0.9987654320987654,0.9921568627450981
HCV,XGB,V2b,utama,37,0.983739837398374,0.962037037037037,0.9333333333333333,0.9333333333333333,0.9333333333333333,0.9993827160493827,0.9958333333333333
HCV,XGB,V2b,utama,38,0.967479674796748,0.9527777777777777,0.8235294117647058,0.9333333333333333,0.875,0.9981481481481481,0.9888888888888889
HCV,XGB,V2b,utama,39,0.967479674796748,0.9814814814814814,0.7894736842105263,1.0,0.8823529411764706,0.9981481481481482,0.9877124183006536
HCV,XGB,V2b,utama,40,0.959349593495935,0.9481481481481482,0.7777777777777778,0.9333333333333333,0.8484848484848485,0.9938271604938271,0.9676052449965493
HCV,XGB,V2b,utama,41,1.0,1.0,1.0,1.0,1.0,1.0,1.0
HCV,XGB,V2b,utama,42,0.959349593495935,0.9768518518518519,0.75,1.0,0.8571428571428571,0.9962962962962962,0.9698826173826174
HCV,XGB,V2b,utama,43,0.959349593495935,0.9481481481481482,0.7777777777777778,0.9333333333333333,0.8484848484848485,0.9901234567901235,0.9465873015873014
HCV,XGB,V2b,utama,44,0.959349593495935,0.9768518518518519,0.75,1.0,0.8571428571428571,0.9975308641975309,0.9838235294117647
HCV,XGB,V2b,utama,45,1.0,1.0,1.0,1.0,1.0,1.0,1.0
HCV,XGB,V2b,utama,46,0.926829268292683,0.9583333333333333,0.625,1.0,0.7692307692307693,0.9944444444444445,0.9704545454545455
HCV,XGB,V2b,utama,47,0.975609756097561,0.9574074074074075,0.875,0.9333333333333333,0.9032258064516129,0.9962962962962962,0.9809523809523809
HCV,XGB,V2b,utama,48,0.9512195121951219,0.9722222222222222,0.7142857142857143,1.0,0.8333333333333334,0.9975308641975308,0.981498778998779
HCV,XGB,V2b,utama,49,0.967479674796748,0.9814814814814814,0.7894736842105263,1.0,0.8823529411764706,0.9962962962962963,0.9739334195216547
HCV,XGB,V3,utama,0,0.967479674796748,0.9814814814814814,0.7894736842105263,1.0,0.8823529411764706,0.995679012345679,0.9698064353946707
HCV,XGB,V3,utama,1,0.9512195121951219,0.9148148148148147,0.7647058823529411,0.8666666666666667,0.8125,0.991358024691358,0.9565656565656565
HCV,XGB,V3,utama,2,0.967479674796748,0.8953703703703704,0.9230769230769231,0.8,0.8571428571428571,0.9783950617283951,0.9079297191061897
HCV,XGB,V3,utama,3,0.9349593495934959,0.9055555555555556,0.6842105263157895,0.8666666666666667,0.7647058823529411,0.9611111111111111,0.8497688422688423
HCV,XGB,V3,utama,4,0.943089430894309,0.9101851851851852,0.7222222222222222,0.8666666666666667,0.7878787878787878,0.9561728395061728,0.9219114219114218
HCV,XGB,V3,utama,5,0.943089430894309,0.9101851851851852,0.7222222222222222,0.8666666666666667,0.7878787878787878,0.9555555555555555,0.9113157113157113
HCV,XGB,V3,utama,6,0.967479674796748,0.9527777777777777,0.8235294117647058,0.9333333333333333,0.875,0.9938271604938271,0.9733333333333333
HCV,XGB,V3,utama,7,0.991869918699187,0.9953703703703703,0.9375,1.0,0.967741935483871,0.9993827160493827,0.9958333333333333
HCV,XGB,V3,utama,8,0.959349593495935,0.9194444444444445,0.8125,0.8666666666666667,0.8387096774193549,0.9722222222222221,0.9122755485619372
HCV,XGB,V3,utama,9,0.9512195121951219,0.9435185185185185,0.7368421052631579,0.9333333333333333,0.8235294117647058,0.9925925925925926,0.9619047619047618
HCV,XGB,V3,utama,10,0.991869918699187,0.9666666666666667,1.0,0.9333333333333333,0.9655172413793104,0.9981481481481482,0.9888888888888889
HCV,XGB,V3,utama,11,0.9186991869918699,0.925,0.6086956521739131,0.9333333333333333,0.7368421052631579,0.9709876543209878,0.9029381729381729
HCV,XGB,V3,utama,12,0.9512195121951219,0.9435185185185185,0.7368421052631579,0.9333333333333333,0.8235294117647058,0.9765432098765432,0.938998778998779
HCV,XGB,V3,utama,13,0.959349593495935,0.9481481481481482,0.7777777777777778,0.9333333333333333,0.8484848484848485,0.9969135802469136,0.9833333333333332
HCV,XGB,V3,utama,14,0.943089430894309,0.8814814814814815,0.75,0.8,0.7741935483870968,0.9438271604938272,0.8795088025607449
HCV,XGB,V3,utama,15,0.983739837398374,0.9907407407407407,0.8823529411764706,1.0,0.9375,0.9987654320987654,0.992156862745098
HCV,XGB,V3,utama,16,0.975609756097561,0.9287037037037037,0.9285714285714286,0.8666666666666667,0.896551724137931,0.9888888888888888,0.9503703703703703
HCV,XGB,V3,utama,17,0.975609756097561,0.9574074074074075,0.875,0.9333333333333333,0.9032258064516129,0.9851851851851853,0.9236036186036185
HCV,XGB,V3,utama,18,0.9349593495934959,0.8768518518518519,0.7058823529411765,0.8,0.75,0.9648148148148148,0.8709295090874037
HCV,XGB,V3,utama,19,0.975609756097561,0.9574074074074075,0.875,0.9333333333333333,0.9032258064516129,0.9703703703703703,0.9356654456654456
HCV,XGB,V3,utama,20,0.967479674796748,0.924074074074074,0.8666666666666667,0.8666666666666667,0.8666666666666667,0.9851851851851853,0.947089947089947
HCV,XGB,V3,utama,21,0.975609756097561,0.9287037037037037,0.9285714285714286,0.8666666666666667,0.896551724137931,0.9635802469135802,0.9117944779235102
HCV,XGB,V3,utama,22,0.943089430894309,0.8814814814814815,0.75,0.8,0.7741935483870968,0.9814814814814815,0.9145042016806721
HCV,XGB,V3,utama,23,0.975609756097561,0.9861111111111112,0.8333333333333334,1.0,0.9090909090909091,1.0,1.0
HCV,XGB,V3,utama,24,0.9512195121951219,0.9435185185185185,0.7368421052631579,0.9333333333333333,0.8235294117647058,0.9925925925925926,0.9619967793880837
HCV,XGB,V3,utama,25,0.975609756097561,0.9574074074074075,0.875,0.9333333333333333,0.9032258064516129,0.9858024691358025,0.9319659507159506
HCV,XGB,V3,utama,26,0.967479674796748,0.9814814814814814,0.7894736842105263,1.0,0.8823529411764706,0.9950617283950618,0.9654108309990662
HCV,XGB,V3,utama,27,0.975609756097561,0.9287037037037037,0.9285714285714286,0.8666666666666667,0.896551724137931,0.9685185185185186,0.9115779645191409
HCV,XGB,V3,utama,28,0.959349593495935,0.9481481481481482,0.7777777777777778,0.9333333333333333,0.8484848484848485,0.9777777777777776,0.9195543345543346
HCV,XGB,V3,utama,29,0.9512195121951219,0.9148148148148147,0.7647058823529411,0.8666666666666667,0.8125,0.9790123456790124,0.9096445221445221
HCV,XGB,V3,utama,30,0.967479674796748,0.9527777777777777,0.8235294117647058,0.9333333333333333,0.875,0.995679012345679,0.975
HCV,XGB,V3,utama,31,0.959349593495935,0.8907407407407408,0.8571428571428571,0.8,0.8275862068965517,0.9728395061728395,0.9185975135975135
HCV,XGB,V3,utama,32,0.975609756097561,0.9861111111111112,0.8333333333333334,1.0,0.9090909090909091,0.9987654320987654,0.9921568627450981
HCV,XGB,V3,utama,33,0.959349593495935,0.9481481481481482,0.7777777777777778,0.9333333333333333,0.8484848484848485,0.9932098765432098,0.9666666666666666
HCV,XGB,V3,utama,34,0.9512195121951219,0.8574074074074074,0.8461538461538461,0.7333333333333333,0.7857142857142857,0.9783950617283951,0.8989939884676726
HCV,XGB,V3,utama,35,0.9186991869918699,0.925,0.6086956521739131,0.9333333333333333,0.7368421052631579,0.9666666666666667,0.9090935203230284
HCV,XGB,V3,utama,36,0.9349593495934959,0.8768518518518519,0.7058823529411765,0.8,0.75,0.9660493827160495,0.8930314020344979
HCV,XGB,V3,utama,37,0.967479674796748,0.9527777777777777,0.8235294117647058,0.9333333333333333,0.875,0.987037037037037,0.961111111111111
HCV,XGB,V3,utama,38,0.983739837398374,0.962037037037037,0.9333333333333333,0.9333333333333333,0.9333333333333333,0.9895061728395061,0.9645833333333333
HCV,XGB,V3,utama,39,0.9349593495934959,0.9342592592592593,0.6666666666666666,0.9333333333333333,0.7777777777777778,0.995679012345679,0.9787878787878788
HCV,XGB,V3,utama,40,0.959349593495935,0.9194444444444445,0.8125,0.8666666666666667,0.8387096774193549,0.9796296296296296,0.9264743589743589
HCV,XGB,V3,utama,41,0.975609756097561,0.9,1.0,0.8,0.8888888888888888,0.9876543209876543,0.9619047619047618
HCV,XGB,V3,utama,42,0.9512195121951219,0.9435185185185185,0.7368421052631579,0.9333333333333333,0.8235294117647058,0.9808641975308642,0.9179339958287326
HCV,XGB,V3,utama,43,0.959349593495935,0.9481481481481482,0.7777777777777778,0.9333333333333333,0.8484848484848485,0.9950617283950617,0.9768115942028985
HCV,XGB,V3,utama,44,0.943089430894309,0.9675925925925926,0.6818181818181818,1.0,0.8108108108108109,0.991358024691358,0.9218634524516877
HCV,XGB,V3,utama,45,0.967479674796748,0.924074074074074,0.8666666666666667,0.8666666666666667,0.8666666666666667,0.9746913580246914,0.9353973168214653
HCV,XGB,V3,utama,46,0.959349593495935,0.9768518518518519,0.75,1.0,0.8571428571428571,0.9969135802469136,0.9833333333333333
HCV,XGB,V3,utama,47,0.959349593495935,0.8907407407407408,0.8571428571428571,0.8,0.8275862068965517,0.9648148148148148,0.8769479551456296
HCV,XGB,V3,utama,48,0.967479674796748,0.924074074074074,0.8666666666666667,0.8666666666666667,0.8666666666666667,0.9833333333333333,0.9424269005847953
HCV,XGB,V3,utama,49,0.959349593495935,0.9481481481481482,0.7777777777777778,0.9333333333333333,0.8484848484848485,0.9672839506172839,0.9324317226890756
HCV,XGB,V4,utama,0,0.9768518518518519,0.9768518518518519,0.963963963963964,0.9907407407407407,0.9771689497716894,0.9963134430727024,0.9959912618739198
HCV,XGB,V4,utama,1,0.9861111111111112,0.9861111111111112,0.9906542056074766,0.9814814814814815,0.986046511627907,0.9969993141289437,0.9969476937658841
HCV,XGB,V4,utama,2,0.9814814814814815,0.9814814814814814,0.9905660377358491,0.9722222222222222,0.9813084112149533,0.9986282578875171,0.9986699270844819
HCV,XGB,V4,utama,3,0.9629629629629629,0.962962962962963,0.9464285714285714,0.9814814814814815,0.9636363636363636,0.992283950617284,0.9909426366515746
HCV,XGB,V4,utama,4,0.9861111111111112,0.9861111111111112,0.9906542056074766,0.9814814814814815,0.986046511627907,0.9992283950617284,0.9992424943236078
HCV,XGB,V4,utama,5,0.9907407407407407,0.9907407407407407,0.9818181818181818,1.0,0.9908256880733946,0.9998285322359396,0.999829318785316
HCV,XGB,V4,utama,6,0.9583333333333334,0.9583333333333333,0.9541284403669725,0.9629629629629629,0.9585253456221198,0.9928840877914952,0.9925743331033866
HCV,XGB,V4,utama,7,0.9722222222222222,0.9722222222222222,0.9553571428571429,0.9907407407407407,0.9727272727272728,0.9986282578875171,0.9986451643057218
HCV,XGB,V4,utama,8,0.9629629629629629,0.962962962962963,0.9464285714285714,0.9814814814814815,0.9636363636363636,0.9983710562414265,0.9984308744637947
HCV,XGB,V4,utama,9,0.9907407407407407,0.9907407407407407,0.9818181818181818,1.0,0.9908256880733946,0.9963134430727023,0.9957796549148922
HCV,XGB,V4,utama,10,0.9722222222222222,0.9722222222222222,0.9473684210526315,1.0,0.972972972972973,0.9999142661179697,0.9999150526673465
HCV,XGB,V4,utama,11,0.9768518518518519,0.9768518518518519,0.963963963963964,0.9907407407407407,0.9771689497716894,0.992283950617284,0.9895519573892386
HCV,XGB,V4,utama,12,0.9768518518518519,0.9768518518518519,0.9813084112149533,0.9722222222222222,0.9767441860465116,0.9987997256515775,0.9988210231088579
HCV,XGB,V4,utama,13,0.9768518518518519,0.9768518518518519,0.9557522123893806,1.0,0.9773755656108597,0.9974279835390947,0.997406672683541
HCV,XGB,V4,utama,14,0.9537037037037037,0.9537037037037037,0.9711538461538461,0.9351851851851852,0.9528301886792453,0.9957990397805213,0.9959547966873444
HCV,XGB,V4,utama,15,0.9722222222222222,0.9722222222222222,0.9722222222222222,0.9722222222222222,0.9722222222222222,0.9963991769547326,0.9963947765936566
HCV,XGB,V4,utama,16,0.9814814814814815,0.9814814814814814,0.9727272727272728,0.9907407407407407,0.981651376146789,0.999571330589849,0.9995798550844424
HCV,XGB,V4,utama,17,0.9768518518518519,0.9768518518518519,0.9724770642201835,0.9814814814814815,0.9769585253456221,0.9948559670781894,0.9936997833582758
HCV,XGB,V4,utama,18,0.9675925925925926,0.9675925925925926,0.963302752293578,0.9722222222222222,0.967741935483871,0.9958847736625515,0.9957716760853019
HCV,XGB,V4,utama,19,0.9814814814814815,0.9814814814814814,0.9727272727272728,0.9907407407407407,0.981651376146789,0.9991426611796983,0.9991767723969137
HCV,XGB,V4,utama,20,0.9861111111111112,0.9861111111111112,0.9906542056074766,0.9814814814814815,0.986046511627907,0.9986282578875172,0.9987176901970435
HCV,XGB,V4,utama,21,0.9814814814814815,0.9814814814814814,0.9905660377358491,0.9722222222222222,0.9813084112149533,0.9976851851851852,0.9978903611797295
HCV,XGB,V4,utama,22,0.9722222222222222,0.9722222222222222,0.9553571428571429,0.9907407407407407,0.9727272727272728,0.9972565157750343,0.9972692501991798
HCV,XGB,V4,utama,23,0.9583333333333334,0.9583333333333333,0.9459459459459459,0.9722222222222222,0.958904109589041,0.9965706447187929,0.9966535867652835
HCV,XGB,V4,utama,24,0.9861111111111112,0.9861111111111112,0.981651376146789,0.9907407407407407,0.9861751152073732,0.9997427983539094,0.9997459159496197
HCV,XGB,V4,utama,25,0.9861111111111112,0.9861111111111112,0.9906542056074766,0.9814814814814815,0.986046511627907,0.9978566529492455,0.9976964228186507
HCV,XGB,V4,utama,26,0.9814814814814815,0.9814814814814814,0.9905660377358491,0.9722222222222222,0.9813084112149533,0.9991426611796982,0.9991132761896905
HCV,XGB,V4,utama,27,0.9675925925925926,0.9675925925925926,0.9469026548672567,0.9907407407407407,0.9683257918552036,0.9982853223593965,0.9983715803016436
HCV,XGB,V4,utama,28,0.9814814814814815,0.9814814814814814,0.9727272727272728,0.9907407407407407,0.981651376146789,0.9971707818930041,0.9969747094150311
HCV,XGB,V4,utama,29,0.9583333333333334,0.9583333333333333,0.9459459459459459,0.9722222222222222,0.958904109589041,0.996656378600823,0.9967689247516107
HCV,XGB,V4,utama,30,0.9722222222222222,0.9722222222222222,0.9473684210526315,1.0,0.972972972972973,0.9992283950617284,0.9992465169618473
HCV,XGB,V4,utama,31,0.9814814814814815,0.9814814814814814,0.9727272727272728,0.9907407407407407,0.981651376146789,0.9987139917695473,0.9988176442755027
HCV,XGB,V4,utama,32,0.9861111111111112,0.9861111111111112,0.981651376146789,0.9907407407407407,0.9861751152073732,0.9990569272976679,0.9991154802724552
HCV,XGB,V4,utama,33,0.9722222222222222,0.9722222222222222,0.9636363636363636,0.9814814814814815,0.9724770642201835,0.9967421124828533,0.9965086920886295
HCV,XGB,V4,utama,34,0.9768518518518519,0.9768518518518519,0.9813084112149533,0.9722222222222222,0.9767441860465116,0.9989711934156378,0.9990075358009082
HCV,XGB,V4,utama,35,0.9768518518518519,0.9768518518518519,0.9813084112149533,0.9722222222222222,0.9767441860465116,0.9982853223593964,0.9983454553381723
HCV,XGB,V4,utama,36,0.9814814814814815,0.9814814814814814,0.9727272727272728,0.9907407407407407,0.981651376146789,0.9967421124828533,0.9963658685095222
HCV,XGB,V4,utama,37,0.9768518518518519,0.9768518518518519,0.963963963963964,0.9907407407407407,0.9771689497716894,0.9993998628257887,0.9994188304988043
HCV,XGB,V4,utama,38,0.9537037037037037,0.9537037037037037,0.9537037037037037,0.9537037037037037,0.9537037037037037,0.994684499314129,0.9946050174979187
HCV,XGB,V4,utama,39,0.9861111111111112,0.9861111111111112,0.972972972972973,1.0,0.9863013698630136,1.0,1.0
HCV,XGB,V4,utama,40,0.9722222222222222,0.9722222222222222,0.9636363636363636,0.9814814814814815,0.9724770642201835,0.9959705075445816,0.9956322717691231
HCV,XGB,V4,utama,41,0.9722222222222222,0.9722222222222222,0.9553571428571429,0.9907407407407407,0.9727272727272728,0.9986282578875172,0.9986014284349063
HCV,XGB,V4,utama,42,0.9907407407407407,0.9907407407407407,0.9818181818181818,1.0,0.9908256880733946,0.999485596707819,0.9994878685306323
HCV,XGB,V4,utama,43,0.9768518518518519,0.9768518518518519,0.963963963963964,0.9907407407407407,0.9771689497716894,0.9991426611796983,0.9991579676502809
HCV,XGB,V4,utama,44,0.9583333333333334,0.9583333333333333,0.9541284403669725,0.9629629629629629,0.9585253456221198,0.9963134430727023,0.9964150134997782
HCV,XGB,V4,utama,45,0.9490740740740741,0.9490740740740741,0.9801980198019802,0.9166666666666666,0.9473684210526315,0.9890260631001372,0.9880089152541826
HCV,XGB,V4,utama,46,0.9907407407407407,0.9907407407407407,0.9818181818181818,1.0,0.9908256880733946,1.0,1.0
HCV,XGB,V4,utama,47,0.9629629629629629,0.962962962962963,0.9310344827586207,1.0,0.9642857142857143,0.9982853223593964,0.9982833706554906
HCV,XGB,V4,utama,48,0.9861111111111112,0.9861111111111112,0.972972972972973,1.0,0.9863013698630136,0.9997427983539094,0.99974974974975
HCV,XGB,V4,utama,49,0.9814814814814815,0.9814814814814814,0.9905660377358491,0.9722222222222222,0.9813084112149533,0.9988854595336076,0.9989073960884156
HCV,XGB,V4b,utama,0,0.967479674796748,0.9814814814814814,0.7894736842105263,1.0,0.8823529411764706,0.9987654320987653,0.9913888888888889
HCV,XGB,V4b,utama,1,0.959349593495935,0.9768518518518519,0.75,1.0,0.8571428571428571,0.9981481481481481,0.9866269841269841
HCV,XGB,V4b,utama,2,0.991869918699187,0.9953703703703703,0.9375,1.0,0.967741935483871,0.9993827160493827,0.9958333333333333
HCV,XGB,V4b,utama,3,0.9105691056910569,0.9203703703703704,0.5833333333333334,0.9333333333333333,0.717948717948718,0.9833333333333333,0.877207618089971
HCV,XGB,V4b,utama,4,0.991869918699187,0.9953703703703703,0.9375,1.0,0.967741935483871,1.0,1.0
HCV,XGB,V4b,utama,5,0.967479674796748,0.9814814814814814,0.7894736842105263,1.0,0.8823529411764706,0.9981481481481482,0.9866269841269841
HCV,XGB,V4b,utama,6,0.9512195121951219,0.9722222222222222,0.7142857142857143,1.0,0.8333333333333334,0.9987654320987654,0.9921568627450981
HCV,XGB,V4b,utama,7,0.983739837398374,0.9907407407407407,0.8823529411764706,1.0,0.9375,1.0,1.0
HCV,XGB,V4b,utama,8,0.943089430894309,0.9388888888888889,0.7,0.9333333333333333,0.8,0.9827160493827161,0.8392090425913955
HCV,XGB,V4b,utama,9,0.991869918699187,0.9953703703703703,0.9375,1.0,0.967741935483871,0.9993827160493827,0.9958333333333333
HCV,XGB,V4b,utama,10,1.0,1.0,1.0,1.0,1.0,1.0,1.0
HCV,XGB,V4b,utama,11,0.9349593495934959,0.9342592592592593,0.6666666666666666,0.9333333333333333,0.7777777777777778,0.9864197530864198,0.9279273504273504
HCV,XGB,V4b,utama,12,0.975609756097561,0.9861111111111112,0.8333333333333334,1.0,0.9090909090909091,0.9993827160493827,0.9958333333333333
HCV,XGB,V4b,utama,13,0.975609756097561,0.9861111111111112,0.8333333333333334,1.0,0.9090909090909091,0.9975308641975309,0.9838235294117647
HCV,XGB,V4b,utama,14,0.959349593495935,0.9768518518518519,0.75,1.0,0.8571428571428571,0.9987654320987653,0.9913888888888889
HCV,XGB,V4b,utama,15,1.0,1.0,1.0,1.0,1.0,1.0,1.0
HCV,XGB,V4b,utama,16,0.975609756097561,0.9861111111111112,0.8333333333333334,1.0,0.9090909090909091,1.0,1.0
HCV,XGB,V4b,utama,17,0.959349593495935,0.9481481481481482,0.7777777777777778,0.9333333333333333,0.8484848484848485,0.9969135802469137,0.9815204678362572
HCV,XGB,V4b,utama,18,0.967479674796748,0.9814814814814814,0.7894736842105263,1.0,0.8823529411764706,0.9901234567901235,0.927831656647446
HCV,XGB,V4b,utama,19,0.975609756097561,0.9861111111111112,0.8333333333333334,1.0,0.9090909090909091,0.9987654320987653,0.9913888888888889
HCV,XGB,V4b,utama,20,0.975609756097561,0.9861111111111112,0.8333333333333334,1.0,0.9090909090909091,0.9987654320987654,0.9921568627450981
HCV,XGB,V4b,utama,21,0.975609756097561,0.9574074074074075,0.875,0.9333333333333333,0.9032258064516129,0.9981481481481481,0.9888888888888889
HCV,XGB,V4b,utama,22,0.959349593495935,0.9768518518518519,0.75,1.0,0.8571428571428571,0.9962962962962962,0.9698826173826173
HCV,XGB,V4b,utama,23,0.975609756097561,0.9861111111111112,0.8333333333333334,1.0,0.9090909090909091,0.9987654320987653,0.9913888888888889
HCV,XGB,V4b,utama,24,0.967479674796748,0.9814814814814814,0.7894736842105263,1.0,0.8823529411764706,0.9981481481481482,0.9866269841269841
HCV,XGB,V4b,utama,25,0.975609756097561,0.9861111111111112,0.8333333333333334,1.0,0.9090909090909091,1.0,1.0
HCV,XGB,V4b,utama,26,0.967479674796748,0.9814814814814814,0.7894736842105263,1.0,0.8823529411764706,0.9987654320987654,0.9921568627450981
HCV,XGB,V4b,utama,27,1.0,1.0,1.0,1.0,1.0,1.0,1.0
HCV,XGB,V4b,utama,28,0.967479674796748,0.9527777777777777,0.8235294117647058,0.9333333333333333,0.875,0.995679012345679,0.975
HCV,XGB,V4b,utama,29,0.9349593495934959,0.962962962962963,0.6521739130434783,1.0,0.7894736842105263,0.987037037037037,0.9046224693206117
HCV,XGB,V4b,utama,30,0.967479674796748,0.9527777777777777,0.8235294117647058,0.9333333333333333,0.875,0.9944444444444445,0.9749999999999999
HCV,XGB,V4b,utama,31,0.975609756097561,0.9861111111111112,0.8333333333333334,1.0,0.9090909090909091,0.9907407407407407,0.9234184334184333
HCV,XGB,V4b,utama,32,0.967479674796748,0.9814814814814814,0.7894736842105263,1.0,0.8823529411764706,0.9987654320987654,0.9921568627450981
HCV,XGB,V4b,utama,33,0.967479674796748,0.9814814814814814,0.7894736842105263,1.0,0.8823529411764706,1.0,1.0
HCV,XGB,V4b,utama,34,0.967479674796748,0.9527777777777777,0.8235294117647058,0.9333333333333333,0.875,0.9962962962962962,0.9809523809523809
HCV,XGB,V4b,utama,35,0.9186991869918699,0.9537037037037037,0.6,1.0,0.75,0.9969135802469136,0.9778223084105437
HCV,XGB,V4b,utama,36,0.983739837398374,0.9907407407407407,0.8823529411764706,1.0,0.9375,0.9987654320987654,0.9921568627450981
HCV,XGB,V4b,utama,37,0.991869918699187,0.9953703703703703,0.9375,1.0,0.967741935483871,0.9987654320987653,0.9913888888888889
HCV,XGB,V4b,utama,38,0.967479674796748,0.9527777777777777,0.8235294117647058,0.9333333333333333,0.875,0.9981481481481481,0.9888888888888889
HCV,XGB,V4b,utama,39,0.967479674796748,0.9814814814814814,0.7894736842105263,1.0,0.8823529411764706,0.9981481481481482,0.9877124183006536
HCV,XGB,V4b,utama,40,0.959349593495935,0.9481481481481482,0.7777777777777778,0.9333333333333333,0.8484848484848485,0.9950617283950618,0.9660748023905918
HCV,XGB,V4b,utama,41,0.991869918699187,0.9953703703703703,0.9375,1.0,0.967741935483871,1.0,1.0
HCV,XGB,V4b,utama,42,0.975609756097561,0.9861111111111112,0.8333333333333334,1.0,0.9090909090909091,1.0,1.0
HCV,XGB,V4b,utama,43,0.943089430894309,0.9388888888888889,0.7,0.9333333333333333,0.8,0.9925925925925926,0.9569214843127887
HCV,XGB,V4b,utama,44,0.959349593495935,0.9768518518518519,0.75,1.0,0.8571428571428571,0.9975308641975309,0.9838235294117647
HCV,XGB,V4b,utama,45,0.983739837398374,0.9907407407407407,0.8823529411764706,1.0,0.9375,1.0,1.0
HCV,XGB,V4b,utama,46,0.943089430894309,0.9675925925925926,0.6818181818181818,1.0,0.8108108108108109,0.9969135802469136,0.9805555555555555
HCV,XGB,V4b,utama,47,0.975609756097561,0.9574074074074075,0.875,0.9333333333333333,0.9032258064516129,0.9962962962962962,0.9809523809523809
HCV,XGB,V4b,utama,48,0.959349593495935,0.9768518518518519,0.75,1.0,0.8571428571428571,0.9962962962962963,0.9722667528549882
HCV,XGB,V4b,utama,49,0.967479674796748,0.9814814814814814,0.7894736842105263,1.0,0.8823529411764706,0.995679012345679,0.9723622782446311
Hepatitis,NB,V1,utama,0,0.8064516129032258,0.7533333333333333,0.5,0.6666666666666666,0.5714285714285714,0.9366666666666666,0.8425925925925926
Hepatitis,NB,V1,utama,1,0.8387096774193549,0.8366666666666667,0.5555555555555556,0.8333333333333334,0.6666666666666666,0.8333333333333333,0.4481481481481482
Hepatitis,NB,V1,utama,2,0.8709677419354839,0.8566666666666667,0.625,0.8333333333333334,0.7142857142857143,0.8400000000000001,0.7284920634920634
Hepatitis,NB,V1,utama,3,0.8387096774193549,0.8452380952380952,0.6,0.8571428571428571,0.7058823529411765,0.9166666666666666,0.8312074829931972
Hepatitis,NB,V1,utama,4,0.7741935483870968,0.8035714285714286,0.5,0.8571428571428571,0.631578947368421,0.8511904761904762,0.6054421768707483
Hepatitis,NB,V1,utama,5,0.9354838709677419,0.96,0.75,1.0,0.8571428571428571,0.9733333333333334,0.9107142857142856
Hepatitis,NB,V1,utama,6,0.8387096774193549,0.8366666666666667,0.5555555555555556,0.8333333333333334,0.6666666666666666,0.8266666666666667,0.5777638540796436
Hepatitis,NB,V1,utama,7,0.8709677419354839,0.8566666666666667,0.625,0.8333333333333334,0.7142857142857143,0.9,0.7096611721611721
Hepatitis,NB,V1,utama,8,0.9354838709677419,0.8571428571428572,1.0,0.7142857142857143,0.8333333333333334,0.8869047619047619,0.8398268398268398
Hepatitis,NB,V1,utama,9,0.7419354838709677,0.6815476190476191,0.4444444444444444,0.5714285714285714,0.5,0.7499999999999999,0.6125541125541125
Hepatitis,NB,V1,utama,10,0.9032258064516129,0.8766666666666667,0.7142857142857143,0.8333333333333334,0.7692307692307693,0.9199999999999999,0.6801587301587302
Hepatitis,NB,V1,utama,11,0.8064516129032258,0.7533333333333333,0.5,0.6666666666666666,0.5714285714285714,0.8133333333333334,0.6073232323232323
Hepatitis,NB,V1,utama,12,0.8387096774193549,0.8366666666666667,0.5555555555555556,0.8333333333333334,0.6666666666666666,0.9066666666666667,0.7294973544973544
Hepatitis,NB,V1,utama,13,0.7741935483870968,0.7023809523809523,0.5,0.5714285714285714,0.5333333333333333,0.8154761904761905,0.7335497835497835
Hepatitis,NB,V1,utama,14,0.8064516129032258,0.8244047619047619,0.5454545454545454,0.8571428571428571,0.6666666666666666,0.9166666666666666,0.8312074829931972
Hepatitis,NB,V1,utama,15,0.8387096774193549,0.7733333333333333,0.5714285714285714,0.6666666666666666,0.6153846153846154,0.8766666666666667,0.6868686868686867
Hepatitis,NB,V1,utama,16,0.8709677419354839,0.8566666666666667,0.625,0.8333333333333334,0.7142857142857143,0.8933333333333333,0.7857142857142857
Hepatitis,NB,V1,utama,17,0.8709677419354839,0.9199999999999999,0.6,1.0,0.75,0.98,0.9305555555555556
Hepatitis,NB,V1,utama,18,0.8387096774193549,0.7440476190476191,0.6666666666666666,0.5714285714285714,0.6153846153846154,0.7738095238095238,0.5402683295540438
Hepatitis,NB,V1,utama,19,0.7741935483870968,0.7529761904761905,0.5,0.7142857142857143,0.5882352941176471,0.8095238095238094,0.6981292517006803
Hepatitis,NB,V1,utama,20,0.8709677419354839,0.7933333333333333,0.6666666666666666,0.6666666666666666,0.6666666666666666,0.8733333333333334,0.7895927601809954
Hepatitis,NB,V1,utama,21,0.8387096774193549,0.7733333333333333,0.5714285714285714,0.6666666666666666,0.6153846153846154,0.8666666666666667,0.8047138047138047
Hepatitis,NB,V1,utama,22,0.8064516129032258,0.8166666666666667,0.5,0.8333333333333334,0.625,0.8266666666666667,0.7732142857142857
Hepatitis,NB,V1,utama,23,0.8387096774193549,0.8452380952380952,0.6,0.8571428571428571,0.7058823529411765,0.880952380952381,0.6586691086691085
Hepatitis,NB,V1,utama,24,0.7419354838709677,0.7321428571428572,0.45454545454545453,0.7142857142857143,0.5555555555555556,0.7797619047619048,0.5547309833024119
Hepatitis,NB,V1,utama,25,0.8064516129032258,0.8166666666666667,0.5,0.8333333333333334,0.625,0.76,0.5703703703703704
Hepatitis,NB,V1,utama,26,0.7741935483870968,0.7333333333333334,0.4444444444444444,0.6666666666666666,0.5333333333333333,0.8666666666666667,0.7393790849673202
Hepatitis,NB,V1,utama,27,0.8709677419354839,0.7933333333333333,0.6666666666666666,0.6666666666666666,0.6666666666666666,0.92,0.8482142857142856
Hepatitis,NB,V1,utama,28,0.9032258064516129,0.8869047619047619,0.75,0.8571428571428571,0.8,0.8928571428571428,0.8282312925170068
Hepatitis,NB,V1,utama,29,0.7741935483870968,0.7023809523809523,0.5,0.5714285714285714,0.5333333333333333,0.8392857142857142,0.7049062049062049
Hepatitis,NB,V1,utama,30,0.9032258064516129,0.94,0.6666666666666666,1.0,0.8,0.9466666666666667,0.7884920634920634
Hepatitis,NB,V1,utama,31,0.8064516129032258,0.69,0.5,0.5,0.5,0.7866666666666666,0.6703703703703703
Hepatitis,NB,V1,utama,32,0.8064516129032258,0.8166666666666667,0.5,0.8333333333333334,0.625,0.9066666666666667,0.7389601139601139
Hepatitis,NB,V1,utama,33,0.8064516129032258,0.7232142857142857,0.5714285714285714,0.5714285714285714,0.5714285714285714,0.7797619047619048,0.5791925465838509
Hepatitis,NB,V1,utama,34,0.8064516129032258,0.8244047619047619,0.5454545454545454,0.8571428571428571,0.6666666666666666,0.886904761904762,0.7663265306122449
Hepatitis,NB,V1,utama,35,0.7741935483870968,0.6699999999999999,0.42857142857142855,0.5,0.46153846153846156,0.7466666666666666,0.6414786967418546
Hepatitis,NB,V1,utama,36,0.8387096774193549,0.8366666666666667,0.5555555555555556,0.8333333333333334,0.6666666666666666,0.9466666666666667,0.8592592592592592
Hepatitis,NB,V1,utama,37,0.7741935483870968,0.7333333333333334,0.4444444444444444,0.6666666666666666,0.5333333333333333,0.7533333333333334,0.45565476190476184
Hepatitis,NB,V1,utama,38,0.8709677419354839,0.8660714285714286,0.6666666666666666,0.8571428571428571,0.75,0.9821428571428571,0.9571428571428571
Hepatitis,NB,V1,utama,39,0.8387096774193549,0.8452380952380952,0.6,0.8571428571428571,0.7058823529411765,0.8809523809523809,0.7502834467120181
Hepatitis,NB,V1,utama,40,0.8709677419354839,0.7933333333333333,0.6666666666666666,0.6666666666666666,0.6666666666666666,0.8200000000000001,0.6966450216450216
Hepatitis,NB,V1,utama,41,0.7741935483870968,0.7966666666666666,0.45454545454545453,0.8333333333333334,0.5882352941176471,0.8466666666666667,0.7170893719806763
Hepatitis,NB,V1,utama,42,0.7419354838709677,0.7766666666666666,0.4166666666666667,0.8333333333333334,0.5555555555555556,0.8533333333333334,0.6674603174603174
Hepatitis,NB,V1,utama,43,0.9354838709677419,0.8571428571428572,1.0,0.7142857142857143,0.8333333333333334,0.9047619047619048,0.8595238095238094
Hepatitis,NB,V1,utama,44,0.7741935483870968,0.7023809523809523,0.5,0.5714285714285714,0.5333333333333333,0.8630952380952381,0.6803030303030302
Hepatitis,NB,V1,utama,45,0.8709677419354839,0.7933333333333333,0.6666666666666666,0.6666666666666666,0.6666666666666666,0.8266666666666667,0.7655945419103314
Hepatitis,NB,V1,utama,46,0.8064516129032258,0.8166666666666667,0.5,0.8333333333333334,0.625,0.8933333333333333,0.6646825396825397
Hepatitis,NB,V1,utama,47,0.7741935483870968,0.7966666666666666,0.45454545454545453,0.8333333333333334,0.5882352941176471,0.86,0.6805555555555555
Hepatitis,NB,V1,utama,48,0.8064516129032258,0.7232142857142857,0.5714285714285714,0.5714285714285714,0.5714285714285714,0.8333333333333334,0.7006802721088434
Hepatitis,NB,V1,utama,49,0.9354838709677419,0.9077380952380952,0.8571428571428571,0.8571428571428571,0.8571428571428571,0.9523809523809524,0.919642857142857
Hepatitis,NB,V2,utama,0,0.86,0.86,0.875,0.84,0.8571428571428571,0.9231999999999999,0.9122000603186768
Hepatitis,NB,V2,utama,1,0.8367346938775511,0.8383333333333334,0.7857142857142857,0.9166666666666666,0.8461538461538461,0.8866666666666667,0.8339921498652133
Hepatitis,NB,V2,utama,2,0.7551020408163265,0.7541666666666667,0.7727272727272727,0.7083333333333334,0.7391304347826086,0.8500000000000001,0.8753638841503867
Hepatitis,NB,V2,utama,3,0.8367346938775511,0.8375,0.8695652173913043,0.8,0.8333333333333334,0.9133333333333333,0.910917580478302
Hepatitis,NB,V2,utama,4,0.7346938775510204,0.735,0.75,0.72,0.7346938775510204,0.8033333333333333,0.7784232959133262
Hepatitis,NB,V2,utama,5,0.78,0.78,0.75,0.84,0.7924528301886793,0.8864,0.8546509761484529
Hepatitis,NB,V2,utama,6,0.7755102040816326,0.7733333333333333,0.8421052631578947,0.6666666666666666,0.7441860465116279,0.8916666666666667,0.8662943194836025
Hepatitis,NB,V2,utama,7,0.8571428571428571,0.8574999999999999,0.84,0.875,0.8571428571428571,0.885,0.8500952412853336
Hepatitis,NB,V2,utama,8,0.8163265306122449,0.8166666666666667,0.8333333333333334,0.8,0.8163265306122449,0.88,0.8669888688634761
Hepatitis,NB,V2,utama,9,0.7959183673469388,0.7975,0.8571428571428571,0.72,0.782608695652174,0.8866666666666666,0.9176839329253124
Hepatitis,NB,V2,utama,10,0.74,0.74,0.7307692307692307,0.76,0.7450980392156863,0.8592000000000001,0.8237084626846791
Hepatitis,NB,V2,utama,11,0.9183673469387755,0.9191666666666667,0.8846153846153846,0.9583333333333334,0.92,0.9766666666666668,0.9836242492492493
Hepatitis,NB,V2,utama,12,0.8571428571428571,0.8558333333333333,0.9047619047619048,0.7916666666666666,0.8444444444444444,0.9166666666666666,0.8824133514771623
Hepatitis,NB,V2,utama,13,0.7142857142857143,0.7158333333333333,0.7619047619047619,0.64,0.6956521739130435,0.8233333333333333,0.7769058625244024
Hepatitis,NB,V2,utama,14,0.7142857142857143,0.7141666666666666,0.72,0.72,0.72,0.86,0.8703298935751431
Hepatitis,NB,V2,utama,15,0.86,0.8600000000000001,0.8214285714285714,0.92,0.8679245283018868,0.9119999999999999,0.9038980385154299
Hepatitis,NB,V2,utama,16,0.7959183673469388,0.7958333333333334,0.7916666666666666,0.7916666666666666,0.7916666666666666,0.905,0.9263741830013997
Hepatitis,NB,V2,utama,17,0.6530612244897959,0.6508333333333334,0.6842105263157895,0.5416666666666666,0.6046511627906976,0.8016666666666666,0.7854998780106538
Hepatitis,NB,V2,utama,18,0.8571428571428571,0.8574999999999999,0.875,0.84,0.8571428571428571,0.9133333333333333,0.9001542660827296
Hepatitis,NB,V2,utama,19,0.8775510204081632,0.8766666666666667,0.8518518518518519,0.92,0.8846153846153846,0.9166666666666666,0.9191731167972323
Hepatitis,NB,V2,utama,20,0.78,0.78,0.75,0.84,0.7924528301886793,0.848,0.8377521747258591
Hepatitis,NB,V2,utama,21,0.8979591836734694,0.8983333333333333,0.88,0.9166666666666666,0.8979591836734694,0.9233333333333333,0.8980228594402776
Hepatitis,NB,V2,utama,22,0.7959183673469388,0.7941666666666667,0.85,0.7083333333333334,0.7727272727272727,0.8866666666666667,0.9146614768725753
Hepatitis,NB,V2,utama,23,0.8163265306122449,0.8158333333333333,0.8076923076923077,0.84,0.8235294117647058,0.8416666666666668,0.7918435452504102
Hepatitis,NB,V2,utama,24,0.8163265306122449,0.8166666666666667,0.8333333333333334,0.8,0.8163265306122449,0.9091666666666667,0.9010479355027746
Hepatitis,NB,V2,utama,25,0.78,0.78,0.8181818181818182,0.72,0.7659574468085106,0.8976,0.9030057160559857
Hepatitis,NB,V2,utama,26,0.7346938775510204,0.735,0.72,0.75,0.7346938775510204,0.825,0.8206550777966487
Hepatitis,NB,V2,utama,27,0.7959183673469388,0.7958333333333334,0.7916666666666666,0.7916666666666666,0.7916666666666666,0.8883333333333333,0.8691562694117374
Hepatitis,NB,V2,utama,28,0.8571428571428571,0.8583333333333334,0.9090909090909091,0.8,0.851063829787234,0.9516666666666667,0.9618026625704046
Hepatitis,NB,V2,utama,29,0.8163265306122449,0.8158333333333333,0.8076923076923077,0.84,0.8235294117647058,0.88,0.8647803582436284
Hepatitis,NB,V2,utama,30,0.72,0.72,0.7037037037037037,0.76,0.7307692307692307,0.8576,0.8772620003028065
Hepatitis,NB,V2,utama,31,0.7755102040816326,0.7733333333333333,0.8421052631578947,0.6666666666666666,0.7441860465116279,0.8466666666666667,0.8284940546708588
Hepatitis,NB,V2,utama,32,0.8571428571428571,0.8583333333333334,0.8148148148148148,0.9166666666666666,0.8627450980392157,0.8683333333333334,0.8333834864378672
Hepatitis,NB,V2,utama,33,0.7755102040816326,0.7758333333333334,0.7916666666666666,0.76,0.7755102040816326,0.9033333333333333,0.8926337501718246
Hepatitis,NB,V2,utama,34,0.9183673469387755,0.9183333333333333,0.92,0.92,0.92,0.9400000000000001,0.9048583410526457
Hepatitis,NB,V2,utama,35,0.72,0.72,0.72,0.72,0.72,0.876,0.8943828545093251
Hepatitis,NB,V2,utama,36,0.8367346938775511,0.835,0.9,0.75,0.8181818181818182,0.9133333333333333,0.8715493803562288
Hepatitis,NB,V2,utama,37,0.8163265306122449,0.8158333333333333,0.8260869565217391,0.7916666666666666,0.8085106382978723,0.9,0.8706289050965179
Hepatitis,NB,V2,utama,38,0.7551020408163265,0.7541666666666667,0.7407407407407407,0.8,0.7692307692307693,0.77,0.7217854467307288
Hepatitis,NB,V2,utama,39,0.8571428571428571,0.8566666666666667,0.8461538461538461,0.88,0.8627450980392157,0.9349999999999999,0.9574510822510823
Hepatitis,NB,V2,utama,40,0.74,0.74,0.75,0.72,0.7346938775510204,0.8064,0.8161832870753183
Hepatitis,NB,V2,utama,41,0.8163265306122449,0.8175,0.7777777777777778,0.875,0.8235294117647058,0.8816666666666667,0.8485391797802808
Hepatitis,NB,V2,utama,42,0.8775510204081632,0.8758333333333332,0.95,0.7916666666666666,0.8636363636363636,0.9316666666666668,0.9013029721611379
Hepatitis,NB,V2,utama,43,0.8571428571428571,0.8566666666666667,0.8461538461538461,0.88,0.8627450980392157,0.9283333333333333,0.9403639698411
Hepatitis,NB,V2,utama,44,0.7959183673469388,0.7966666666666666,0.8260869565217391,0.76,0.7916666666666666,0.8875,0.8852033735809761
Hepatitis,NB,V2,utama,45,0.78,0.78,0.75,0.84,0.7924528301886793,0.8208,0.7922731377781922
Hepatitis,NB,V2,utama,46,0.8163265306122449,0.815,0.8571428571428571,0.75,0.8,0.9333333333333333,0.9392282622867933
Hepatitis,NB,V2,utama,47,0.7959183673469388,0.7949999999999999,0.8181818181818182,0.75,0.782608695652174,0.875,0.8968852905860046
Hepatitis,NB,V2,utama,48,0.7755102040816326,0.7766666666666666,0.8181818181818182,0.72,0.7659574468085106,0.8633333333333334,0.8035875308833358
Hepatitis,NB,V2,utama,49,0.8775510204081632,0.8775,0.88,0.88,0.88,0.865,0.8004285744930721
Hepatitis,NB,V2b,utama,0,0.8387096774193549,0.7733333333333333,0.5714285714285714,0.6666666666666666,0.6153846153846154,0.94,0.8541666666666665
Hepatitis,NB,V2b,utama,1,0.7741935483870968,0.7966666666666666,0.45454545454545453,0.8333333333333334,0.5882352941176471,0.8666666666666667,0.4981481481481481
Hepatitis,NB,V2b,utama,2,0.7741935483870968,0.7966666666666666,0.45454545454545453,0.8333333333333334,0.5882352941176471,0.8533333333333334,0.8106837606837607
Hepatitis,NB,V2b,utama,3,0.8064516129032258,0.7738095238095238,0.5555555555555556,0.7142857142857143,0.625,0.8690476190476191,0.792517006802721
Hepatitis,NB,V2b,utama,4,0.7419354838709677,0.7827380952380952,0.46153846153846156,0.8571428571428571,0.6,0.8452380952380951,0.5999476713762428
Hepatitis,NB,V2b,utama,5,0.9354838709677419,0.96,0.75,1.0,0.8571428571428571,0.9733333333333334,0.9107142857142856
Hepatitis,NB,V2b,utama,6,0.7419354838709677,0.7133333333333334,0.4,0.6666666666666666,0.5,0.8066666666666666,0.5582972582972583
Hepatitis,NB,V2b,utama,7,0.7419354838709677,0.7766666666666666,0.4166666666666667,0.8333333333333334,0.5555555555555556,0.88,0.6506965256965257
Hepatitis,NB,V2b,utama,8,0.8064516129032258,0.7738095238095238,0.5555555555555556,0.7142857142857143,0.625,0.9107142857142857,0.8482142857142856
Hepatitis,NB,V2b,utama,9,0.7419354838709677,0.7321428571428572,0.45454545454545453,0.7142857142857143,0.5555555555555556,0.7976190476190476,0.6646031746031746
Hepatitis,NB,V2b,utama,10,0.8387096774193549,0.9,0.5454545454545454,1.0,0.7058823529411765,0.9266666666666666,0.6912698412698413
Hepatitis,NB,V2b,utama,11,0.7741935483870968,0.7333333333333334,0.4444444444444444,0.6666666666666666,0.5333333333333333,0.8266666666666667,0.680383022774327
Hepatitis,NB,V2b,utama,12,0.8709677419354839,0.9199999999999999,0.6,1.0,0.75,0.9333333333333333,0.773611111111111
Hepatitis,NB,V2b,utama,13,0.6774193548387096,0.6398809523809523,0.36363636363636365,0.5714285714285714,0.4444444444444444,0.8035714285714285,0.7269947443860487
Hepatitis,NB,V2b,utama,14,0.9032258064516129,0.9375,0.7,1.0,0.8235294117647058,0.9821428571428571,0.947845804988662
Hepatitis,NB,V2b,utama,15,0.8387096774193549,0.8366666666666667,0.5555555555555556,0.8333333333333334,0.6666666666666666,0.8933333333333333,0.7084656084656084
Hepatitis,NB,V2b,utama,16,0.8064516129032258,0.8166666666666667,0.5,0.8333333333333334,0.625,0.9133333333333333,0.7968253968253968
Hepatitis,NB,V2b,utama,17,0.8387096774193549,0.9,0.5454545454545454,1.0,0.7058823529411765,0.9533333333333334,0.8631313131313131
Hepatitis,NB,V2b,utama,18,0.8064516129032258,0.7738095238095238,0.5555555555555556,0.7142857142857143,0.625,0.7916666666666667,0.6002500145357288
Hepatitis,NB,V2b,utama,19,0.7419354838709677,0.7827380952380952,0.46153846153846156,0.8571428571428571,0.6,0.8392857142857143,0.7638888888888888
Hepatitis,NB,V2b,utama,20,0.9032258064516129,0.8133333333333332,0.8,0.6666666666666666,0.7272727272727273,0.8933333333333334,0.8088235294117647
Hepatitis,NB,V2b,utama,21,0.7419354838709677,0.7766666666666666,0.4166666666666667,0.8333333333333334,0.5555555555555556,0.9066666666666667,0.829656862745098
Hepatitis,NB,V2b,utama,22,0.8064516129032258,0.8166666666666667,0.5,0.8333333333333334,0.625,0.8400000000000001,0.6951587301587302
Hepatitis,NB,V2b,utama,23,0.8064516129032258,0.875,0.5384615384615384,1.0,0.7,0.9047619047619048,0.6927798392084106
Hepatitis,NB,V2b,utama,24,0.7419354838709677,0.7827380952380952,0.46153846153846156,0.8571428571428571,0.6,0.7946428571428571,0.5627594627594628
Hepatitis,NB,V2b,utama,25,0.7741935483870968,0.7966666666666666,0.45454545454545453,0.8333333333333334,0.5882352941176471,0.76,0.5437420178799489
Hepatitis,NB,V2b,utama,26,0.7741935483870968,0.7966666666666666,0.45454545454545453,0.8333333333333334,0.5882352941176471,0.8733333333333334,0.7646464646464646
Hepatitis,NB,V2b,utama,27,0.8709677419354839,0.8566666666666667,0.625,0.8333333333333334,0.7142857142857143,0.9466666666666667,0.8824786324786325
Hepatitis,NB,V2b,utama,28,0.7741935483870968,0.8035714285714286,0.5,0.8571428571428571,0.631578947368421,0.9464285714285714,0.8864468864468864
Hepatitis,NB,V2b,utama,29,0.7741935483870968,0.7529761904761905,0.5,0.7142857142857143,0.5882352941176471,0.8452380952380951,0.6113487819370171
Hepatitis,NB,V2b,utama,30,0.9032258064516129,0.94,0.6666666666666666,1.0,0.8,0.9533333333333334,0.8134920634920634
Hepatitis,NB,V2b,utama,31,0.7741935483870968,0.7333333333333334,0.4444444444444444,0.6666666666666666,0.5333333333333333,0.9,0.7543290043290043
Hepatitis,NB,V2b,utama,32,0.8064516129032258,0.88,0.5,1.0,0.6666666666666666,0.9266666666666666,0.762037037037037
Hepatitis,NB,V2b,utama,33,0.6774193548387096,0.6398809523809523,0.36363636363636365,0.5714285714285714,0.4444444444444444,0.7559523809523809,0.5480498866213152
Hepatitis,NB,V2b,utama,34,0.8064516129032258,0.8244047619047619,0.5454545454545454,0.8571428571428571,0.6666666666666666,0.8988095238095238,0.804672395273899
Hepatitis,NB,V2b,utama,35,0.7096774193548387,0.63,0.3333333333333333,0.5,0.4,0.76,0.6632275132275132
Hepatitis,NB,V2b,utama,36,0.8709677419354839,0.8566666666666667,0.625,0.8333333333333334,0.7142857142857143,0.96,0.8819444444444444
Hepatitis,NB,V2b,utama,37,0.7741935483870968,0.7333333333333334,0.4444444444444444,0.6666666666666666,0.5333333333333333,0.7466666666666667,0.4842047930283224
Hepatitis,NB,V2b,utama,38,0.9032258064516129,0.9375,0.7,1.0,0.8235294117647058,0.9821428571428571,0.9571428571428571
Hepatitis,NB,V2b,utama,39,0.7419354838709677,0.7827380952380952,0.46153846153846156,0.8571428571428571,0.6,0.8988095238095238,0.7561024409763906
Hepatitis,NB,V2b,utama,40,0.8709677419354839,0.7933333333333333,0.6666666666666666,0.6666666666666666,0.6666666666666666,0.8333333333333334,0.7507575757575757
Hepatitis,NB,V2b,utama,41,0.7741935483870968,0.7966666666666666,0.45454545454545453,0.8333333333333334,0.5882352941176471,0.8533333333333334,0.758756038647343
Hepatitis,NB,V2b,utama,42,0.6451612903225806,0.6533333333333333,0.3076923076923077,0.6666666666666666,0.42105263157894735,0.8266666666666667,0.6567460317460316
Hepatitis,NB,V2b,utama,43,0.8387096774193549,0.7946428571428572,0.625,0.7142857142857143,0.6666666666666666,0.9404761904761905,0.8809523809523809
Hepatitis,NB,V2b,utama,44,0.7741935483870968,0.8035714285714286,0.5,0.8571428571428571,0.631578947368421,0.8809523809523809,0.6984959484959485
Hepatitis,NB,V2b,utama,45,0.7419354838709677,0.7133333333333334,0.4,0.6666666666666666,0.5,0.8733333333333333,0.7886904761904762
Hepatitis,NB,V2b,utama,46,0.7741935483870968,0.86,0.46153846153846156,1.0,0.631578947368421,0.88,0.6213675213675214
Hepatitis,NB,V2b,utama,47,0.7741935483870968,0.7966666666666666,0.45454545454545453,0.8333333333333334,0.5882352941176471,0.8666666666666666,0.6829365079365078
Hepatitis,NB,V2b,utama,48,0.8387096774193549,0.8452380952380952,0.6,0.8571428571428571,0.7058823529411765,0.8095238095238095,0.7109977324263037
Hepatitis,NB,V2b,utama,49,0.9032258064516129,0.8869047619047619,0.75,0.8571428571428571,0.8,0.9613095238095237,0.9285714285714284
Hepatitis,NB,V3,utama,0,0.8709677419354839,0.7933333333333333,0.6666666666666666,0.6666666666666666,0.6666666666666666,0.9199999999999999,0.8374999999999999
Hepatitis,NB,V3,utama,1,0.8387096774193549,0.8366666666666667,0.5555555555555556,0.8333333333333334,0.6666666666666666,0.8333333333333334,0.4481481481481482
Hepatitis,NB,V3,utama,2,0.8709677419354839,0.7933333333333333,0.6666666666666666,0.6666666666666666,0.6666666666666666,0.8400000000000001,0.7284920634920634
Hepatitis,NB,V3,utama,3,0.8387096774193549,0.8452380952380952,0.6,0.8571428571428571,0.7058823529411765,0.9166666666666666,0.8312074829931972
Hepatitis,NB,V3,utama,4,0.7741935483870968,0.7529761904761905,0.5,0.7142857142857143,0.5882352941176471,0.8571428571428571,0.6507936507936507
Hepatitis,NB,V3,utama,5,0.8387096774193549,0.8366666666666667,0.5555555555555556,0.8333333333333334,0.6666666666666666,0.9466666666666667,0.8592592592592592
Hepatitis,NB,V3,utama,6,0.8387096774193549,0.8366666666666667,0.5555555555555556,0.8333333333333334,0.6666666666666666,0.8266666666666667,0.5777638540796436
Hepatitis,NB,V3,utama,7,0.8709677419354839,0.8566666666666667,0.625,0.8333333333333334,0.7142857142857143,0.9,0.7096611721611721
Hepatitis,NB,V3,utama,8,0.9354838709677419,0.8571428571428572,1.0,0.7142857142857143,0.8333333333333334,0.8869047619047619,0.8357142857142856
Hepatitis,NB,V3,utama,9,0.8064516129032258,0.7232142857142857,0.5714285714285714,0.5714285714285714,0.5714285714285714,0.7678571428571429,0.6100831241587543
Hepatitis,NB,V3,utama,10,0.9032258064516129,0.8766666666666667,0.7142857142857143,0.8333333333333334,0.7692307692307693,0.9199999999999999,0.6801587301587302
Hepatitis,NB,V3,utama,11,0.7741935483870968,0.7333333333333334,0.4444444444444444,0.6666666666666666,0.5333333333333333,0.7933333333333333,0.6018686868686869
Hepatitis,NB,V3,utama,12,0.8387096774193549,0.8366666666666667,0.5555555555555556,0.8333333333333334,0.6666666666666666,0.9066666666666667,0.7294973544973544
Hepatitis,NB,V3,utama,13,0.8387096774193549,0.7946428571428572,0.625,0.7142857142857143,0.6666666666666666,0.8214285714285714,0.7534461152882206
Hepatitis,NB,V3,utama,14,0.8709677419354839,0.8660714285714286,0.6666666666666666,0.8571428571428571,0.75,0.9464285714285714,0.8690476190476191
Hepatitis,NB,V3,utama,15,0.8064516129032258,0.69,0.5,0.5,0.5,0.8466666666666667,0.6571289334447229
Hepatitis,NB,V3,utama,16,0.8709677419354839,0.8566666666666667,0.625,0.8333333333333334,0.7142857142857143,0.8933333333333333,0.7857142857142857
Hepatitis,NB,V3,utama,17,0.9032258064516129,0.94,0.6666666666666666,1.0,0.8,0.9866666666666666,0.9484126984126984
Hepatitis,NB,V3,utama,18,0.8387096774193549,0.7440476190476191,0.6666666666666666,0.5714285714285714,0.6153846153846154,0.7678571428571428,0.5371170690498421
Hepatitis,NB,V3,utama,19,0.7741935483870968,0.8035714285714286,0.5,0.8571428571428571,0.631578947368421,0.8809523809523809,0.7523809523809524
Hepatitis,NB,V3,utama,20,0.967741935483871,0.9166666666666667,1.0,0.8333333333333334,0.9090909090909091,0.9066666666666667,0.8833333333333333
Hepatitis,NB,V3,utama,21,0.8387096774193549,0.7733333333333333,0.5714285714285714,0.6666666666666666,0.6153846153846154,0.8666666666666667,0.7976190476190476
Hepatitis,NB,V3,utama,22,0.8709677419354839,0.8566666666666667,0.625,0.8333333333333334,0.7142857142857143,0.8666666666666667,0.7829545454545455
Hepatitis,NB,V3,utama,23,0.8387096774193549,0.8452380952380952,0.6,0.8571428571428571,0.7058823529411765,0.8809523809523809,0.6586691086691085
Hepatitis,NB,V3,utama,24,0.7419354838709677,0.7321428571428572,0.45454545454545453,0.7142857142857143,0.5555555555555556,0.7797619047619048,0.5547309833024119
Hepatitis,NB,V3,utama,25,0.8064516129032258,0.8166666666666667,0.5,0.8333333333333334,0.625,0.7666666666666666,0.5292022792022792
Hepatitis,NB,V3,utama,26,0.8709677419354839,0.8566666666666667,0.625,0.8333333333333334,0.7142857142857143,0.9333333333333333,0.8293040293040292
Hepatitis,NB,V3,utama,27,0.8709677419354839,0.7933333333333333,0.6666666666666666,0.6666666666666666,0.6666666666666666,0.9266666666666666,0.8523809523809522
Hepatitis,NB,V3,utama,28,0.9032258064516129,0.8869047619047619,0.75,0.8571428571428571,0.8,0.8928571428571428,0.8282312925170068
Hepatitis,NB,V3,utama,29,0.7741935483870968,0.7023809523809523,0.5,0.5714285714285714,0.5333333333333333,0.8392857142857142,0.7049062049062049
Hepatitis,NB,V3,utama,30,0.8709677419354839,0.8566666666666667,0.625,0.8333333333333334,0.7142857142857143,0.9333333333333333,0.7688492063492063
Hepatitis,NB,V3,utama,31,0.8064516129032258,0.69,0.5,0.5,0.5,0.7933333333333333,0.6730936819172113
Hepatitis,NB,V3,utama,32,0.8387096774193549,0.8366666666666667,0.5555555555555556,0.8333333333333334,0.6666666666666666,0.9266666666666667,0.7751683501683501
Hepatitis,NB,V3,utama,33,0.8064516129032258,0.7232142857142857,0.5714285714285714,0.5714285714285714,0.5714285714285714,0.7678571428571428,0.5982615268329554
Hepatitis,NB,V3,utama,34,0.9032258064516129,0.9375,0.7,1.0,0.8235294117647058,0.9642857142857143,0.8917233560090703
Hepatitis,NB,V3,utama,35,0.7741935483870968,0.6699999999999999,0.42857142857142855,0.5,0.46153846153846156,0.7533333333333333,0.6451417004048583
Hepatitis,NB,V3,utama,36,0.8387096774193549,0.8366666666666667,0.5555555555555556,0.8333333333333334,0.6666666666666666,0.9466666666666667,0.8592592592592592
Hepatitis,NB,V3,utama,37,0.8709677419354839,0.8566666666666667,0.625,0.8333333333333334,0.7142857142857143,0.86,0.5523809523809523
Hepatitis,NB,V3,utama,38,0.8709677419354839,0.8154761904761905,0.7142857142857143,0.7142857142857143,0.7142857142857143,0.9642857142857143,0.8976190476190475
Hepatitis,NB,V3,utama,39,0.8387096774193549,0.8452380952380952,0.6,0.8571428571428571,0.7058823529411765,0.880952380952381,0.7502834467120181
Hepatitis,NB,V3,utama,40,0.8709677419354839,0.7933333333333333,0.6666666666666666,0.6666666666666666,0.6666666666666666,0.8066666666666666,0.6995726495726495
Hepatitis,NB,V3,utama,41,0.8064516129032258,0.88,0.5,1.0,0.6666666666666666,0.9133333333333333,0.7436868686868687
Hepatitis,NB,V3,utama,42,0.8064516129032258,0.8166666666666667,0.5,0.8333333333333334,0.625,0.8400000000000001,0.6845238095238094
Hepatitis,NB,V3,utama,43,0.9354838709677419,0.8571428571428572,1.0,0.7142857142857143,0.8333333333333334,0.9047619047619048,0.8595238095238094
Hepatitis,NB,V3,utama,44,0.8064516129032258,0.7738095238095238,0.5555555555555556,0.7142857142857143,0.625,0.8988095238095238,0.7202741702741702
Hepatitis,NB,V3,utama,45,0.8387096774193549,0.7733333333333333,0.5714285714285714,0.6666666666666666,0.6153846153846154,0.8333333333333333,0.7683178534571723
Hepatitis,NB,V3,utama,46,0.8064516129032258,0.8166666666666667,0.5,0.8333333333333334,0.625,0.8933333333333333,0.6646825396825397
Hepatitis,NB,V3,utama,47,0.8709677419354839,0.9199999999999999,0.6,1.0,0.75,0.9333333333333332,0.7291666666666666
Hepatitis,NB,V3,utama,48,0.8064516129032258,0.7232142857142857,0.5714285714285714,0.5714285714285714,0.5714285714285714,0.8035714285714286,0.6965917680203393
Hepatitis,NB,V3,utama,49,0.9032258064516129,0.8363095238095238,0.8333333333333334,0.7142857142857143,0.7692307692307693,0.8958333333333333,0.8298082869511441
Hepatitis,NB,V4,utama,0,0.84,0.8400000000000001,0.8695652173913043,0.8,0.8333333333333334,0.9279999999999999,0.9191644292830456
Hepatitis,NB,V4,utama,1,0.8367346938775511,0.8383333333333334,0.7857142857142857,0.9166666666666666,0.8461538461538461,0.8866666666666666,0.843163649661713
Hepatitis,NB,V4,utama,2,0.7551020408163265,0.7541666666666667,0.7727272727272727,0.7083333333333334,0.7391304347826086,0.8500000000000001,0.8753638841503867
Hepatitis,NB,V4,utama,3,0.8367346938775511,0.8375,0.8695652173913043,0.8,0.8333333333333334,0.9133333333333333,0.910917580478302
Hepatitis,NB,V4,utama,4,0.7346938775510204,0.735,0.75,0.72,0.7346938775510204,0.8033333333333333,0.7784232959133262
Hepatitis,NB,V4,utama,5,0.78,0.78,0.75,0.84,0.7924528301886793,0.8864,0.8546509761484529
Hepatitis,NB,V4,utama,6,0.7755102040816326,0.7733333333333333,0.8421052631578947,0.6666666666666666,0.7441860465116279,0.8916666666666667,0.8662943194836025
Hepatitis,NB,V4,utama,7,0.8367346938775511,0.8375,0.8076923076923077,0.875,0.84,0.8916666666666667,0.8598670152427668
Hepatitis,NB,V4,utama,8,0.7755102040816326,0.775,0.7692307692307693,0.8,0.7843137254901961,0.8999999999999999,0.9002782150880624
Hepatitis,NB,V4,utama,9,0.7959183673469388,0.7975,0.8571428571428571,0.72,0.782608695652174,0.8866666666666666,0.9176839329253124
Hepatitis,NB,V4,utama,10,0.74,0.74,0.7307692307692307,0.76,0.7450980392156863,0.8784,0.8743655596903581
Hepatitis,NB,V4,utama,11,0.9183673469387755,0.9191666666666667,0.8846153846153846,0.9583333333333334,0.92,0.9783333333333333,0.9853603603603603
Hepatitis,NB,V4,utama,12,0.8367346938775511,0.8358333333333333,0.8636363636363636,0.7916666666666666,0.8260869565217391,0.92,0.901401368291266
Hepatitis,NB,V4,utama,13,0.7142857142857143,0.7158333333333333,0.7619047619047619,0.64,0.6956521739130435,0.8233333333333333,0.7769058625244024
Hepatitis,NB,V4,utama,14,0.6938775510204082,0.6941666666666667,0.7083333333333334,0.68,0.6938775510204082,0.8633333333333333,0.8805184933412651
Hepatitis,NB,V4,utama,15,0.86,0.86,0.8,0.96,0.8727272727272727,0.9216,0.9200144051209606
Hepatitis,NB,V4,utama,16,0.8163265306122449,0.8158333333333333,0.8260869565217391,0.7916666666666666,0.8085106382978723,0.905,0.9194250736229673
Hepatitis,NB,V4,utama,17,0.6530612244897959,0.6508333333333334,0.6842105263157895,0.5416666666666666,0.6046511627906976,0.8016666666666666,0.7854998780106538
Hepatitis,NB,V4,utama,18,0.8571428571428571,0.8574999999999999,0.875,0.84,0.8571428571428571,0.9133333333333333,0.9001542660827296
Hepatitis,NB,V4,utama,19,0.8571428571428571,0.8558333333333333,0.8214285714285714,0.92,0.8679245283018868,0.9133333333333333,0.9026316917677258
Hepatitis,NB,V4,utama,20,0.78,0.78,0.75,0.84,0.7924528301886793,0.848,0.8377521747258591
Hepatitis,NB,V4,utama,21,0.8571428571428571,0.8574999999999999,0.84,0.875,0.8571428571428571,0.9333333333333333,0.920264043739963
Hepatitis,NB,V4,utama,22,0.7959183673469388,0.7941666666666667,0.85,0.7083333333333334,0.7727272727272727,0.8866666666666667,0.9146614768725753
Hepatitis,NB,V4,utama,23,0.7755102040816326,0.775,0.7692307692307693,0.8,0.7843137254901961,0.8383333333333334,0.8123498885540152
Hepatitis,NB,V4,utama,24,0.7959183673469388,0.7958333333333334,0.8,0.8,0.8,0.9133333333333333,0.9172066077484033
Hepatitis,NB,V4,utama,25,0.78,0.78,0.8181818181818182,0.72,0.7659574468085106,0.8976,0.9019300282308222
Hepatitis,NB,V4,utama,26,0.7346938775510204,0.735,0.72,0.75,0.7346938775510204,0.8233333333333334,0.8188849252912022
Hepatitis,NB,V4,utama,27,0.8163265306122449,0.8166666666666667,0.8,0.8333333333333334,0.8163265306122449,0.9033333333333333,0.8819701813243802
Hepatitis,NB,V4,utama,28,0.8571428571428571,0.8583333333333334,0.9090909090909091,0.8,0.851063829787234,0.9516666666666667,0.9618026625704046
Hepatitis,NB,V4,utama,29,0.8163265306122449,0.8158333333333333,0.8076923076923077,0.84,0.8235294117647058,0.8783333333333333,0.8650864854885864
Hepatitis,NB,V4,utama,30,0.68,0.6799999999999999,0.6666666666666666,0.72,0.6923076923076923,0.8608000000000001,0.8917903234937202
Hepatitis,NB,V4,utama,31,0.7755102040816326,0.7733333333333333,0.8421052631578947,0.6666666666666666,0.7441860465116279,0.8466666666666667,0.8284940546708588
Hepatitis,NB,V4,utama,32,0.8163265306122449,0.8166666666666667,0.8,0.8333333333333334,0.8163265306122449,0.88,0.8576570818511685
Hepatitis,NB,V4,utama,33,0.7551020408163265,0.7558333333333334,0.782608695652174,0.72,0.75,0.9099999999999999,0.9004304899263359
Hepatitis,NB,V4,utama,34,0.9387755102040817,0.9383333333333332,0.9230769230769231,0.96,0.9411764705882353,0.9383333333333334,0.9115909417852465
Hepatitis,NB,V4,utama,35,0.72,0.72,0.72,0.72,0.72,0.876,0.8943828545093251
Hepatitis,NB,V4,utama,36,0.8367346938775511,0.835,0.9,0.75,0.8181818181818182,0.9133333333333333,0.8715493803562288
Hepatitis,NB,V4,utama,37,0.8163265306122449,0.8158333333333333,0.8260869565217391,0.7916666666666666,0.8085106382978723,0.9033333333333333,0.8779173694501997
Hepatitis,NB,V4,utama,38,0.7551020408163265,0.7541666666666667,0.7407407407407407,0.8,0.7692307692307693,0.795,0.7671107638376988
Hepatitis,NB,V4,utama,39,0.8571428571428571,0.8566666666666667,0.8461538461538461,0.88,0.8627450980392157,0.9349999999999999,0.9574510822510823
Hepatitis,NB,V4,utama,40,0.72,0.72,0.7037037037037037,0.76,0.7307692307692307,0.8464,0.8515458338409535
Hepatitis,NB,V4,utama,41,0.8163265306122449,0.8175,0.7777777777777778,0.875,0.8235294117647058,0.8816666666666667,0.8485391797802808
Hepatitis,NB,V4,utama,42,0.8775510204081632,0.8758333333333332,0.95,0.7916666666666666,0.8636363636363636,0.9316666666666668,0.9013029721611379
Hepatitis,NB,V4,utama,43,0.8571428571428571,0.8566666666666667,0.8461538461538461,0.88,0.8627450980392157,0.9283333333333333,0.9403639698411
Hepatitis,NB,V4,utama,44,0.7755102040816326,0.7758333333333334,0.7916666666666666,0.76,0.7755102040816326,0.8858333333333334,0.8896863317992281
Hepatitis,NB,V4,utama,45,0.78,0.78,0.75,0.84,0.7924528301886793,0.8416,0.8105616331931793
Hepatitis,NB,V4,utama,46,0.8163265306122449,0.815,0.8571428571428571,0.75,0.8,0.9333333333333333,0.9392282622867933
Hepatitis,NB,V4,utama,47,0.7959183673469388,0.7949999999999999,0.8181818181818182,0.75,0.782608695652174,0.875,0.8968852905860046
Hepatitis,NB,V4,utama,48,0.7755102040816326,0.7766666666666666,0.8181818181818182,0.72,0.7659574468085106,0.8633333333333334,0.8035875308833358
Hepatitis,NB,V4,utama,49,0.8775510204081632,0.8775,0.88,0.88,0.88,0.895,0.8586406224716348
Hepatitis,NB,V4b,utama,0,0.8387096774193549,0.7733333333333333,0.5714285714285714,0.6666666666666666,0.6153846153846154,0.94,0.8541666666666665
Hepatitis,NB,V4b,utama,1,0.7741935483870968,0.7966666666666666,0.45454545454545453,0.8333333333333334,0.5882352941176471,0.8733333333333333,0.51005291005291
Hepatitis,NB,V4b,utama,2,0.7741935483870968,0.7966666666666666,0.45454545454545453,0.8333333333333334,0.5882352941176471,0.8533333333333334,0.8106837606837607
Hepatitis,NB,V4b,utama,3,0.8064516129032258,0.7738095238095238,0.5555555555555556,0.7142857142857143,0.625,0.8690476190476191,0.792517006802721
Hepatitis,NB,V4b,utama,4,0.7419354838709677,0.7827380952380952,0.46153846153846156,0.8571428571428571,0.6,0.8452380952380951,0.5999476713762428
Hepatitis,NB,V4b,utama,5,0.9354838709677419,0.96,0.75,1.0,0.8571428571428571,0.9733333333333334,0.9107142857142856
Hepatitis,NB,V4b,utama,6,0.7419354838709677,0.7133333333333334,0.4,0.6666666666666666,0.5,0.8066666666666666,0.5734126984126984
Hepatitis,NB,V4b,utama,7,0.7419354838709677,0.7766666666666666,0.4166666666666667,0.8333333333333334,0.5555555555555556,0.88,0.6506965256965257
Hepatitis,NB,V4b,utama,8,0.8064516129032258,0.7738095238095238,0.5555555555555556,0.7142857142857143,0.625,0.9107142857142857,0.8482142857142856
Hepatitis,NB,V4b,utama,9,0.7419354838709677,0.7321428571428572,0.45454545454545453,0.7142857142857143,0.5555555555555556,0.7976190476190476,0.6646031746031746
Hepatitis,NB,V4b,utama,10,0.8387096774193549,0.9,0.5454545454545454,1.0,0.7058823529411765,0.9266666666666666,0.6912698412698413
Hepatitis,NB,V4b,utama,11,0.7741935483870968,0.7333333333333334,0.4444444444444444,0.6666666666666666,0.5333333333333333,0.8266666666666667,0.680383022774327
Hepatitis,NB,V4b,utama,12,0.8064516129032258,0.7533333333333333,0.5,0.6666666666666666,0.5714285714285714,0.9333333333333333,0.8037037037037037
Hepatitis,NB,V4b,utama,13,0.6774193548387096,0.6398809523809523,0.36363636363636365,0.5714285714285714,0.4444444444444444,0.8035714285714285,0.7269947443860487
Hepatitis,NB,V4b,utama,14,0.8709677419354839,0.9166666666666667,0.6363636363636364,1.0,0.7777777777777778,0.9761904761904763,0.9480519480519478
Hepatitis,NB,V4b,utama,15,0.8387096774193549,0.8366666666666667,0.5555555555555556,0.8333333333333334,0.6666666666666666,0.8999999999999999,0.7509259259259259
Hepatitis,NB,V4b,utama,16,0.7741935483870968,0.7966666666666666,0.45454545454545453,0.8333333333333334,0.5882352941176471,0.9266666666666666,0.8523809523809522
Hepatitis,NB,V4b,utama,17,0.8387096774193549,0.9,0.5454545454545454,1.0,0.7058823529411765,0.9533333333333334,0.8631313131313131
Hepatitis,NB,V4b,utama,18,0.8064516129032258,0.7738095238095238,0.5555555555555556,0.7142857142857143,0.625,0.7916666666666667,0.6002500145357288
Hepatitis,NB,V4b,utama,19,0.7419354838709677,0.7827380952380952,0.46153846153846156,0.8571428571428571,0.6,0.8392857142857143,0.7638888888888888
Hepatitis,NB,V4b,utama,20,0.9032258064516129,0.8133333333333332,0.8,0.6666666666666666,0.7272727272727273,0.8933333333333334,0.8088235294117647
Hepatitis,NB,V4b,utama,21,0.7419354838709677,0.7766666666666666,0.4166666666666667,0.8333333333333334,0.5555555555555556,0.9066666666666667,0.829656862745098
Hepatitis,NB,V4b,utama,22,0.8064516129032258,0.8166666666666667,0.5,0.8333333333333334,0.625,0.8400000000000001,0.6951587301587302
Hepatitis,NB,V4b,utama,23,0.8064516129032258,0.875,0.5384615384615384,1.0,0.7,0.9226190476190477,0.7856369820655535
Hepatitis,NB,V4b,utama,24,0.6774193548387096,0.6398809523809523,0.36363636363636365,0.5714285714285714,0.4444444444444444,0.8214285714285714,0.6452991452991452
Hepatitis,NB,V4b,utama,25,0.7096774193548387,0.6933333333333334,0.36363636363636365,0.6666666666666666,0.47058823529411764,0.7733333333333334,0.6183862433862434
Hepatitis,NB,V4b,utama,26,0.7741935483870968,0.7966666666666666,0.45454545454545453,0.8333333333333334,0.5882352941176471,0.8733333333333334,0.7646464646464646
Hepatitis,NB,V4b,utama,27,0.8709677419354839,0.8566666666666667,0.625,0.8333333333333334,0.7142857142857143,0.9466666666666667,0.8824786324786325
Hepatitis,NB,V4b,utama,28,0.8064516129032258,0.8244047619047619,0.5454545454545454,0.8571428571428571,0.6666666666666666,0.9404761904761905,0.8690476190476191
Hepatitis,NB,V4b,utama,29,0.7741935483870968,0.7529761904761905,0.5,0.7142857142857143,0.5882352941176471,0.8452380952380951,0.6113487819370171
Hepatitis,NB,V4b,utama,30,0.9032258064516129,0.94,0.6666666666666666,1.0,0.8,0.9600000000000001,0.85515873015873
Hepatitis,NB,V4b,utama,31,0.7741935483870968,0.7333333333333334,0.4444444444444444,0.6666666666666666,0.5333333333333333,0.9,0.7543290043290043
Hepatitis,NB,V4b,utama,32,0.8064516129032258,0.88,0.5,1.0,0.6666666666666666,0.9466666666666668,0.8617424242424241
Hepatitis,NB,V4b,utama,33,0.6774193548387096,0.6398809523809523,0.36363636363636365,0.5714285714285714,0.4444444444444444,0.7559523809523809,0.5480498866213152
Hepatitis,NB,V4b,utama,34,0.8064516129032258,0.8244047619047619,0.5454545454545454,0.8571428571428571,0.6666666666666666,0.8988095238095238,0.804672395273899
Hepatitis,NB,V4b,utama,35,0.7096774193548387,0.63,0.3333333333333333,0.5,0.4,0.76,0.6632275132275132
Hepatitis,NB,V4b,utama,36,0.9032258064516129,0.94,0.6666666666666666,1.0,0.8,0.9733333333333334,0.9166666666666665
Hepatitis,NB,V4b,utama,37,0.7741935483870968,0.7333333333333334,0.4444444444444444,0.6666666666666666,0.5333333333333333,0.7466666666666667,0.4842047930283224
Hepatitis,NB,V4b,utama,38,0.8709677419354839,0.9166666666666667,0.6363636363636364,1.0,0.7777777777777778,0.9880952380952381,0.9617346938775508
Hepatitis,NB,V4b,utama,39,0.7419354838709677,0.7827380952380952,0.46153846153846156,0.8571428571428571,0.6,0.8988095238095238,0.7561024409763906
Hepatitis,NB,V4b,utama,40,0.8709677419354839,0.7933333333333333,0.6666666666666666,0.6666666666666666,0.6666666666666666,0.8333333333333334,0.7507575757575757
Hepatitis,NB,V4b,utama,41,0.7419354838709677,0.7766666666666666,0.4166666666666667,0.8333333333333334,0.5555555555555556,0.8600000000000001,0.7736369910282954
Hepatitis,NB,V4b,utama,42,0.6774193548387096,0.7366666666666667,0.35714285714285715,0.8333333333333334,0.5,0.8400000000000001,0.6719187675070027
Hepatitis,NB,V4b,utama,43,0.8387096774193549,0.7946428571428572,0.625,0.7142857142857143,0.6666666666666666,0.9404761904761905,0.8809523809523809
Hepatitis,NB,V4b,utama,44,0.8064516129032258,0.8244047619047619,0.5454545454545454,0.8571428571428571,0.6666666666666666,0.8869047619047619,0.6912698412698413
Hepatitis,NB,V4b,utama,45,0.7419354838709677,0.7133333333333334,0.4,0.6666666666666666,0.5,0.8733333333333333,0.7886904761904762
Hepatitis,NB,V4b,utama,46,0.7741935483870968,0.86,0.46153846153846156,1.0,0.631578947368421,0.88,0.6213675213675214
Hepatitis,NB,V4b,utama,47,0.7741935483870968,0.7966666666666666,0.45454545454545453,0.8333333333333334,0.5882352941176471,0.8866666666666667,0.8198412698412698
Hepatitis,NB,V4b,utama,48,0.7419354838709677,0.6815476190476191,0.4444444444444444,0.5714285714285714,0.5,0.8214285714285714,0.701221397649969
Hepatitis,NB,V4b,utama,49,0.9032258064516129,0.8869047619047619,0.75,0.8571428571428571,0.8,0.9613095238095237,0.9285714285714284
Hepatitis,DT,V1,utama,0,0.8709677419354839,0.73,0.75,0.5,0.6,0.7533333333333333,0.48581242532855434
Hepatitis,DT,V1,utama,1,0.7741935483870968,0.7333333333333334,0.4444444444444444,0.6666666666666666,0.5333333333333333,0.7933333333333333,0.6047619047619047
Hepatitis,DT,V1,utama,2,0.8064516129032258,0.8166666666666667,0.5,0.8333333333333334,0.625,0.8,0.6036866359447004
Hepatitis,DT,V1,utama,3,0.6451612903225806,0.46726190476190477,0.16666666666666666,0.14285714285714285,0.15384615384615385,0.5238095238095238,0.3433179723502304
Hepatitis,DT,V1,utama,4,0.6774193548387096,0.5892857142857143,0.3333333333333333,0.42857142857142855,0.375,0.675595238095238,0.3453081232492997
Hepatitis,DT,V1,utama,5,0.8709677419354839,0.7933333333333333,0.6666666666666666,0.6666666666666666,0.6666666666666666,0.7633333333333334,0.532258064516129
Hepatitis,DT,V1,utama,6,0.7741935483870968,0.6066666666666667,0.4,0.3333333333333333,0.36363636363636365,0.7866666666666666,0.5686274509803921
Hepatitis,DT,V1,utama,7,0.7096774193548387,0.6933333333333334,0.36363636363636365,0.6666666666666666,0.47058823529411764,0.7633333333333334,0.4123085695666341
Hepatitis,DT,V1,utama,8,0.7096774193548387,0.6101190476190476,0.375,0.42857142857142855,0.4,0.5773809523809523,0.36133969716919023
Hepatitis,DT,V1,utama,9,0.7741935483870968,0.7529761904761905,0.5,0.7142857142857143,0.5882352941176471,0.8095238095238095,0.47914451140257586
Hepatitis,DT,V1,utama,10,0.7741935483870968,0.6066666666666667,0.4,0.3333333333333333,0.36363636363636365,0.8733333333333333,0.5
Hepatitis,DT,V1,utama,11,0.7419354838709677,0.65,0.375,0.5,0.42857142857142855,0.7566666666666667,0.34799880525686977
Hepatitis,DT,V1,utama,12,0.7096774193548387,0.63,0.3333333333333333,0.5,0.4,0.7933333333333333,0.3930555555555556
Hepatitis,DT,V1,utama,13,0.7419354838709677,0.6309523809523809,0.42857142857142855,0.42857142857142855,0.42857142857142855,0.5863095238095237,0.32146711455467214
Hepatitis,DT,V1,utama,14,0.7741935483870968,0.6517857142857143,0.5,0.42857142857142855,0.46153846153846156,0.7738095238095238,0.45062541145490453
Hepatitis,DT,V1,utama,15,0.7419354838709677,0.7133333333333334,0.4,0.6666666666666666,0.5,0.7033333333333333,0.31173835125448024
Hepatitis,DT,V1,utama,16,0.7096774193548387,0.63,0.3333333333333333,0.5,0.4,0.7166666666666668,0.31797235023041476
Hepatitis,DT,V1,utama,17,0.7096774193548387,0.7566666666666667,0.38461538461538464,0.8333333333333334,0.5263157894736842,0.87,0.7119722382880278
Hepatitis,DT,V1,utama,18,0.7096774193548387,0.6101190476190476,0.375,0.42857142857142855,0.4,0.7202380952380952,0.34654377880184334
Hepatitis,DT,V1,utama,19,0.7419354838709677,0.6309523809523809,0.42857142857142855,0.42857142857142855,0.42857142857142855,0.8125000000000001,0.4962672248386534
Hepatitis,DT,V1,utama,20,0.8387096774193549,0.7733333333333333,0.5714285714285714,0.6666666666666666,0.6153846153846154,0.7866666666666666,0.577020202020202
Hepatitis,DT,V1,utama,21,0.7096774193548387,0.6933333333333334,0.36363636363636365,0.6666666666666666,0.47058823529411764,0.7866666666666666,0.488034188034188
Hepatitis,DT,V1,utama,22,0.8387096774193549,0.8366666666666667,0.5555555555555556,0.8333333333333334,0.6666666666666666,0.8300000000000001,0.5415173237753883
Hepatitis,DT,V1,utama,23,0.7419354838709677,0.6815476190476191,0.4444444444444444,0.5714285714285714,0.5,0.7410714285714286,0.4108294930875577
Hepatitis,DT,V1,utama,24,0.6774193548387096,0.6398809523809523,0.36363636363636365,0.5714285714285714,0.4444444444444444,0.6666666666666666,0.36300795978215333
Hepatitis,DT,V1,utama,25,0.8064516129032258,0.69,0.5,0.5,0.5,0.67,0.43333333333333335
Hepatitis,DT,V1,utama,26,0.7419354838709677,0.5866666666666667,0.3333333333333333,0.3333333333333333,0.3333333333333333,0.53,0.22957607217896428
Hepatitis,DT,V1,utama,27,0.7419354838709677,0.65,0.375,0.5,0.42857142857142855,0.79,0.6107212679793325
Hepatitis,DT,V1,utama,28,0.9032258064516129,0.9375,0.7,1.0,0.8235294117647058,0.9375,0.8006802721088435
Hepatitis,DT,V1,utama,29,0.7419354838709677,0.5803571428571428,0.4,0.2857142857142857,0.3333333333333333,0.7827380952380952,0.40412087912087913
Hepatitis,DT,V1,utama,30,0.8709677419354839,0.73,0.75,0.5,0.6,0.8733333333333334,0.5694444444444444
Hepatitis,DT,V1,utama,31,0.7741935483870968,0.6066666666666667,0.4,0.3333333333333333,0.36363636363636365,0.7566666666666666,0.45340501792114696
Hepatitis,DT,V1,utama,32,0.7741935483870968,0.6066666666666667,0.4,0.3333333333333333,0.36363636363636365,0.7733333333333333,0.5555555555555556
Hepatitis,DT,V1,utama,33,0.7741935483870968,0.7023809523809523,0.5,0.5714285714285714,0.5333333333333333,0.7410714285714286,0.5357142857142857
Hepatitis,DT,V1,utama,34,0.8387096774193549,0.8452380952380952,0.6,0.8571428571428571,0.7058823529411765,0.9166666666666667,0.6432900432900432
Hepatitis,DT,V1,utama,35,0.6451612903225806,0.5266666666666666,0.2222222222222222,0.3333333333333333,0.26666666666666666,0.4933333333333333,0.20310633213859022
Hepatitis,DT,V1,utama,36,0.8387096774193549,0.8366666666666667,0.5555555555555556,0.8333333333333334,0.6666666666666666,0.8333333333333334,0.508183990442055
Hepatitis,DT,V1,utama,37,0.7096774193548387,0.5033333333333333,0.2,0.16666666666666666,0.18181818181818182,0.59,0.23072492024104926
Hepatitis,DT,V1,utama,38,0.8064516129032258,0.7232142857142857,0.5714285714285714,0.5714285714285714,0.5714285714285714,0.7767857142857142,0.4611129397995758
Hepatitis,DT,V1,utama,39,0.6774193548387096,0.5892857142857143,0.3333333333333333,0.42857142857142855,0.375,0.8095238095238095,0.4468769325912183
Hepatitis,DT,V1,utama,40,0.9032258064516129,0.8133333333333332,0.8,0.6666666666666666,0.7272727272727273,0.7933333333333332,0.7311827956989247
Hepatitis,DT,V1,utama,41,0.7096774193548387,0.6933333333333334,0.36363636363636365,0.6666666666666666,0.47058823529411764,0.81,0.5731735369893265
Hepatitis,DT,V1,utama,42,0.6451612903225806,0.5900000000000001,0.2727272727272727,0.5,0.35294117647058826,0.5466666666666666,0.3450583937850491
Hepatitis,DT,V1,utama,43,0.8064516129032258,0.6726190476190476,0.6,0.42857142857142855,0.5,0.7708333333333334,0.5288018433179724
Hepatitis,DT,V1,utama,44,0.6774193548387096,0.5386904761904762,0.2857142857142857,0.2857142857142857,0.2857142857142857,0.6011904761904762,0.29949528198376124
Hepatitis,DT,V1,utama,45,0.6774193548387096,0.61,0.3,0.5,0.375,0.5333333333333333,0.2245519713261649
Hepatitis,DT,V1,utama,46,0.7419354838709677,0.7133333333333334,0.4,0.6666666666666666,0.5,0.8699999999999999,0.5777777777777778
Hepatitis,DT,V1,utama,47,0.7419354838709677,0.7133333333333334,0.4,0.6666666666666666,0.5,0.71,0.3811827956989247
Hepatitis,DT,V1,utama,48,0.7741935483870968,0.7023809523809523,0.5,0.5714285714285714,0.5333333333333333,0.7440476190476191,0.4573732718894009
Hepatitis,DT,V1,utama,49,0.7419354838709677,0.5297619047619048,0.3333333333333333,0.14285714285714285,0.2,0.6309523809523809,0.31582181259600617
Hepatitis,DT,V2,utama,0,0.9,0.9,1.0,0.8,0.8888888888888888,0.9208,0.9331884057971014
Hepatitis,DT,V2,utama,1,0.8775510204081632,0.8775,0.875,0.875,0.875,0.9441666666666667,0.9239318663036903
Hepatitis,DT,V2,utama,2,0.8367346938775511,0.835,0.9,0.75,0.8181818181818182,0.91,0.9105771846573878
Hepatitis,DT,V2,utama,3,0.7755102040816326,0.7741666666666667,0.75,0.84,0.7924528301886793,0.8358333333333333,0.8266594637855142
Hepatitis,DT,V2,utama,4,0.673469387755102,0.6758333333333333,0.7368421052631579,0.56,0.6363636363636364,0.7616666666666667,0.757201575366989
Hepatitis,DT,V2,utama,5,0.86,0.86,0.8461538461538461,0.88,0.8627450980392157,0.8712,0.8353778819219996
Hepatitis,DT,V2,utama,6,0.7959183673469388,0.7949999999999999,0.8181818181818182,0.75,0.782608695652174,0.8500000000000001,0.8581181274633656
Hepatitis,DT,V2,utama,7,0.8571428571428571,0.8583333333333334,0.8148148148148148,0.9166666666666666,0.8627450980392157,0.9175,0.8580904264643278
Hepatitis,DT,V2,utama,8,0.8367346938775511,0.8375,0.8695652173913043,0.8,0.8333333333333334,0.9475,0.9451851058220586
Hepatitis,DT,V2,utama,9,0.7755102040816326,0.7766666666666666,0.8181818181818182,0.72,0.7659574468085106,0.8049999999999999,0.817565696348707
Hepatitis,DT,V2,utama,10,0.84,0.84,0.7741935483870968,0.96,0.8571428571428571,0.9128000000000001,0.8610421146953404
Hepatitis,DT,V2,utama,11,0.8571428571428571,0.855,0.9473684210526315,0.75,0.8372093023255814,0.9266666666666667,0.9236202375687117
Hepatitis,DT,V2,utama,12,0.8571428571428571,0.855,0.9473684210526315,0.75,0.8372093023255814,0.955,0.9484210526315789
Hepatitis,DT,V2,utama,13,0.7551020408163265,0.7541666666666667,0.7407407407407407,0.8,0.7692307692307693,0.815,0.7625361093932522
Hepatitis,DT,V2,utama,14,0.8163265306122449,0.8183333333333334,0.9,0.72,0.8,0.8858333333333333,0.8501786858283984
Hepatitis,DT,V2,utama,15,0.92,0.9199999999999999,0.8888888888888888,0.96,0.9230769230769231,0.9648000000000001,0.9384544695071011
Hepatitis,DT,V2,utama,16,0.7959183673469388,0.7958333333333334,0.7916666666666666,0.7916666666666666,0.7916666666666666,0.8391666666666667,0.791560682243912
Hepatitis,DT,V2,utama,17,0.7959183673469388,0.7966666666666666,0.7692307692307693,0.8333333333333334,0.8,0.8458333333333333,0.8009489022881879
Hepatitis,DT,V2,utama,18,0.8571428571428571,0.8583333333333334,0.9090909090909091,0.8,0.851063829787234,0.9608333333333334,0.9577928523089814
Hepatitis,DT,V2,utama,19,0.7551020408163265,0.7541666666666667,0.7407407407407407,0.8,0.7692307692307693,0.855,0.8541028606050493
Hepatitis,DT,V2,utama,20,0.68,0.6799999999999999,0.6551724137931034,0.76,0.7037037037037037,0.8496,0.8326898273351363
Hepatitis,DT,V2,utama,21,0.8163265306122449,0.8158333333333333,0.8260869565217391,0.7916666666666666,0.8085106382978723,0.8408333333333333,0.801862207241995
Hepatitis,DT,V2,utama,22,0.8163265306122449,0.8158333333333333,0.8260869565217391,0.7916666666666666,0.8085106382978723,0.89,0.8735000739426205
Hepatitis,DT,V2,utama,23,0.8163265306122449,0.8166666666666667,0.8333333333333334,0.8,0.8163265306122449,0.9091666666666666,0.8681864801864803
Hepatitis,DT,V2,utama,24,0.8571428571428571,0.8591666666666666,0.95,0.76,0.8444444444444444,0.9091666666666667,0.9109566774078053
Hepatitis,DT,V2,utama,25,0.76,0.76,0.8421052631578947,0.64,0.7272727272727273,0.7856000000000001,0.8261581601061477
Hepatitis,DT,V2,utama,26,0.7755102040816326,0.7775000000000001,0.7241379310344828,0.875,0.7924528301886793,0.8008333333333333,0.7119262143121987
Hepatitis,DT,V2,utama,27,0.7142857142857143,0.7158333333333333,0.6785714285714286,0.7916666666666666,0.7307692307692307,0.7558333333333334,0.6779320987654321
Hepatitis,DT,V2,utama,28,0.8775510204081632,0.8775,0.88,0.88,0.88,0.9724999999999999,0.9683369426397912
Hepatitis,DT,V2,utama,29,0.8367346938775511,0.8366666666666667,0.84,0.84,0.84,0.9141666666666666,0.8805912353656196
Hepatitis,DT,V2,utama,30,0.76,0.76,0.76,0.76,0.76,0.8151999999999999,0.8037424950528398
Hepatitis,DT,V2,utama,31,0.8367346938775511,0.835,0.9,0.75,0.8181818181818182,0.9091666666666668,0.8725015610108778
Hepatitis,DT,V2,utama,32,0.8571428571428571,0.8583333333333334,0.8148148148148148,0.9166666666666666,0.8627450980392157,0.8683333333333333,0.7961987857821191
Hepatitis,DT,V2,utama,33,0.8163265306122449,0.815,0.7857142857142857,0.88,0.8301886792452831,0.8625,0.8166935168006597
Hepatitis,DT,V2,utama,34,0.9183673469387755,0.9183333333333333,0.92,0.92,0.92,0.9708333333333333,0.9684073781291173
Hepatitis,DT,V2,utama,35,0.82,0.8200000000000001,0.8076923076923077,0.84,0.8235294117647058,0.8720000000000001,0.8504389796052201
Hepatitis,DT,V2,utama,36,0.7551020408163265,0.7558333333333334,0.7307692307692307,0.7916666666666666,0.76,0.8474999999999999,0.8044937205651491
Hepatitis,DT,V2,utama,37,0.8979591836734694,0.8983333333333333,0.88,0.9166666666666666,0.8979591836734694,0.9575,0.932555071084358
Hepatitis,DT,V2,utama,38,0.8367346938775511,0.835,0.7931034482758621,0.92,0.8518518518518519,0.8583333333333334,0.7845414792603698
Hepatitis,DT,V2,utama,39,0.8571428571428571,0.8583333333333334,0.9090909090909091,0.8,0.851063829787234,0.9258333333333333,0.9314184623344287
Hepatitis,DT,V2,utama,40,0.78,0.78,0.75,0.84,0.7924528301886793,0.8416,0.8070195754066722
Hepatitis,DT,V2,utama,41,0.8367346938775511,0.8383333333333334,0.7857142857142857,0.9166666666666666,0.8461538461538461,0.845,0.7799807801908643
Hepatitis,DT,V2,utama,42,0.8775510204081632,0.8766666666666667,0.9090909090909091,0.8333333333333334,0.8695652173913043,0.9441666666666667,0.9110055474209886
Hepatitis,DT,V2,utama,43,0.8571428571428571,0.8574999999999999,0.875,0.84,0.8571428571428571,0.8674999999999999,0.8334390646947037
Hepatitis,DT,V2,utama,44,0.8163265306122449,0.8175,0.8636363636363636,0.76,0.8085106382978723,0.8866666666666667,0.8983599826555492
Hepatitis,DT,V2,utama,45,0.8,0.8,0.7142857142857143,1.0,0.8333333333333334,0.8448,0.7935238095238095
Hepatitis,DT,V2,utama,46,0.7959183673469388,0.7949999999999999,0.8181818181818182,0.75,0.782608695652174,0.9208333333333334,0.8843716251069192
Hepatitis,DT,V2,utama,47,0.8163265306122449,0.8141666666666667,0.8947368421052632,0.7083333333333334,0.7906976744186046,0.8925,0.8617540875999523
Hepatitis,DT,V2,utama,48,0.8367346938775511,0.8366666666666667,0.84,0.84,0.84,0.9016666666666666,0.8512433069179695
Hepatitis,DT,V2,utama,49,0.8775510204081632,0.8766666666666667,0.8518518518518519,0.92,0.8846153846153846,0.91,0.8564738009899301
Hepatitis,DT,V2b,utama,0,0.7741935483870968,0.7333333333333334,0.4444444444444444,0.6666666666666666,0.5333333333333333,0.7966666666666666,0.5432008254588899
Hepatitis,DT,V2b,utama,1,0.7741935483870968,0.7333333333333334,0.4444444444444444,0.6666666666666666,0.5333333333333333,0.8133333333333332,0.5484918307498953
Hepatitis,DT,V2b,utama,2,0.8709677419354839,0.73,0.75,0.5,0.6,0.7666666666666667,0.5168837329653269
Hepatitis,DT,V2b,utama,3,0.6774193548387096,0.5892857142857143,0.3333333333333333,0.42857142857142855,0.375,0.6845238095238096,0.5236998025016458
Hepatitis,DT,V2b,utama,4,0.6774193548387096,0.5892857142857143,0.3333333333333333,0.42857142857142855,0.375,0.6785714285714286,0.3363110008271299
Hepatitis,DT,V2b,utama,5,0.8709677419354839,0.8566666666666667,0.625,0.8333333333333334,0.7142857142857143,0.8833333333333333,0.5166666666666667
Hepatitis,DT,V2b,utama,6,0.7419354838709677,0.65,0.375,0.5,0.42857142857142855,0.8200000000000001,0.47895339954163485
Hepatitis,DT,V2b,utama,7,0.8064516129032258,0.7533333333333333,0.5,0.6666666666666666,0.5714285714285714,0.8033333333333335,0.4700887523468169
Hepatitis,DT,V2b,utama,8,0.7741935483870968,0.8035714285714286,0.5,0.8571428571428571,0.631578947368421,0.8482142857142857,0.7544802867383512
Hepatitis,DT,V2b,utama,9,0.7741935483870968,0.7529761904761905,0.5,0.7142857142857143,0.5882352941176471,0.7946428571428572,0.5029540352120997
Hepatitis,DT,V2b,utama,10,0.8709677419354839,0.8566666666666667,0.625,0.8333333333333334,0.7142857142857143,0.8433333333333333,0.5669802867383512
Hepatitis,DT,V2b,utama,11,0.7741935483870968,0.7333333333333334,0.4444444444444444,0.6666666666666666,0.5333333333333333,0.74,0.3341099163679809
Hepatitis,DT,V2b,utama,12,0.7741935483870968,0.86,0.46153846153846156,1.0,0.631578947368421,0.9166666666666666,0.7490842490842491
Hepatitis,DT,V2b,utama,13,0.7741935483870968,0.7023809523809523,0.5,0.5714285714285714,0.5333333333333333,0.8065476190476191,0.4904761904761905
Hepatitis,DT,V2b,utama,14,0.6451612903225806,0.6696428571428572,0.35714285714285715,0.7142857142857143,0.47619047619047616,0.8065476190476191,0.6483470581214942
Hepatitis,DT,V2b,utama,15,0.8709677419354839,0.7933333333333333,0.6666666666666666,0.6666666666666666,0.6666666666666666,0.92,0.5929292929292929
Hepatitis,DT,V2b,utama,16,0.8064516129032258,0.8166666666666667,0.5,0.8333333333333334,0.625,0.8666666666666667,0.48842592592592593
Hepatitis,DT,V2b,utama,17,0.6129032258064516,0.6333333333333333,0.2857142857142857,0.6666666666666666,0.4,0.7733333333333334,0.5287858422939068
Hepatitis,DT,V2b,utama,18,0.7096774193548387,0.6101190476190476,0.375,0.42857142857142855,0.4,0.7470238095238095,0.3921220100943603
Hepatitis,DT,V2b,utama,19,0.7419354838709677,0.7827380952380952,0.46153846153846156,0.8571428571428571,0.6,0.7708333333333333,0.40354732986311936
Hepatitis,DT,V2b,utama,20,0.8709677419354839,0.7933333333333333,0.6666666666666666,0.6666666666666666,0.6666666666666666,0.9099999999999999,0.5999999999999999
Hepatitis,DT,V2b,utama,21,0.7419354838709677,0.7766666666666666,0.4166666666666667,0.8333333333333334,0.5555555555555556,0.8733333333333333,0.517063492063492
Hepatitis,DT,V2b,utama,22,0.7741935483870968,0.7333333333333334,0.4444444444444444,0.6666666666666666,0.5333333333333333,0.7766666666666666,0.5228494623655914
Hepatitis,DT,V2b,utama,23,0.8064516129032258,0.8244047619047619,0.5454545454545454,0.8571428571428571,0.6666666666666666,0.8779761904761905,0.5562384044526901
Hepatitis,DT,V2b,utama,24,0.7096774193548387,0.6607142857142857,0.4,0.5714285714285714,0.47058823529411764,0.7261904761904763,0.4908897554058844
Hepatitis,DT,V2b,utama,25,0.7419354838709677,0.65,0.375,0.5,0.42857142857142855,0.6466666666666665,0.2857462877624168
Hepatitis,DT,V2b,utama,26,0.8064516129032258,0.8166666666666667,0.5,0.8333333333333334,0.625,0.87,0.7405913978494624
Hepatitis,DT,V2b,utama,27,0.7741935483870968,0.6699999999999999,0.42857142857142855,0.5,0.46153846153846156,0.77,0.4019670592251237
Hepatitis,DT,V2b,utama,28,0.8387096774193549,0.8452380952380952,0.6,0.8571428571428571,0.7058823529411765,0.9136904761904762,0.7302521008403362
Hepatitis,DT,V2b,utama,29,0.7096774193548387,0.7113095238095238,0.4166666666666667,0.7142857142857143,0.5263157894736842,0.8035714285714285,0.4246031746031746
Hepatitis,DT,V2b,utama,30,0.7741935483870968,0.7966666666666666,0.45454545454545453,0.8333333333333334,0.5882352941176471,0.8766666666666667,0.5362373737373737
Hepatitis,DT,V2b,utama,31,0.7419354838709677,0.5866666666666667,0.3333333333333333,0.3333333333333333,0.3333333333333333,0.7533333333333334,0.4711469534050179
Hepatitis,DT,V2b,utama,32,0.8709677419354839,0.8566666666666667,0.625,0.8333333333333334,0.7142857142857143,0.8833333333333333,0.6805555555555556
Hepatitis,DT,V2b,utama,33,0.7741935483870968,0.7023809523809523,0.5,0.5714285714285714,0.5333333333333333,0.8273809523809523,0.5180341931494005
Hepatitis,DT,V2b,utama,34,0.8387096774193549,0.8452380952380952,0.6,0.8571428571428571,0.7058823529411765,0.8422619047619049,0.6103192890059248
Hepatitis,DT,V2b,utama,35,0.6451612903225806,0.6533333333333333,0.3076923076923077,0.6666666666666666,0.42105263157894735,0.6966666666666668,0.30072211680371075
Hepatitis,DT,V2b,utama,36,0.8709677419354839,0.7933333333333333,0.6666666666666666,0.6666666666666666,0.6666666666666666,0.8200000000000001,0.6600358422939068
Hepatitis,DT,V2b,utama,37,0.7741935483870968,0.6699999999999999,0.42857142857142855,0.5,0.46153846153846156,0.7633333333333334,0.44892473118279574
Hepatitis,DT,V2b,utama,38,0.9032258064516129,0.8363095238095238,0.8333333333333334,0.7142857142857143,0.7692307692307693,0.8809523809523809,0.7922077922077921
Hepatitis,DT,V2b,utama,39,0.8387096774193549,0.7946428571428572,0.625,0.7142857142857143,0.6666666666666666,0.9107142857142856,0.7445054945054945
Hepatitis,DT,V2b,utama,40,0.8064516129032258,0.69,0.5,0.5,0.5,0.6933333333333334,0.4189964157706093
Hepatitis,DT,V2b,utama,41,0.6774193548387096,0.6733333333333333,0.3333333333333333,0.6666666666666666,0.4444444444444444,0.8166666666666667,0.4391534391534391
Hepatitis,DT,V2b,utama,42,0.5806451612903226,0.4866666666666667,0.18181818181818182,0.3333333333333333,0.23529411764705882,0.53,0.29915514592933945
Hepatitis,DT,V2b,utama,43,0.8709677419354839,0.8660714285714286,0.6666666666666666,0.8571428571428571,0.75,0.8869047619047619,0.7465437788018433
Hepatitis,DT,V2b,utama,44,0.8064516129032258,0.7738095238095238,0.5555555555555556,0.7142857142857143,0.625,0.8333333333333334,0.5009070294784581
Hepatitis,DT,V2b,utama,45,0.7096774193548387,0.5666666666666667,0.2857142857142857,0.3333333333333333,0.3076923076923077,0.62,0.31899641577060933
Hepatitis,DT,V2b,utama,46,0.7096774193548387,0.5666666666666667,0.2857142857142857,0.3333333333333333,0.3076923076923077,0.76,0.3354978354978355
Hepatitis,DT,V2b,utama,47,0.8387096774193549,0.9,0.5454545454545454,1.0,0.7058823529411765,0.94,0.7367424242424241
Hepatitis,DT,V2b,utama,48,0.7741935483870968,0.7529761904761905,0.5,0.7142857142857143,0.5882352941176471,0.8095238095238095,0.483396212082848
Hepatitis,DT,V2b,utama,49,0.6451612903225806,0.5178571428571428,0.25,0.2857142857142857,0.26666666666666666,0.7172619047619049,0.378114588944082
Hepatitis,DT,V3,utama,0,0.8064516129032258,0.69,0.5,0.5,0.5,0.6900000000000001,0.4767025089605734
Hepatitis,DT,V3,utama,1,0.7741935483870968,0.7333333333333334,0.4444444444444444,0.6666666666666666,0.5333333333333333,0.7933333333333333,0.6047619047619047
Hepatitis,DT,V3,utama,2,0.8064516129032258,0.5633333333333334,0.5,0.16666666666666666,0.25,0.8033333333333333,0.4211469534050179
Hepatitis,DT,V3,utama,3,0.6451612903225806,0.46726190476190477,0.16666666666666666,0.14285714285714285,0.15384615384615385,0.4642857142857143,0.2226793943383805
Hepatitis,DT,V3,utama,4,0.6774193548387096,0.5892857142857143,0.3333333333333333,0.42857142857142855,0.375,0.744047619047619,0.382615268329554
Hepatitis,DT,V3,utama,5,0.8387096774193549,0.71,0.6,0.5,0.5454545454545454,0.9,0.5575757575757576
Hepatitis,DT,V3,utama,6,0.7741935483870968,0.6066666666666667,0.4,0.3333333333333333,0.36363636363636365,0.7933333333333334,0.3991285403050109
Hepatitis,DT,V3,utama,7,0.7419354838709677,0.7133333333333334,0.4,0.6666666666666666,0.5,0.7466666666666668,0.3727342549923195
Hepatitis,DT,V3,utama,8,0.7741935483870968,0.6517857142857143,0.5,0.42857142857142855,0.46153846153846156,0.6904761904761905,0.4008797653958944
Hepatitis,DT,V3,utama,9,0.8064516129032258,0.7738095238095238,0.5555555555555556,0.7142857142857143,0.625,0.8035714285714286,0.5952380952380952
Hepatitis,DT,V3,utama,10,0.8064516129032258,0.5633333333333334,0.5,0.16666666666666666,0.25,0.4733333333333334,0.30510752688172044
Hepatitis,DT,V3,utama,11,0.7419354838709677,0.5866666666666667,0.3333333333333333,0.3333333333333333,0.3333333333333333,0.6600000000000001,0.39042498719918073
Hepatitis,DT,V3,utama,12,0.7096774193548387,0.63,0.3333333333333333,0.5,0.4,0.7933333333333333,0.3930555555555556
Hepatitis,DT,V3,utama,13,0.7741935483870968,0.6011904761904762,0.5,0.2857142857142857,0.36363636363636365,0.8482142857142857,0.5506254114549045
Hepatitis,DT,V3,utama,14,0.6129032258064516,0.49702380952380953,0.2222222222222222,0.2857142857142857,0.25,0.6458333333333335,0.3436370081531372
Hepatitis,DT,V3,utama,15,0.7419354838709677,0.5866666666666667,0.3333333333333333,0.3333333333333333,0.3333333333333333,0.7833333333333334,0.46833310059116506
Hepatitis,DT,V3,utama,16,0.8387096774193549,0.7733333333333333,0.5714285714285714,0.6666666666666666,0.6153846153846154,0.8200000000000001,0.5108294930875577
Hepatitis,DT,V3,utama,17,0.7741935483870968,0.7966666666666666,0.45454545454545453,0.8333333333333334,0.5882352941176471,0.9433333333333334,0.815018315018315
Hepatitis,DT,V3,utama,18,0.7096774193548387,0.6101190476190476,0.375,0.42857142857142855,0.4,0.6428571428571429,0.2967741935483871
Hepatitis,DT,V3,utama,19,0.7419354838709677,0.7827380952380952,0.46153846153846156,0.8571428571428571,0.6,0.8154761904761906,0.4621489621489622
Hepatitis,DT,V3,utama,20,0.8064516129032258,0.88,0.5,1.0,0.6666666666666666,0.9299999999999999,0.7619047619047619
Hepatitis,DT,V3,utama,21,0.8064516129032258,0.7533333333333333,0.5,0.6666666666666666,0.5714285714285714,0.81,0.6084485407066051
Hepatitis,DT,V3,utama,22,0.8064516129032258,0.7533333333333333,0.5,0.6666666666666666,0.5714285714285714,0.6766666666666667,0.3933691756272401
Hepatitis,DT,V3,utama,23,0.7419354838709677,0.6815476190476191,0.4444444444444444,0.5714285714285714,0.5,0.761904761904762,0.44127166995830586
Hepatitis,DT,V3,utama,24,0.7096774193548387,0.6607142857142857,0.4,0.5714285714285714,0.47058823529411764,0.6488095238095238,0.33963133640553
Hepatitis,DT,V3,utama,25,0.7096774193548387,0.63,0.3333333333333333,0.5,0.4,0.7033333333333334,0.37451996927803377
Hepatitis,DT,V3,utama,26,0.7096774193548387,0.5666666666666667,0.2857142857142857,0.3333333333333333,0.3076923076923077,0.74,0.3634546457127102
Hepatitis,DT,V3,utama,27,0.7419354838709677,0.65,0.375,0.5,0.42857142857142855,0.79,0.6107212679793325
Hepatitis,DT,V3,utama,28,0.9032258064516129,0.8869047619047619,0.75,0.8571428571428571,0.8,0.9345238095238096,0.694270015698587
Hepatitis,DT,V3,utama,29,0.6774193548387096,0.6904761904761905,0.38461538461538464,0.7142857142857143,0.5,0.7351190476190477,0.39285714285714285
Hepatitis,DT,V3,utama,30,0.7419354838709677,0.7133333333333334,0.4,0.6666666666666666,0.5,0.7766666666666666,0.3526315789473684
Hepatitis,DT,V3,utama,31,0.8387096774193549,0.6466666666666666,0.6666666666666666,0.3333333333333333,0.4444444444444444,0.8400000000000001,0.6155913978494623
Hepatitis,DT,V3,utama,32,0.7096774193548387,0.63,0.3333333333333333,0.5,0.4,0.5333333333333333,0.28365193150139384
Hepatitis,DT,V3,utama,33,0.7741935483870968,0.7023809523809523,0.5,0.5714285714285714,0.5333333333333333,0.7410714285714286,0.5357142857142857
Hepatitis,DT,V3,utama,34,0.8064516129032258,0.8244047619047619,0.5454545454545454,0.8571428571428571,0.6666666666666666,0.875,0.5538033395176252
Hepatitis,DT,V3,utama,35,0.6451612903225806,0.5266666666666666,0.2222222222222222,0.3333333333333333,0.26666666666666666,0.4933333333333333,0.20310633213859022
Hepatitis,DT,V3,utama,36,0.7741935483870968,0.5433333333333333,0.3333333333333333,0.16666666666666666,0.2222222222222222,0.87,0.5909090909090908
Hepatitis,DT,V3,utama,37,0.7096774193548387,0.44,0.0,0.0,0.0,0.5333333333333332,0.2975408203902828
Hepatitis,DT,V3,utama,38,0.7419354838709677,0.6815476190476191,0.4444444444444444,0.5714285714285714,0.5,0.6220238095238095,0.33804403481822837
Hepatitis,DT,V3,utama,39,0.7096774193548387,0.5089285714285714,0.25,0.14285714285714285,0.18181818181818182,0.755952380952381,0.4376383984678915
Hepatitis,DT,V3,utama,40,0.8387096774193549,0.7733333333333333,0.5714285714285714,0.6666666666666666,0.6153846153846154,0.7733333333333333,0.564516129032258
Hepatitis,DT,V3,utama,41,0.8064516129032258,0.7533333333333333,0.5,0.6666666666666666,0.5714285714285714,0.8133333333333335,0.4428904428904429
Hepatitis,DT,V3,utama,42,0.6129032258064516,0.5066666666666667,0.2,0.3333333333333333,0.25,0.44666666666666666,0.3384408602150537
Hepatitis,DT,V3,utama,43,0.8709677419354839,0.8154761904761905,0.7142857142857143,0.7142857142857143,0.7142857142857143,0.8035714285714286,0.6407066052227343
Hepatitis,DT,V3,utama,44,0.7096774193548387,0.5595238095238095,0.3333333333333333,0.2857142857142857,0.3076923076923077,0.5654761904761905,0.2671274961597542
Hepatitis,DT,V3,utama,45,0.6774193548387096,0.61,0.3,0.5,0.375,0.5466666666666666,0.24201228878648234
Hepatitis,DT,V3,utama,46,0.7419354838709677,0.7133333333333334,0.4,0.6666666666666666,0.5,0.8699999999999999,0.5777777777777778
Hepatitis,DT,V3,utama,47,0.7741935483870968,0.7966666666666666,0.45454545454545453,0.8333333333333334,0.5882352941176471,0.7300000000000001,0.5019550342130987
Hepatitis,DT,V3,utama,48,0.7096774193548387,0.6101190476190476,0.375,0.42857142857142855,0.4,0.7172619047619047,0.3978494623655914
Hepatitis,DT,V3,utama,49,0.7419354838709677,0.5297619047619048,0.3333333333333333,0.14285714285714285,0.2,0.6488095238095238,0.4147465437788018
Hepatitis,DT,V4,utama,0,0.9,0.9,0.9166666666666666,0.88,0.8979591836734694,0.98,0.9729343930185445
Hepatitis,DT,V4,utama,1,0.8367346938775511,0.8375,0.8076923076923077,0.875,0.84,0.9258333333333333,0.8939319060612941
Hepatitis,DT,V4,utama,2,0.8367346938775511,0.835,0.9,0.75,0.8181818181818182,0.91,0.9105771846573878
Hepatitis,DT,V4,utama,3,0.8367346938775511,0.8358333333333333,0.8148148148148148,0.88,0.8461538461538461,0.8975,0.8653174563311914
Hepatitis,DT,V4,utama,4,0.7346938775510204,0.7341666666666666,0.7307692307692307,0.76,0.7450980392156863,0.7799999999999998,0.7466506726760183
Hepatitis,DT,V4,utama,5,0.86,0.86,0.8461538461538461,0.88,0.8627450980392157,0.8767999999999999,0.8428137140637141
Hepatitis,DT,V4,utama,6,0.7755102040816326,0.7741666666666667,0.8095238095238095,0.7083333333333334,0.7555555555555555,0.8541666666666667,0.8666918303305466
Hepatitis,DT,V4,utama,7,0.8571428571428571,0.8574999999999999,0.84,0.875,0.8571428571428571,0.9441666666666667,0.9233141762452106
Hepatitis,DT,V4,utama,8,0.8367346938775511,0.8375,0.8695652173913043,0.8,0.8333333333333334,0.9083333333333334,0.882358762010936
Hepatitis,DT,V4,utama,9,0.7755102040816326,0.7766666666666666,0.8181818181818182,0.72,0.7659574468085106,0.7933333333333333,0.8001518202351405
Hepatitis,DT,V4,utama,10,0.82,0.8200000000000001,0.7352941176470589,1.0,0.847457627118644,0.8944,0.8457749766573296
Hepatitis,DT,V4,utama,11,0.9387755102040817,0.9375,1.0,0.875,0.9333333333333333,0.99,0.9862836438923395
Hepatitis,DT,V4,utama,12,0.8163265306122449,0.8133333333333332,0.9411764705882353,0.6666666666666666,0.7804878048780488,0.9149999999999999,0.8875598511789272
Hepatitis,DT,V4,utama,13,0.7346938775510204,0.7358333333333333,0.7727272727272727,0.68,0.723404255319149,0.8591666666666667,0.8081657390228819
Hepatitis,DT,V4,utama,14,0.7551020408163265,0.7575000000000001,0.8421052631578947,0.64,0.7272727272727273,0.8274999999999999,0.8068206019937112
Hepatitis,DT,V4,utama,15,0.9,0.9,0.9166666666666666,0.88,0.8979591836734694,0.9591999999999999,0.9344866359447005
Hepatitis,DT,V4,utama,16,0.8163265306122449,0.8158333333333333,0.8260869565217391,0.7916666666666666,0.8085106382978723,0.8574999999999999,0.805241919124772
Hepatitis,DT,V4,utama,17,0.7755102040816326,0.7758333333333334,0.76,0.7916666666666666,0.7755102040816326,0.8483333333333333,0.8011677470634844
Hepatitis,DT,V4,utama,18,0.8571428571428571,0.8583333333333334,0.9090909090909091,0.8,0.851063829787234,0.9608333333333334,0.9577928523089814
Hepatitis,DT,V4,utama,19,0.7959183673469388,0.7949999999999999,0.7777777777777778,0.84,0.8076923076923077,0.8775,0.8933856631606699
Hepatitis,DT,V4,utama,20,0.68,0.6799999999999999,0.6551724137931034,0.76,0.7037037037037037,0.8496,0.8326898273351363
Hepatitis,DT,V4,utama,21,0.8979591836734694,0.8983333333333333,0.88,0.9166666666666666,0.8979591836734694,0.9549999999999998,0.9504973118279569
Hepatitis,DT,V4,utama,22,0.8775510204081632,0.8758333333333332,0.95,0.7916666666666666,0.8636363636363636,0.9075,0.8969128749984843
Hepatitis,DT,V4,utama,23,0.8163265306122449,0.8158333333333333,0.8076923076923077,0.84,0.8235294117647058,0.8416666666666667,0.8043593549307836
Hepatitis,DT,V4,utama,24,0.8775510204081632,0.8783333333333333,0.9130434782608695,0.84,0.875,0.8908333333333334,0.8596612374085066
Hepatitis,DT,V4,utama,25,0.76,0.76,0.8421052631578947,0.64,0.7272727272727273,0.8408,0.84874957000344
Hepatitis,DT,V4,utama,26,0.7755102040816326,0.7775000000000001,0.7241379310344828,0.875,0.7924528301886793,0.7991666666666666,0.7109510930809105
Hepatitis,DT,V4,utama,27,0.8367346938775511,0.8375,0.8076923076923077,0.875,0.84,0.9100000000000001,0.8685145314455659
Hepatitis,DT,V4,utama,28,0.8571428571428571,0.8574999999999999,0.875,0.84,0.8571428571428571,0.9533333333333334,0.9344435896160033
Hepatitis,DT,V4,utama,29,0.8367346938775511,0.8391666666666666,0.9473684210526315,0.72,0.8181818181818182,0.9283333333333333,0.9041049383595403
Hepatitis,DT,V4,utama,30,0.76,0.76,0.76,0.76,0.76,0.8031999999999999,0.7663737845363032
Hepatitis,DT,V4,utama,31,0.7755102040816326,0.7716666666666667,0.9333333333333333,0.5833333333333334,0.717948717948718,0.9083333333333333,0.9055000091434423
Hepatitis,DT,V4,utama,32,0.8163265306122449,0.8166666666666667,0.8,0.8333333333333334,0.8163265306122449,0.8591666666666666,0.7808261649534164
Hepatitis,DT,V4,utama,33,0.8163265306122449,0.8200000000000001,1.0,0.64,0.7804878048780488,0.9341666666666666,0.9324081632653061
Hepatitis,DT,V4,utama,34,0.8979591836734694,0.8983333333333333,0.9166666666666666,0.88,0.8979591836734694,0.9175,0.8828285576857006
Hepatitis,DT,V4,utama,35,0.86,0.8600000000000001,0.8214285714285714,0.92,0.8679245283018868,0.8728,0.8349664596273292
Hepatitis,DT,V4,utama,36,0.7551020408163265,0.7558333333333334,0.7307692307692307,0.7916666666666666,0.76,0.8733333333333333,0.8664562033801665
Hepatitis,DT,V4,utama,37,0.8571428571428571,0.8566666666666667,0.8695652173913043,0.8333333333333334,0.851063829787234,0.9341666666666667,0.9120700235735906
Hepatitis,DT,V4,utama,38,0.8571428571428571,0.855,0.8,0.96,0.8727272727272727,0.8725,0.8075585079033355
Hepatitis,DT,V4,utama,39,0.8571428571428571,0.8583333333333334,0.9090909090909091,0.8,0.851063829787234,0.9258333333333333,0.9314184623344287
Hepatitis,DT,V4,utama,40,0.86,0.86,0.8461538461538461,0.88,0.8627450980392157,0.9152,0.8935123732251522
Hepatitis,DT,V4,utama,41,0.8163265306122449,0.8166666666666667,0.8,0.8333333333333334,0.8163265306122449,0.88,0.8221715537014654
Hepatitis,DT,V4,utama,42,0.8571428571428571,0.855,0.9473684210526315,0.75,0.8372093023255814,0.8933333333333333,0.8768552553520488
Hepatitis,DT,V4,utama,43,0.8571428571428571,0.8574999999999999,0.875,0.84,0.8571428571428571,0.8674999999999999,0.8334390646947037
Hepatitis,DT,V4,utama,44,0.7959183673469388,0.7958333333333334,0.8,0.8,0.8,0.8683333333333334,0.8630770495841358
Hepatitis,DT,V4,utama,45,0.8,0.8,0.7777777777777778,0.84,0.8076923076923077,0.8775999999999999,0.8313934353934354
Hepatitis,DT,V4,utama,46,0.7959183673469388,0.7949999999999999,0.8181818181818182,0.75,0.782608695652174,0.9333333333333333,0.9249573465749936
Hepatitis,DT,V4,utama,47,0.8163265306122449,0.8141666666666667,0.8947368421052632,0.7083333333333334,0.7906976744186046,0.8999999999999999,0.8795559451850916
Hepatitis,DT,V4,utama,48,0.8367346938775511,0.8366666666666667,0.84,0.84,0.84,0.9016666666666666,0.8512433069179695
Hepatitis,DT,V4,utama,49,0.8163265306122449,0.8166666666666667,0.8333333333333334,0.8,0.8163265306122449,0.9125,0.8826283611028953
Hepatitis,DT,V4b,utama,0,0.7741935483870968,0.7333333333333334,0.4444444444444444,0.6666666666666666,0.5333333333333333,0.7966666666666666,0.5432008254588899
Hepatitis,DT,V4b,utama,1,0.7741935483870968,0.7333333333333334,0.4444444444444444,0.6666666666666666,0.5333333333333333,0.7666666666666666,0.4667309989890635
Hepatitis,DT,V4b,utama,2,0.8709677419354839,0.73,0.75,0.5,0.6,0.79,0.647944339025933
Hepatitis,DT,V4b,utama,3,0.6774193548387096,0.5892857142857143,0.3333333333333333,0.42857142857142855,0.375,0.6845238095238096,0.5236998025016458
Hepatitis,DT,V4b,utama,4,0.7096774193548387,0.7113095238095238,0.4166666666666667,0.7142857142857143,0.5263157894736842,0.7589285714285714,0.4060568086883876
Hepatitis,DT,V4b,utama,5,0.9032258064516129,0.94,0.6666666666666666,1.0,0.8,0.9199999999999999,0.75
Hepatitis,DT,V4b,utama,6,0.6774193548387096,0.61,0.3,0.5,0.375,0.77,0.3571293902176255
Hepatitis,DT,V4b,utama,7,0.8064516129032258,0.7533333333333333,0.5,0.6666666666666666,0.5714285714285714,0.8033333333333335,0.4700887523468169
Hepatitis,DT,V4b,utama,8,0.7741935483870968,0.8035714285714286,0.5,0.8571428571428571,0.631578947368421,0.8482142857142857,0.7544802867383512
Hepatitis,DT,V4b,utama,9,0.7741935483870968,0.7529761904761905,0.5,0.7142857142857143,0.5882352941176471,0.7946428571428572,0.5029540352120997
Hepatitis,DT,V4b,utama,10,0.8064516129032258,0.8166666666666667,0.5,0.8333333333333334,0.625,0.8733333333333333,0.5491452991452992
Hepatitis,DT,V4b,utama,11,0.7741935483870968,0.7333333333333334,0.4444444444444444,0.6666666666666666,0.5333333333333333,0.7433333333333334,0.3341099163679809
Hepatitis,DT,V4b,utama,12,0.8709677419354839,0.8566666666666667,0.625,0.8333333333333334,0.7142857142857143,0.9366666666666668,0.8482142857142857
Hepatitis,DT,V4b,utama,13,0.7741935483870968,0.7023809523809523,0.5,0.5714285714285714,0.5333333333333333,0.8065476190476191,0.4904761904761905
Hepatitis,DT,V4b,utama,14,0.8387096774193549,0.8452380952380952,0.6,0.8571428571428571,0.7058823529411765,0.8809523809523809,0.5452380952380953
Hepatitis,DT,V4b,utama,15,0.8064516129032258,0.69,0.5,0.5,0.5,0.71,0.3811827956989247
Hepatitis,DT,V4b,utama,16,0.8387096774193549,0.8366666666666667,0.5555555555555556,0.8333333333333334,0.6666666666666666,0.9,0.5714285714285715
Hepatitis,DT,V4b,utama,17,0.6451612903225806,0.7166666666666667,0.3333333333333333,0.8333333333333334,0.47619047619047616,0.8500000000000001,0.6846390168970815
Hepatitis,DT,V4b,utama,18,0.6774193548387096,0.6398809523809523,0.36363636363636365,0.5714285714285714,0.4444444444444444,0.7083333333333334,0.33810222036028487
Hepatitis,DT,V4b,utama,19,0.7419354838709677,0.7827380952380952,0.46153846153846156,0.8571428571428571,0.6,0.7708333333333333,0.40354732986311936
Hepatitis,DT,V4b,utama,20,0.8387096774193549,0.7733333333333333,0.5714285714285714,0.6666666666666666,0.6153846153846154,0.9133333333333333,0.6952380952380952
Hepatitis,DT,V4b,utama,21,0.8709677419354839,0.9199999999999999,0.6,1.0,0.75,0.9199999999999999,0.5994047619047619
Hepatitis,DT,V4b,utama,22,0.7741935483870968,0.7333333333333334,0.4444444444444444,0.6666666666666666,0.5333333333333333,0.7766666666666666,0.5228494623655914
Hepatitis,DT,V4b,utama,23,0.8064516129032258,0.7738095238095238,0.5555555555555556,0.7142857142857143,0.625,0.8720238095238095,0.5698412698412698
Hepatitis,DT,V4b,utama,24,0.6774193548387096,0.5892857142857143,0.3333333333333333,0.42857142857142855,0.375,0.6517857142857144,0.3642610269914417
Hepatitis,DT,V4b,utama,25,0.6451612903225806,0.5900000000000001,0.2727272727272727,0.5,0.35294117647058826,0.6266666666666666,0.26870083321696225
Hepatitis,DT,V4b,utama,26,0.8064516129032258,0.7533333333333333,0.5,0.6666666666666666,0.5714285714285714,0.8333333333333334,0.6248506571087216
Hepatitis,DT,V4b,utama,27,0.7741935483870968,0.6699999999999999,0.42857142857142855,0.5,0.46153846153846156,0.77,0.4019670592251237
Hepatitis,DT,V4b,utama,28,0.8064516129032258,0.8244047619047619,0.5454545454545454,0.8571428571428571,0.6666666666666666,0.9136904761904762,0.6673469387755102
Hepatitis,DT,V4b,utama,29,0.7096774193548387,0.7113095238095238,0.4166666666666667,0.7142857142857143,0.5263157894736842,0.8035714285714285,0.4246031746031746
Hepatitis,DT,V4b,utama,30,0.7419354838709677,0.7766666666666666,0.4166666666666667,0.8333333333333334,0.5555555555555556,0.8933333333333333,0.6206922162804516
Hepatitis,DT,V4b,utama,31,0.7419354838709677,0.5866666666666667,0.3333333333333333,0.3333333333333333,0.3333333333333333,0.7533333333333334,0.4711469534050179
Hepatitis,DT,V4b,utama,32,0.8387096774193549,0.8366666666666667,0.5555555555555556,0.8333333333333334,0.6666666666666666,0.8566666666666667,0.6518518518518519
Hepatitis,DT,V4b,utama,33,0.7741935483870968,0.7023809523809523,0.5,0.5714285714285714,0.5333333333333333,0.8273809523809523,0.5180341931494005
Hepatitis,DT,V4b,utama,34,0.8387096774193549,0.8452380952380952,0.6,0.8571428571428571,0.7058823529411765,0.8303571428571429,0.5492648672372175
Hepatitis,DT,V4b,utama,35,0.6774193548387096,0.6733333333333333,0.3333333333333333,0.6666666666666666,0.4444444444444444,0.74,0.39915621266427714
Hepatitis,DT,V4b,utama,36,0.9354838709677419,0.8966666666666667,0.8333333333333334,0.8333333333333334,0.8333333333333334,0.9233333333333333,0.8347222222222223
Hepatitis,DT,V4b,utama,37,0.7741935483870968,0.6699999999999999,0.42857142857142855,0.5,0.46153846153846156,0.7633333333333334,0.44892473118279574
Hepatitis,DT,V4b,utama,38,0.8709677419354839,0.9166666666666667,0.6363636363636364,1.0,0.7777777777777778,0.9464285714285714,0.7337662337662337
Hepatitis,DT,V4b,utama,39,0.8709677419354839,0.8660714285714286,0.6666666666666666,0.8571428571428571,0.75,0.9523809523809523,0.8333333333333333
Hepatitis,DT,V4b,utama,40,0.8064516129032258,0.69,0.5,0.5,0.5,0.6933333333333334,0.4189964157706093
Hepatitis,DT,V4b,utama,41,0.7419354838709677,0.7766666666666666,0.4166666666666667,0.8333333333333334,0.5555555555555556,0.8033333333333333,0.4838564213564213
Hepatitis,DT,V4b,utama,42,0.7096774193548387,0.63,0.3333333333333333,0.5,0.4,0.74,0.42277450791382676
Hepatitis,DT,V4b,utama,43,0.8709677419354839,0.8154761904761905,0.7142857142857143,0.7142857142857143,0.7142857142857143,0.9523809523809524,0.8144712430426716
Hepatitis,DT,V4b,utama,44,0.8064516129032258,0.7738095238095238,0.5555555555555556,0.7142857142857143,0.625,0.7678571428571429,0.44200863140955304
Hepatitis,DT,V4b,utama,45,0.7096774193548387,0.5666666666666667,0.2857142857142857,0.3333333333333333,0.3076923076923077,0.6766666666666665,0.3422939068100358
Hepatitis,DT,V4b,utama,46,0.7096774193548387,0.5666666666666667,0.2857142857142857,0.3333333333333333,0.3076923076923077,0.76,0.3354978354978355
Hepatitis,DT,V4b,utama,47,0.8387096774193549,0.7733333333333333,0.5714285714285714,0.6666666666666666,0.6153846153846154,0.8166666666666668,0.546146953405018
Hepatitis,DT,V4b,utama,48,0.8064516129032258,0.7738095238095238,0.5555555555555556,0.7142857142857143,0.625,0.8214285714285715,0.5195029624753127
Hepatitis,DT,V4b,utama,49,0.6451612903225806,0.5178571428571428,0.25,0.2857142857142857,0.26666666666666666,0.7172619047619049,0.378114588944082
Hepatitis,KNN,V1,utama,0,0.8387096774193549,0.8366666666666667,0.5555555555555556,0.8333333333333334,0.6666666666666666,0.8833333333333334,0.7703533026113671
Hepatitis,KNN,V1,utama,1,0.8064516129032258,0.88,0.5,1.0,0.6666666666666666,0.86,0.6547619047619048
Hepatitis,KNN,V1,utama,2,0.7096774193548387,0.6933333333333334,0.36363636363636365,0.6666666666666666,0.47058823529411764,0.7733333333333334,0.5236333558914205
Hepatitis,KNN,V1,utama,3,0.8387096774193549,0.8958333333333333,0.5833333333333334,1.0,0.7368421052631579,0.9047619047619049,0.6309523809523809
Hepatitis,KNN,V1,utama,4,0.7419354838709677,0.7321428571428572,0.45454545454545453,0.7142857142857143,0.5555555555555556,0.8214285714285714,0.4720470006184292
Hepatitis,KNN,V1,utama,5,0.8387096774193549,0.9,0.5454545454545454,1.0,0.7058823529411765,0.9566666666666667,0.7634920634920634
Hepatitis,KNN,V1,utama,6,0.6774193548387096,0.6733333333333333,0.3333333333333333,0.6666666666666666,0.4444444444444444,0.8466666666666667,0.625
Hepatitis,KNN,V1,utama,7,0.7419354838709677,0.7766666666666666,0.4166666666666667,0.8333333333333334,0.5555555555555556,0.8633333333333333,0.5269230769230769
Hepatitis,KNN,V1,utama,8,0.7096774193548387,0.7113095238095238,0.4166666666666667,0.7142857142857143,0.5263157894736842,0.7351190476190477,0.4811827956989247
Hepatitis,KNN,V1,utama,9,0.7419354838709677,0.7321428571428572,0.45454545454545453,0.7142857142857143,0.5555555555555556,0.7708333333333334,0.48525744608693916
Hepatitis,KNN,V1,utama,10,0.8387096774193549,0.9,0.5454545454545454,1.0,0.7058823529411765,0.9,0.538961038961039
Hepatitis,KNN,V1,utama,11,0.8064516129032258,0.8166666666666667,0.5,0.8333333333333334,0.625,0.7833333333333333,0.3925755248335894
Hepatitis,KNN,V1,utama,12,0.7741935483870968,0.7966666666666666,0.45454545454545453,0.8333333333333334,0.5882352941176471,0.93,0.7430555555555556
Hepatitis,KNN,V1,utama,13,0.7096774193548387,0.7113095238095238,0.4166666666666667,0.7142857142857143,0.5263157894736842,0.8273809523809524,0.69343022568829
Hepatitis,KNN,V1,utama,14,0.6774193548387096,0.7410714285714286,0.4,0.8571428571428571,0.5454545454545454,0.8303571428571429,0.6655844155844155
Hepatitis,KNN,V1,utama,15,0.7741935483870968,0.6699999999999999,0.42857142857142855,0.5,0.46153846153846156,0.7433333333333333,0.45340501792114696
Hepatitis,KNN,V1,utama,16,0.7741935483870968,0.86,0.46153846153846156,1.0,0.631578947368421,0.9166666666666666,0.7554945054945055
Hepatitis,KNN,V1,utama,17,0.8064516129032258,0.88,0.5,1.0,0.6666666666666666,0.9366666666666668,0.7760942760942761
Hepatitis,KNN,V1,utama,18,0.8064516129032258,0.8244047619047619,0.5454545454545454,0.8571428571428571,0.6666666666666666,0.8244047619047619,0.5044287509725297
Hepatitis,KNN,V1,utama,19,0.6774193548387096,0.7410714285714286,0.4,0.8571428571428571,0.5454545454545454,0.8392857142857143,0.6294584500466853
Hepatitis,KNN,V1,utama,20,0.7741935483870968,0.6699999999999999,0.42857142857142855,0.5,0.46153846153846156,0.7866666666666666,0.4541139863720509
Hepatitis,KNN,V1,utama,21,0.7741935483870968,0.7333333333333334,0.4444444444444444,0.6666666666666666,0.5333333333333333,0.8366666666666668,0.7630272952853598
Hepatitis,KNN,V1,utama,22,0.8064516129032258,0.8166666666666667,0.5,0.8333333333333334,0.625,0.7966666666666667,0.44892473118279574
Hepatitis,KNN,V1,utama,23,0.7419354838709677,0.7827380952380952,0.46153846153846156,0.8571428571428571,0.6,0.8898809523809524,0.684981684981685
Hepatitis,KNN,V1,utama,24,0.7419354838709677,0.7321428571428572,0.45454545454545453,0.7142857142857143,0.5555555555555556,0.7946428571428572,0.5538000146295077
Hepatitis,KNN,V1,utama,25,0.7741935483870968,0.7966666666666666,0.45454545454545453,0.8333333333333334,0.5882352941176471,0.7633333333333334,0.4635711958292603
Hepatitis,KNN,V1,utama,26,0.7741935483870968,0.7333333333333334,0.4444444444444444,0.6666666666666666,0.5333333333333333,0.8600000000000001,0.5482804232804233
Hepatitis,KNN,V1,utama,27,0.7741935483870968,0.7966666666666666,0.45454545454545453,0.8333333333333334,0.5882352941176471,0.8899999999999999,0.8655913978494623
Hepatitis,KNN,V1,utama,28,0.7741935483870968,0.8541666666666667,0.5,1.0,0.6666666666666666,0.9613095238095238,0.8333333333333333
Hepatitis,KNN,V1,utama,29,0.7419354838709677,0.7827380952380952,0.46153846153846156,0.8571428571428571,0.6,0.8154761904761905,0.4921855921855922
Hepatitis,KNN,V1,utama,30,0.7741935483870968,0.7966666666666666,0.45454545454545453,0.8333333333333334,0.5882352941176471,0.8866666666666666,0.7215909090909092
Hepatitis,KNN,V1,utama,31,0.8387096774193549,0.8366666666666667,0.5555555555555556,0.8333333333333334,0.6666666666666666,0.8333333333333335,0.6433691756272402
Hepatitis,KNN,V1,utama,32,0.5483870967741935,0.72,0.3,1.0,0.46153846153846156,0.8066666666666666,0.42499999999999993
Hepatitis,KNN,V1,utama,33,0.6774193548387096,0.6398809523809523,0.36363636363636365,0.5714285714285714,0.4444444444444444,0.7559523809523809,0.5553599626180271
Hepatitis,KNN,V1,utama,34,0.8387096774193549,0.8452380952380952,0.6,0.8571428571428571,0.7058823529411765,0.875,0.7227342549923195
Hepatitis,KNN,V1,utama,35,0.6774193548387096,0.6733333333333333,0.3333333333333333,0.6666666666666666,0.4444444444444444,0.7499999999999999,0.5719235364396654
Hepatitis,KNN,V1,utama,36,0.8709677419354839,0.7933333333333333,0.6666666666666666,0.6666666666666666,0.6666666666666666,0.9166666666666667,0.7708333333333334
Hepatitis,KNN,V1,utama,37,0.7419354838709677,0.7133333333333334,0.4,0.6666666666666666,0.5,0.8333333333333333,0.5138528138528139
Hepatitis,KNN,V1,utama,38,0.7741935483870968,0.8035714285714286,0.5,0.8571428571428571,0.631578947368421,0.9047619047619048,0.7410714285714286
Hepatitis,KNN,V1,utama,39,0.7741935483870968,0.8541666666666667,0.5,1.0,0.6666666666666666,0.9017857142857142,0.6412698412698412
Hepatitis,KNN,V1,utama,40,0.8387096774193549,0.7733333333333333,0.5714285714285714,0.6666666666666666,0.6153846153846154,0.77,0.5097542242703533
Hepatitis,KNN,V1,utama,41,0.7419354838709677,0.7766666666666666,0.4166666666666667,0.8333333333333334,0.5555555555555556,0.9033333333333334,0.718545751633987
Hepatitis,KNN,V1,utama,42,0.7096774193548387,0.8200000000000001,0.4,1.0,0.5714285714285714,0.7866666666666666,0.4777777777777778
Hepatitis,KNN,V1,utama,43,0.8709677419354839,0.8154761904761905,0.7142857142857143,0.7142857142857143,0.7142857142857143,0.9464285714285715,0.8443223443223443
Hepatitis,KNN,V1,utama,44,0.7096774193548387,0.6607142857142857,0.4,0.5714285714285714,0.47058823529411764,0.75,0.4579031612645058
Hepatitis,KNN,V1,utama,45,0.7741935483870968,0.7333333333333334,0.4444444444444444,0.6666666666666666,0.5333333333333333,0.8533333333333333,0.5726851851851852
Hepatitis,KNN,V1,utama,46,0.7419354838709677,0.8400000000000001,0.42857142857142855,1.0,0.6,0.9,0.7027417027417027
Hepatitis,KNN,V1,utama,47,0.7096774193548387,0.6933333333333334,0.36363636363636365,0.6666666666666666,0.47058823529411764,0.8666666666666666,0.58994708994709
Hepatitis,KNN,V1,utama,48,0.7419354838709677,0.7321428571428572,0.45454545454545453,0.7142857142857143,0.5555555555555556,0.8273809523809523,0.6671786994367639
Hepatitis,KNN,V1,utama,49,0.8064516129032258,0.7738095238095238,0.5555555555555556,0.7142857142857143,0.625,0.7976190476190477,0.5144009216589862
Hepatitis,KNN,V2,utama,0,0.9,0.9,0.8846153846153846,0.92,0.9019607843137255,0.9656,0.9611226790450929
Hepatitis,KNN,V2,utama,1,0.8979591836734694,0.8991666666666667,0.8518518518518519,0.9583333333333334,0.9019607843137255,0.9358333333333333,0.8957994937161604
Hepatitis,KNN,V2,utama,2,0.8775510204081632,0.8783333333333333,0.8461538461538461,0.9166666666666666,0.88,0.945,0.9134081196581196
Hepatitis,KNN,V2,utama,3,0.8571428571428571,0.8558333333333333,0.8214285714285714,0.92,0.8679245283018868,0.9191666666666667,0.8854920634920636
Hepatitis,KNN,V2,utama,4,0.7755102040816326,0.775,0.7692307692307693,0.8,0.7843137254901961,0.8150000000000001,0.7696584647845152
Hepatitis,KNN,V2,utama,5,0.8,0.8,0.7272727272727273,0.96,0.8275862068965517,0.948,0.9204555984555984
Hepatitis,KNN,V2,utama,6,0.8571428571428571,0.8574999999999999,0.84,0.875,0.8571428571428571,0.9425,0.9013661305541101
Hepatitis,KNN,V2,utama,7,0.8775510204081632,0.8783333333333333,0.8461538461538461,0.9166666666666666,0.88,0.9475,0.9246864246864247
Hepatitis,KNN,V2,utama,8,0.8571428571428571,0.8558333333333333,0.8214285714285714,0.92,0.8679245283018868,0.8966666666666667,0.8425078869744185
Hepatitis,KNN,V2,utama,9,0.8367346938775511,0.8383333333333334,0.9047619047619048,0.76,0.8260869565217391,0.8691666666666666,0.8568218703440629
Hepatitis,KNN,V2,utama,10,0.8,0.8,0.7586206896551724,0.88,0.8148148148148148,0.876,0.822707210031348
Hepatitis,KNN,V2,utama,11,0.8775510204081632,0.8791666666666667,0.8214285714285714,0.9583333333333334,0.8846153846153846,0.9616666666666666,0.9466036414565826
Hepatitis,KNN,V2,utama,12,0.8571428571428571,0.8583333333333334,0.8148148148148148,0.9166666666666666,0.8627450980392157,0.9141666666666667,0.8723125350729517
Hepatitis,KNN,V2,utama,13,0.8571428571428571,0.855,0.8,0.96,0.8727272727272727,0.8674999999999999,0.8254679923251352
Hepatitis,KNN,V2,utama,14,0.8163265306122449,0.815,0.7857142857142857,0.88,0.8301886792452831,0.8433333333333333,0.8042475847582476
Hepatitis,KNN,V2,utama,15,0.9,0.9,0.8333333333333334,1.0,0.9090909090909091,0.968,0.9497435897435897
Hepatitis,KNN,V2,utama,16,0.8163265306122449,0.8191666666666667,0.7419354838709677,0.9583333333333334,0.8363636363636363,0.9000000000000001,0.8915270393111542
Hepatitis,KNN,V2,utama,17,0.7551020408163265,0.7533333333333333,0.8,0.6666666666666666,0.7272727272727273,0.8366666666666667,0.8015223450491307
Hepatitis,KNN,V2,utama,18,0.8979591836734694,0.8975,0.8846153846153846,0.92,0.9019607843137255,0.9425,0.901519792035921
Hepatitis,KNN,V2,utama,19,0.7959183673469388,0.7933333333333333,0.7419354838709677,0.92,0.8214285714285714,0.8558333333333332,0.8179982960926306
Hepatitis,KNN,V2,utama,20,0.8,0.8,0.7272727272727273,0.96,0.8275862068965517,0.9072,0.856015901310019
Hepatitis,KNN,V2,utama,21,0.8571428571428571,0.8591666666666666,0.7931034482758621,0.9583333333333334,0.8679245283018868,0.9325,0.8983213266618438
Hepatitis,KNN,V2,utama,22,0.8571428571428571,0.8566666666666667,0.8695652173913043,0.8333333333333334,0.851063829787234,0.8791666666666667,0.8628002891978048
Hepatitis,KNN,V2,utama,23,0.8163265306122449,0.8141666666666667,0.7666666666666667,0.92,0.8363636363636363,0.8708333333333333,0.8326561833792955
Hepatitis,KNN,V2,utama,24,0.8571428571428571,0.8541666666666667,0.78125,1.0,0.8771929824561403,0.9,0.8552705627705628
Hepatitis,KNN,V2,utama,25,0.86,0.86,0.875,0.84,0.8571428571428571,0.9128000000000001,0.8950627705627705
Hepatitis,KNN,V2,utama,26,0.7959183673469388,0.7975,0.75,0.875,0.8076923076923077,0.9125,0.8813555964203058
Hepatitis,KNN,V2,utama,27,0.7755102040816326,0.7775000000000001,0.7241379310344828,0.875,0.7924528301886793,0.9091666666666667,0.8795239394483431
Hepatitis,KNN,V2,utama,28,0.8571428571428571,0.8566666666666667,0.8461538461538461,0.88,0.8627450980392157,0.9475,0.9309642857142857
Hepatitis,KNN,V2,utama,29,0.8367346938775511,0.8341666666666667,0.7741935483870968,0.96,0.8571428571428571,0.9291666666666667,0.9286245824494672
Hepatitis,KNN,V2,utama,30,0.8,0.8,0.7777777777777778,0.84,0.8076923076923077,0.8624,0.826983144134847
Hepatitis,KNN,V2,utama,31,0.8163265306122449,0.815,0.8571428571428571,0.75,0.8,0.9000000000000001,0.8647668547414544
Hepatitis,KNN,V2,utama,32,0.8163265306122449,0.8191666666666667,0.7419354838709677,0.9583333333333334,0.8363636363636363,0.9141666666666667,0.8787010743841863
Hepatitis,KNN,V2,utama,33,0.7959183673469388,0.7925,0.7272727272727273,0.96,0.8275862068965517,0.8958333333333333,0.8581951381951383
Hepatitis,KNN,V2,utama,34,0.8571428571428571,0.8541666666666667,0.78125,1.0,0.8771929824561403,0.9516666666666667,0.9379904306220095
Hepatitis,KNN,V2,utama,35,0.84,0.8400000000000001,0.8148148148148148,0.88,0.8461538461538461,0.9303999999999999,0.9193797625376573
Hepatitis,KNN,V2,utama,36,0.8775510204081632,0.8791666666666667,0.8214285714285714,0.9583333333333334,0.8846153846153846,0.9483333333333334,0.9066585131013603
Hepatitis,KNN,V2,utama,37,0.8775510204081632,0.8775,0.875,0.875,0.875,0.9375,0.889186507936508
Hepatitis,KNN,V2,utama,38,0.7142857142857143,0.7116666666666667,0.6774193548387096,0.84,0.75,0.79,0.7226614628781811
Hepatitis,KNN,V2,utama,39,0.9183673469387755,0.9183333333333333,0.92,0.92,0.92,0.9616666666666667,0.9617759052007899
Hepatitis,KNN,V2,utama,40,0.8,0.8,0.7419354838709677,0.92,0.8214285714285714,0.8296,0.747992562050287
Hepatitis,KNN,V2,utama,41,0.8775510204081632,0.8791666666666667,0.8214285714285714,0.9583333333333334,0.8846153846153846,0.8991666666666667,0.8443307200929152
Hepatitis,KNN,V2,utama,42,0.8979591836734694,0.8983333333333333,0.88,0.9166666666666666,0.8979591836734694,0.9608333333333333,0.9498803719580173
Hepatitis,KNN,V2,utama,43,0.9183673469387755,0.9183333333333333,0.92,0.92,0.92,0.9541666666666667,0.9249287925696594
Hepatitis,KNN,V2,utama,44,0.8367346938775511,0.8358333333333333,0.8148148148148148,0.88,0.8461538461538461,0.9325,0.9220148148148148
Hepatitis,KNN,V2,utama,45,0.8,0.8,0.7272727272727273,0.96,0.8275862068965517,0.8344,0.7743686313686313
Hepatitis,KNN,V2,utama,46,0.8979591836734694,0.8983333333333333,0.88,0.9166666666666666,0.8979591836734694,0.9500000000000001,0.9117171717171717
Hepatitis,KNN,V2,utama,47,0.7755102040816326,0.7758333333333334,0.76,0.7916666666666666,0.7755102040816326,0.8758333333333332,0.8204197054197053
Hepatitis,KNN,V2,utama,48,0.8571428571428571,0.855,0.8,0.96,0.8727272727272727,0.905,0.8571919191919192
Hepatitis,KNN,V2,utama,49,0.8571428571428571,0.8558333333333333,0.8214285714285714,0.92,0.8679245283018868,0.8866666666666666,0.8432552023742048
Hepatitis,KNN,V2b,utama,0,0.8709677419354839,0.8566666666666667,0.625,0.8333333333333334,0.7142857142857143,0.9733333333333334,0.9242424242424243
Hepatitis,KNN,V2b,utama,1,0.8709677419354839,0.9199999999999999,0.6,1.0,0.75,0.9033333333333333,0.5452380952380952
Hepatitis,KNN,V2b,utama,2,0.8064516129032258,0.8166666666666667,0.5,0.8333333333333334,0.625,0.88,0.5972222222222222
Hepatitis,KNN,V2b,utama,3,0.7741935483870968,0.8035714285714286,0.5,0.8571428571428571,0.631578947368421,0.9017857142857143,0.6972222222222222
Hepatitis,KNN,V2b,utama,4,0.6451612903225806,0.7202380952380952,0.375,0.8571428571428571,0.5217391304347826,0.8511904761904762,0.5432391138273491
Hepatitis,KNN,V2b,utama,5,0.8387096774193549,0.9,0.5454545454545454,1.0,0.7058823529411765,0.95,0.7375
Hepatitis,KNN,V2b,utama,6,0.8387096774193549,0.9,0.5454545454545454,1.0,0.7058823529411765,0.88,0.5631313131313131
Hepatitis,KNN,V2b,utama,7,0.7096774193548387,0.8200000000000001,0.4,1.0,0.5714285714285714,0.9333333333333333,0.6458333333333333
Hepatitis,KNN,V2b,utama,8,0.8064516129032258,0.7738095238095238,0.5555555555555556,0.7142857142857143,0.625,0.9107142857142857,0.6640502354788069
Hepatitis,KNN,V2b,utama,9,0.7419354838709677,0.7827380952380952,0.46153846153846156,0.8571428571428571,0.6,0.9375,0.8802521008403361
Hepatitis,KNN,V2b,utama,10,0.8064516129032258,0.88,0.5,1.0,0.6666666666666666,0.96,0.7555555555555555
Hepatitis,KNN,V2b,utama,11,0.8064516129032258,0.8166666666666667,0.5,0.8333333333333334,0.625,0.8833333333333333,0.5402116402116403
Hepatitis,KNN,V2b,utama,12,0.8387096774193549,0.9,0.5454545454545454,1.0,0.7058823529411765,0.9466666666666667,0.7284090909090909
Hepatitis,KNN,V2b,utama,13,0.8064516129032258,0.7738095238095238,0.5555555555555556,0.7142857142857143,0.625,0.8571428571428572,0.5681077694235589
Hepatitis,KNN,V2b,utama,14,0.8064516129032258,0.8244047619047619,0.5454545454545454,0.8571428571428571,0.6666666666666666,0.9017857142857142,0.6137196137196137
Hepatitis,KNN,V2b,utama,15,0.8387096774193549,0.8366666666666667,0.5555555555555556,0.8333333333333334,0.6666666666666666,0.8966666666666667,0.6316137566137566
Hepatitis,KNN,V2b,utama,16,0.7096774193548387,0.7566666666666667,0.38461538461538464,0.8333333333333334,0.5263157894736842,0.91,0.6805194805194805
Hepatitis,KNN,V2b,utama,17,0.8387096774193549,0.9,0.5454545454545454,1.0,0.7058823529411765,0.9733333333333334,0.819047619047619
Hepatitis,KNN,V2b,utama,18,0.7741935483870968,0.8035714285714286,0.5,0.8571428571428571,0.631578947368421,0.9345238095238095,0.8353741496598639
Hepatitis,KNN,V2b,utama,19,0.7096774193548387,0.7619047619047619,0.42857142857142855,0.8571428571428571,0.5714285714285714,0.8541666666666666,0.5714285714285714
Hepatitis,KNN,V2b,utama,20,0.8387096774193549,0.8366666666666667,0.5555555555555556,0.8333333333333334,0.6666666666666666,0.8966666666666667,0.7023420479302832
Hepatitis,KNN,V2b,utama,21,0.8387096774193549,0.9,0.5454545454545454,1.0,0.7058823529411765,0.98,0.8888888888888888
Hepatitis,KNN,V2b,utama,22,0.8064516129032258,0.8166666666666667,0.5,0.8333333333333334,0.625,0.8933333333333333,0.675
Hepatitis,KNN,V2b,utama,23,0.7419354838709677,0.7827380952380952,0.46153846153846156,0.8571428571428571,0.6,0.898809523809524,0.6441326530612245
Hepatitis,KNN,V2b,utama,24,0.6774193548387096,0.7410714285714286,0.4,0.8571428571428571,0.5454545454545454,0.8184523809523809,0.4996398559423769
Hepatitis,KNN,V2b,utama,25,0.7741935483870968,0.7966666666666666,0.45454545454545453,0.8333333333333334,0.5882352941176471,0.79,0.47468230694037145
Hepatitis,KNN,V2b,utama,26,0.8387096774193549,0.7733333333333333,0.5714285714285714,0.6666666666666666,0.6153846153846154,0.8999999999999999,0.753968253968254
Hepatitis,KNN,V2b,utama,27,0.7419354838709677,0.7766666666666666,0.4166666666666667,0.8333333333333334,0.5555555555555556,0.8533333333333333,0.46031746031746035
Hepatitis,KNN,V2b,utama,28,0.6129032258064516,0.75,0.3684210526315789,1.0,0.5384615384615384,0.9523809523809524,0.7793040293040293
Hepatitis,KNN,V2b,utama,29,0.7419354838709677,0.8333333333333333,0.4666666666666667,1.0,0.6363636363636364,0.880952380952381,0.5731601731601732
Hepatitis,KNN,V2b,utama,30,0.7741935483870968,0.7966666666666666,0.45454545454545453,0.8333333333333334,0.5882352941176471,0.9266666666666667,0.719047619047619
Hepatitis,KNN,V2b,utama,31,0.8387096774193549,0.8366666666666667,0.5555555555555556,0.8333333333333334,0.6666666666666666,0.9433333333333334,0.7873376623376623
Hepatitis,KNN,V2b,utama,32,0.5806451612903226,0.74,0.3157894736842105,1.0,0.48,0.8633333333333334,0.6220760233918128
Hepatitis,KNN,V2b,utama,33,0.8387096774193549,0.8452380952380952,0.6,0.8571428571428571,0.7058823529411765,0.9047619047619047,0.6154761904761905
Hepatitis,KNN,V2b,utama,34,0.8064516129032258,0.8244047619047619,0.5454545454545454,0.8571428571428571,0.6666666666666666,0.9345238095238095,0.7571428571428571
Hepatitis,KNN,V2b,utama,35,0.7741935483870968,0.7333333333333334,0.4444444444444444,0.6666666666666666,0.5333333333333333,0.8999999999999999,0.7261904761904762
Hepatitis,KNN,V2b,utama,36,0.7741935483870968,0.7966666666666666,0.45454545454545453,0.8333333333333334,0.5882352941176471,0.8866666666666667,0.5402116402116403
Hepatitis,KNN,V2b,utama,37,0.6451612903225806,0.7166666666666667,0.3333333333333333,0.8333333333333334,0.47619047619047616,0.8533333333333334,0.6198593073593074
Hepatitis,KNN,V2b,utama,38,0.7741935483870968,0.8035714285714286,0.5,0.8571428571428571,0.631578947368421,0.9196428571428572,0.7053571428571428
Hepatitis,KNN,V2b,utama,39,0.7741935483870968,0.8541666666666667,0.5,1.0,0.6666666666666666,0.9345238095238095,0.719047619047619
Hepatitis,KNN,V2b,utama,40,0.8064516129032258,0.7533333333333333,0.5,0.6666666666666666,0.5714285714285714,0.8866666666666667,0.6111111111111112
Hepatitis,KNN,V2b,utama,41,0.7096774193548387,0.7566666666666667,0.38461538461538464,0.8333333333333334,0.5263157894736842,0.9066666666666666,0.7470760233918129
Hepatitis,KNN,V2b,utama,42,0.5806451612903226,0.74,0.3157894736842105,1.0,0.48,0.8366666666666667,0.4407051282051282
Hepatitis,KNN,V2b,utama,43,0.9354838709677419,0.9583333333333333,0.7777777777777778,1.0,0.875,0.9910714285714286,0.9464285714285714
Hepatitis,KNN,V2b,utama,44,0.7096774193548387,0.7113095238095238,0.4166666666666667,0.7142857142857143,0.5263157894736842,0.869047619047619,0.6649350649350649
Hepatitis,KNN,V2b,utama,45,0.8387096774193549,0.9,0.5454545454545454,1.0,0.7058823529411765,0.9233333333333333,0.652056277056277
Hepatitis,KNN,V2b,utama,46,0.6774193548387096,0.8,0.375,1.0,0.5454545454545454,0.9333333333333333,0.6666666666666667
Hepatitis,KNN,V2b,utama,47,0.7419354838709677,0.7766666666666666,0.4166666666666667,0.8333333333333334,0.5555555555555556,0.93,0.825925925925926
Hepatitis,KNN,V2b,utama,48,0.7741935483870968,0.7529761904761905,0.5,0.7142857142857143,0.5882352941176471,0.8660714285714286,0.7771560236998025
Hepatitis,KNN,V2b,utama,49,0.7741935483870968,0.8541666666666667,0.5,1.0,0.6666666666666666,0.9077380952380953,0.6714285714285715
Hepatitis,KNN,V3,utama,0,0.8064516129032258,0.8166666666666667,0.5,0.8333333333333334,0.625,0.8766666666666667,0.7286866359447004
Hepatitis,KNN,V3,utama,1,0.7096774193548387,0.6933333333333334,0.36363636363636365,0.6666666666666666,0.47058823529411764,0.8233333333333333,0.4719308469308469
Hepatitis,KNN,V3,utama,2,0.7741935483870968,0.7333333333333334,0.4444444444444444,0.6666666666666666,0.5333333333333333,0.7866666666666666,0.47577658303464754
Hepatitis,KNN,V3,utama,3,0.7419354838709677,0.7827380952380952,0.46153846153846156,0.8571428571428571,0.6,0.8988095238095237,0.6353741496598639
Hepatitis,KNN,V3,utama,4,0.7741935483870968,0.8035714285714286,0.5,0.8571428571428571,0.631578947368421,0.8154761904761905,0.4630952380952381
Hepatitis,KNN,V3,utama,5,0.8709677419354839,0.9199999999999999,0.6,1.0,0.75,0.97,0.8055555555555556
Hepatitis,KNN,V3,utama,6,0.7096774193548387,0.7566666666666667,0.38461538461538464,0.8333333333333334,0.5263157894736842,0.8566666666666667,0.6266025641025641
Hepatitis,KNN,V3,utama,7,0.7741935483870968,0.7966666666666666,0.45454545454545453,0.8333333333333334,0.5882352941176471,0.8633333333333334,0.47507122507122507
Hepatitis,KNN,V3,utama,8,0.7419354838709677,0.6815476190476191,0.4444444444444444,0.5714285714285714,0.5,0.7142857142857143,0.37007168458781364
Hepatitis,KNN,V3,utama,9,0.7419354838709677,0.7827380952380952,0.46153846153846156,0.8571428571428571,0.6,0.8363095238095237,0.6934302256882902
Hepatitis,KNN,V3,utama,10,0.8387096774193549,0.9,0.5454545454545454,1.0,0.7058823529411765,0.9,0.538961038961039
Hepatitis,KNN,V3,utama,11,0.8064516129032258,0.8166666666666667,0.5,0.8333333333333334,0.625,0.7766666666666666,0.40448028673835124
Hepatitis,KNN,V3,utama,12,0.7741935483870968,0.7966666666666666,0.45454545454545453,0.8333333333333334,0.5882352941176471,0.93,0.7430555555555556
Hepatitis,KNN,V3,utama,13,0.7096774193548387,0.7113095238095238,0.4166666666666667,0.7142857142857143,0.5263157894736842,0.8214285714285715,0.6815254637835283
Hepatitis,KNN,V3,utama,14,0.7741935483870968,0.7023809523809523,0.5,0.5714285714285714,0.5333333333333333,0.8422619047619047,0.680952380952381
Hepatitis,KNN,V3,utama,15,0.7419354838709677,0.65,0.375,0.5,0.42857142857142855,0.7533333333333333,0.589516129032258
Hepatitis,KNN,V3,utama,16,0.7741935483870968,0.86,0.46153846153846156,1.0,0.631578947368421,0.9166666666666666,0.7554945054945055
Hepatitis,KNN,V3,utama,17,0.8064516129032258,0.8166666666666667,0.5,0.8333333333333334,0.625,0.9600000000000001,0.8766233766233766
Hepatitis,KNN,V3,utama,18,0.8064516129032258,0.8244047619047619,0.5454545454545454,0.8571428571428571,0.6666666666666666,0.7857142857142858,0.4469148363157579
Hepatitis,KNN,V3,utama,19,0.6774193548387096,0.7916666666666667,0.4117647058823529,1.0,0.5833333333333334,0.8333333333333333,0.6264705882352941
Hepatitis,KNN,V3,utama,20,0.7741935483870968,0.7966666666666666,0.45454545454545453,0.8333333333333334,0.5882352941176471,0.8866666666666667,0.6458333333333334
Hepatitis,KNN,V3,utama,21,0.7741935483870968,0.86,0.46153846153846156,1.0,0.631578947368421,0.9666666666666668,0.9102564102564102
Hepatitis,KNN,V3,utama,22,0.7741935483870968,0.7966666666666666,0.45454545454545453,0.8333333333333334,0.5882352941176471,0.8200000000000001,0.5385711958292603
Hepatitis,KNN,V3,utama,23,0.7419354838709677,0.7827380952380952,0.46153846153846156,0.8571428571428571,0.6,0.8958333333333334,0.7326007326007327
Hepatitis,KNN,V3,utama,24,0.7419354838709677,0.7321428571428572,0.45454545454545453,0.7142857142857143,0.5555555555555556,0.7946428571428572,0.5538000146295077
Hepatitis,KNN,V3,utama,25,0.7419354838709677,0.7133333333333334,0.4,0.6666666666666666,0.5,0.7733333333333334,0.512233644491709
Hepatitis,KNN,V3,utama,26,0.8064516129032258,0.8166666666666667,0.5,0.8333333333333334,0.625,0.8966666666666667,0.6480158730158729
Hepatitis,KNN,V3,utama,27,0.7741935483870968,0.7966666666666666,0.45454545454545453,0.8333333333333334,0.5882352941176471,0.8899999999999999,0.8655913978494623
Hepatitis,KNN,V3,utama,28,0.8387096774193549,0.8958333333333333,0.5833333333333334,1.0,0.7368421052631579,0.9702380952380953,0.8809523809523809
Hepatitis,KNN,V3,utama,29,0.7419354838709677,0.7827380952380952,0.46153846153846156,0.8571428571428571,0.6,0.8154761904761905,0.4921855921855922
Hepatitis,KNN,V3,utama,30,0.7419354838709677,0.7133333333333334,0.4,0.6666666666666666,0.5,0.84,0.4583333333333333
Hepatitis,KNN,V3,utama,31,0.7741935483870968,0.7333333333333334,0.4444444444444444,0.6666666666666666,0.5333333333333333,0.8266666666666667,0.5603965926546571
Hepatitis,KNN,V3,utama,32,0.5806451612903226,0.74,0.3157894736842105,1.0,0.48,0.8733333333333333,0.7054093567251463
Hepatitis,KNN,V3,utama,33,0.6774193548387096,0.6398809523809523,0.36363636363636365,0.5714285714285714,0.4444444444444444,0.7559523809523809,0.5553599626180271
Hepatitis,KNN,V3,utama,34,0.8064516129032258,0.8244047619047619,0.5454545454545454,0.8571428571428571,0.6666666666666666,0.9404761904761905,0.7602564102564102
Hepatitis,KNN,V3,utama,35,0.6774193548387096,0.6733333333333333,0.3333333333333333,0.6666666666666666,0.4444444444444444,0.7499999999999999,0.5719235364396654
Hepatitis,KNN,V3,utama,36,0.8709677419354839,0.8566666666666667,0.625,0.8333333333333334,0.7142857142857143,0.96,0.8541666666666666
Hepatitis,KNN,V3,utama,37,0.7419354838709677,0.7133333333333334,0.4,0.6666666666666666,0.5,0.8666666666666667,0.5904761904761905
Hepatitis,KNN,V3,utama,38,0.8064516129032258,0.875,0.5384615384615384,1.0,0.7,0.8720238095238095,0.5412087912087912
Hepatitis,KNN,V3,utama,39,0.7741935483870968,0.8541666666666667,0.5,1.0,0.6666666666666666,0.9166666666666667,0.6904761904761905
Hepatitis,KNN,V3,utama,40,0.8387096774193549,0.7733333333333333,0.5714285714285714,0.6666666666666666,0.6153846153846154,0.7833333333333333,0.5375320020481311
Hepatitis,KNN,V3,utama,41,0.7741935483870968,0.7966666666666666,0.45454545454545453,0.8333333333333334,0.5882352941176471,0.8500000000000001,0.5415204678362573
Hepatitis,KNN,V3,utama,42,0.6129032258064516,0.6966666666666668,0.3125,0.8333333333333334,0.45454545454545453,0.7533333333333333,0.4555555555555555
Hepatitis,KNN,V3,utama,43,0.8709677419354839,0.8154761904761905,0.7142857142857143,0.7142857142857143,0.7142857142857143,0.9464285714285715,0.8443223443223443
Hepatitis,KNN,V3,utama,44,0.7741935483870968,0.8035714285714286,0.5,0.8571428571428571,0.631578947368421,0.8898809523809524,0.6896825396825397
Hepatitis,KNN,V3,utama,45,0.7741935483870968,0.7333333333333334,0.4444444444444444,0.6666666666666666,0.5333333333333333,0.8699999999999999,0.5169312169312169
Hepatitis,KNN,V3,utama,46,0.7741935483870968,0.7966666666666666,0.45454545454545453,0.8333333333333334,0.5882352941176471,0.8666666666666667,0.4917239623121976
Hepatitis,KNN,V3,utama,47,0.7741935483870968,0.7333333333333334,0.4444444444444444,0.6666666666666666,0.5333333333333333,0.8533333333333333,0.4726851851851852
Hepatitis,KNN,V3,utama,48,0.7096774193548387,0.7113095238095238,0.4166666666666667,0.7142857142857143,0.5263157894736842,0.8184523809523809,0.5471717222869297
Hepatitis,KNN,V3,utama,49,0.8387096774193549,0.7946428571428572,0.625,0.7142857142857143,0.6666666666666666,0.8601190476190476,0.6566087138667784
Hepatitis,KNN,V4,utama,0,0.88,0.88,0.88,0.88,0.88,0.9663999999999999,0.9619653679653679
Hepatitis,KNN,V4,utama,1,0.8367346938775511,0.8391666666666666,0.7666666666666667,0.9583333333333334,0.8518518518518519,0.9391666666666666,0.9201460777547734
Hepatitis,KNN,V4,utama,2,0.8367346938775511,0.8375,0.8076923076923077,0.875,0.84,0.9199999999999999,0.9161797755547756
Hepatitis,KNN,V4,utama,3,0.8571428571428571,0.8558333333333333,0.8214285714285714,0.92,0.8679245283018868,0.9191666666666667,0.8854920634920636
Hepatitis,KNN,V4,utama,4,0.7346938775510204,0.7333333333333334,0.7142857142857143,0.8,0.7547169811320755,0.8358333333333334,0.7935665223665223
Hepatitis,KNN,V4,utama,5,0.86,0.86,0.78125,1.0,0.8771929824561403,0.9352,0.8970354645354646
Hepatitis,KNN,V4,utama,6,0.8571428571428571,0.8574999999999999,0.84,0.875,0.8571428571428571,0.9425,0.9013661305541101
Hepatitis,KNN,V4,utama,7,0.8163265306122449,0.8191666666666667,0.7419354838709677,0.9583333333333334,0.8363636363636363,0.9566666666666667,0.9498823974630425
Hepatitis,KNN,V4,utama,8,0.8775510204081632,0.8758333333333332,0.8275862068965517,0.96,0.8888888888888888,0.935,0.9114755761008384
Hepatitis,KNN,V4,utama,9,0.7755102040816326,0.775,0.7692307692307693,0.8,0.7843137254901961,0.8658333333333333,0.8874490634020699
Hepatitis,KNN,V4,utama,10,0.82,0.8200000000000001,0.7857142857142857,0.88,0.8301886792452831,0.9168,0.8973564207799701
Hepatitis,KNN,V4,utama,11,0.8571428571428571,0.8591666666666666,0.7931034482758621,0.9583333333333334,0.8679245283018868,0.97,0.9747126436781609
Hepatitis,KNN,V4,utama,12,0.8163265306122449,0.8183333333333334,0.7586206896551724,0.9166666666666666,0.8301886792452831,0.93,0.9079307099234635
Hepatitis,KNN,V4,utama,13,0.8571428571428571,0.855,0.8,0.96,0.8727272727272727,0.8674999999999999,0.8254679923251352
Hepatitis,KNN,V4,utama,14,0.7755102040816326,0.775,0.7692307692307693,0.8,0.7843137254901961,0.8991666666666667,0.8916880914527974
Hepatitis,KNN,V4,utama,15,0.9,0.9,0.8333333333333334,1.0,0.9090909090909091,0.9856,0.9767080745341615
Hepatitis,KNN,V4,utama,16,0.8571428571428571,0.8591666666666666,0.7931034482758621,0.9583333333333334,0.8679245283018868,0.8808333333333335,0.8217623331191548
Hepatitis,KNN,V4,utama,17,0.7346938775510204,0.7333333333333334,0.7619047619047619,0.6666666666666666,0.7111111111111111,0.8233333333333334,0.7868314038820092
Hepatitis,KNN,V4,utama,18,0.8979591836734694,0.8975,0.8846153846153846,0.92,0.9019607843137255,0.9425,0.901519792035921
Hepatitis,KNN,V4,utama,19,0.7959183673469388,0.7925,0.7272727272727273,0.96,0.8275862068965517,0.9058333333333333,0.8768150470219436
Hepatitis,KNN,V4,utama,20,0.8,0.8,0.7272727272727273,0.96,0.8275862068965517,0.9072,0.856015901310019
Hepatitis,KNN,V4,utama,21,0.8775510204081632,0.8783333333333333,0.8461538461538461,0.9166666666666666,0.88,0.9508333333333334,0.937558042064621
Hepatitis,KNN,V4,utama,22,0.8163265306122449,0.8158333333333333,0.8260869565217391,0.7916666666666666,0.8085106382978723,0.8775000000000001,0.8893216377460075
Hepatitis,KNN,V4,utama,23,0.7755102040816326,0.7741666666666667,0.75,0.84,0.7924528301886793,0.8658333333333333,0.8257798340212132
Hepatitis,KNN,V4,utama,24,0.8571428571428571,0.8541666666666667,0.78125,1.0,0.8771929824561403,0.9383333333333334,0.9210142857142858
Hepatitis,KNN,V4,utama,25,0.86,0.86,0.875,0.84,0.8571428571428571,0.9336,0.9276572156797083
Hepatitis,KNN,V4,utama,26,0.7959183673469388,0.7975,0.75,0.875,0.8076923076923077,0.8883333333333333,0.8573036398467433
Hepatitis,KNN,V4,utama,27,0.8367346938775511,0.8400000000000001,0.75,1.0,0.8571428571428571,0.9341666666666667,0.8869598765432098
Hepatitis,KNN,V4,utama,28,0.8571428571428571,0.8566666666666667,0.8461538461538461,0.88,0.8627450980392157,0.9475,0.9309642857142857
Hepatitis,KNN,V4,utama,29,0.8163265306122449,0.815,0.7857142857142857,0.88,0.8301886792452831,0.9433333333333334,0.9344648071792384
Hepatitis,KNN,V4,utama,30,0.78,0.78,0.75,0.84,0.7924528301886793,0.9024,0.8938772863772864
Hepatitis,KNN,V4,utama,31,0.8163265306122449,0.815,0.8571428571428571,0.75,0.8,0.9000000000000001,0.8647668547414544
Hepatitis,KNN,V4,utama,32,0.8163265306122449,0.8191666666666667,0.7419354838709677,0.9583333333333334,0.8363636363636363,0.89,0.82712012378799
Hepatitis,KNN,V4,utama,33,0.8571428571428571,0.8566666666666667,0.8461538461538461,0.88,0.8627450980392157,0.945,0.9349343001414612
Hepatitis,KNN,V4,utama,34,0.8163265306122449,0.8125,0.7352941176470589,1.0,0.847457627118644,0.9541666666666666,0.9222222222222223
Hepatitis,KNN,V4,utama,35,0.82,0.8200000000000001,0.7857142857142857,0.88,0.8301886792452831,0.9112,0.901922426073052
Hepatitis,KNN,V4,utama,36,0.8775510204081632,0.8791666666666667,0.8214285714285714,0.9583333333333334,0.8846153846153846,0.9483333333333334,0.9066585131013603
Hepatitis,KNN,V4,utama,37,0.8979591836734694,0.9,0.8275862068965517,1.0,0.9056603773584906,0.9375,0.9142423427662386
Hepatitis,KNN,V4,utama,38,0.6938775510204082,0.6916666666666667,0.6666666666666666,0.8,0.7272727272727273,0.8033333333333333,0.750167641325536
Hepatitis,KNN,V4,utama,39,0.8571428571428571,0.8558333333333333,0.8214285714285714,0.92,0.8679245283018868,0.9558333333333333,0.9604385294787772
Hepatitis,KNN,V4,utama,40,0.8,0.8,0.7272727272727273,0.96,0.8275862068965517,0.8816,0.8553797094617421
Hepatitis,KNN,V4,utama,41,0.8775510204081632,0.8791666666666667,0.8214285714285714,0.9583333333333334,0.8846153846153846,0.8991666666666667,0.8443307200929152
Hepatitis,KNN,V4,utama,42,0.8979591836734694,0.8983333333333333,0.88,0.9166666666666666,0.8979591836734694,0.9608333333333333,0.9498803719580173
Hepatitis,KNN,V4,utama,43,0.8571428571428571,0.8558333333333333,0.8214285714285714,0.92,0.8679245283018868,0.9516666666666667,0.9493598166539343
Hepatitis,KNN,V4,utama,44,0.8163265306122449,0.815,0.7857142857142857,0.88,0.8301886792452831,0.9283333333333333,0.9253113553113553
Hepatitis,KNN,V4,utama,45,0.78,0.78,0.7058823529411765,0.96,0.8135593220338984,0.9096000000000001,0.8553652986160726
Hepatitis,KNN,V4,utama,46,0.8775510204081632,0.8783333333333333,0.8461538461538461,0.9166666666666666,0.88,0.9349999999999999,0.8923882755166126
Hepatitis,KNN,V4,utama,47,0.7755102040816326,0.7758333333333334,0.76,0.7916666666666666,0.7755102040816326,0.8758333333333332,0.8204197054197053
Hepatitis,KNN,V4,utama,48,0.8775510204081632,0.8766666666666667,0.8518518518518519,0.92,0.8846153846153846,0.9249999999999999,0.8866265282505692
Hepatitis,KNN,V4,utama,49,0.8571428571428571,0.855,0.8,0.96,0.8727272727272727,0.9475,0.9373892083149049
Hepatitis,KNN,V4b,utama,0,0.8709677419354839,0.8566666666666667,0.625,0.8333333333333334,0.7142857142857143,0.9733333333333334,0.9242424242424243
Hepatitis,KNN,V4b,utama,1,0.7741935483870968,0.86,0.46153846153846156,1.0,0.631578947368421,0.97,0.8333333333333333
Hepatitis,KNN,V4b,utama,2,0.6451612903225806,0.7166666666666667,0.3333333333333333,0.8333333333333334,0.47619047619047616,0.8533333333333334,0.7166666666666667
Hepatitis,KNN,V4b,utama,3,0.7741935483870968,0.8035714285714286,0.5,0.8571428571428571,0.631578947368421,0.9017857142857143,0.6972222222222222
Hepatitis,KNN,V4b,utama,4,0.6451612903225806,0.7202380952380952,0.375,0.8571428571428571,0.5217391304347826,0.8511904761904762,0.5432391138273491
Hepatitis,KNN,V4b,utama,5,0.8064516129032258,0.88,0.5,1.0,0.6666666666666666,0.95,0.7063492063492063
Hepatitis,KNN,V4b,utama,6,0.8064516129032258,0.8166666666666667,0.5,0.8333333333333334,0.625,0.8366666666666667,0.5692640692640693
Hepatitis,KNN,V4b,utama,7,0.7096774193548387,0.8200000000000001,0.4,1.0,0.5714285714285714,0.9333333333333333,0.6458333333333333
Hepatitis,KNN,V4b,utama,8,0.7096774193548387,0.7113095238095238,0.4166666666666667,0.7142857142857143,0.5263157894736842,0.9017857142857143,0.8013605442176871
Hepatitis,KNN,V4b,utama,9,0.7419354838709677,0.7827380952380952,0.46153846153846156,0.8571428571428571,0.6,0.9375,0.8802521008403361
Hepatitis,KNN,V4b,utama,10,0.8064516129032258,0.88,0.5,1.0,0.6666666666666666,0.96,0.7555555555555555
Hepatitis,KNN,V4b,utama,11,0.8064516129032258,0.8166666666666667,0.5,0.8333333333333334,0.625,0.8833333333333333,0.5402116402116403
Hepatitis,KNN,V4b,utama,12,0.8387096774193549,0.9,0.5454545454545454,1.0,0.7058823529411765,0.9833333333333334,0.9166666666666666
Hepatitis,KNN,V4b,utama,13,0.7096774193548387,0.7113095238095238,0.4166666666666667,0.7142857142857143,0.5263157894736842,0.8184523809523809,0.5938984289367921
Hepatitis,KNN,V4b,utama,14,0.6451612903225806,0.7708333333333333,0.3888888888888889,1.0,0.56,0.9375,0.8555555555555555
Hepatitis,KNN,V4b,utama,15,0.8064516129032258,0.8166666666666667,0.5,0.8333333333333334,0.625,0.9033333333333333,0.7583333333333333
Hepatitis,KNN,V4b,utama,16,0.8387096774193549,0.9,0.5454545454545454,1.0,0.7058823529411765,0.9533333333333334,0.7777777777777778
Hepatitis,KNN,V4b,utama,17,0.8387096774193549,0.9,0.5454545454545454,1.0,0.7058823529411765,0.9733333333333334,0.819047619047619
Hepatitis,KNN,V4b,utama,18,0.7741935483870968,0.8035714285714286,0.5,0.8571428571428571,0.631578947368421,0.9345238095238095,0.8353741496598639
Hepatitis,KNN,V4b,utama,19,0.6774193548387096,0.7410714285714286,0.4,0.8571428571428571,0.5454545454545454,0.8779761904761905,0.6910973084886128
Hepatitis,KNN,V4b,utama,20,0.8387096774193549,0.8366666666666667,0.5555555555555556,0.8333333333333334,0.6666666666666666,0.9033333333333333,0.7861111111111112
Hepatitis,KNN,V4b,utama,21,0.7741935483870968,0.86,0.46153846153846156,1.0,0.631578947368421,0.9766666666666667,0.8611111111111112
Hepatitis,KNN,V4b,utama,22,0.8064516129032258,0.8166666666666667,0.5,0.8333333333333334,0.625,0.8933333333333333,0.675
Hepatitis,KNN,V4b,utama,23,0.7741935483870968,0.8541666666666667,0.5,1.0,0.6666666666666666,0.9077380952380952,0.6892857142857143
Hepatitis,KNN,V4b,utama,24,0.7741935483870968,0.8035714285714286,0.5,0.8571428571428571,0.631578947368421,0.9107142857142857,0.7809523809523808
Hepatitis,KNN,V4b,utama,25,0.7419354838709677,0.7766666666666666,0.4166666666666667,0.8333333333333334,0.5555555555555556,0.8966666666666667,0.6651315789473684
Hepatitis,KNN,V4b,utama,26,0.8387096774193549,0.8366666666666667,0.5555555555555556,0.8333333333333334,0.6666666666666666,0.9033333333333334,0.7847494553376907
Hepatitis,KNN,V4b,utama,27,0.7741935483870968,0.7966666666666666,0.45454545454545453,0.8333333333333334,0.5882352941176471,0.9333333333333333,0.7222222222222222
Hepatitis,KNN,V4b,utama,28,0.8064516129032258,0.875,0.5384615384615384,1.0,0.7,0.9940476190476191,0.9682539682539683
Hepatitis,KNN,V4b,utama,29,0.7419354838709677,0.8333333333333333,0.4666666666666667,1.0,0.6363636363636364,0.880952380952381,0.5731601731601732
Hepatitis,KNN,V4b,utama,30,0.8064516129032258,0.88,0.5,1.0,0.6666666666666666,0.9433333333333334,0.7357142857142858
Hepatitis,KNN,V4b,utama,31,0.8387096774193549,0.8366666666666667,0.5555555555555556,0.8333333333333334,0.6666666666666666,0.9433333333333334,0.7873376623376623
Hepatitis,KNN,V4b,utama,32,0.6129032258064516,0.76,0.3333333333333333,1.0,0.5,0.8966666666666667,0.562108262108262
Hepatitis,KNN,V4b,utama,33,0.7741935483870968,0.8035714285714286,0.5,0.8571428571428571,0.631578947368421,0.9196428571428572,0.7841269841269842
Hepatitis,KNN,V4b,utama,34,0.8064516129032258,0.8244047619047619,0.5454545454545454,0.8571428571428571,0.6666666666666666,0.9077380952380952,0.7070533476548515
Hepatitis,KNN,V4b,utama,35,0.7096774193548387,0.6933333333333334,0.36363636363636365,0.6666666666666666,0.47058823529411764,0.8666666666666667,0.7261904761904762
Hepatitis,KNN,V4b,utama,36,0.9032258064516129,0.8766666666666667,0.7142857142857143,0.8333333333333334,0.7692307692307693,0.9533333333333334,0.7277777777777777
Hepatitis,KNN,V4b,utama,37,0.6451612903225806,0.7166666666666667,0.3333333333333333,0.8333333333333334,0.47619047619047616,0.8533333333333334,0.6198593073593074
Hepatitis,KNN,V4b,utama,38,0.8064516129032258,0.875,0.5384615384615384,1.0,0.7,0.9285714285714286,0.6785714285714286
Hepatitis,KNN,V4b,utama,39,0.7096774193548387,0.8125,0.4375,1.0,0.6086956521739131,0.9434523809523809,0.7410018552875696
Hepatitis,KNN,V4b,utama,40,0.8064516129032258,0.7533333333333333,0.5,0.6666666666666666,0.5714285714285714,0.8866666666666667,0.6111111111111112
Hepatitis,KNN,V4b,utama,41,0.7741935483870968,0.7966666666666666,0.45454545454545453,0.8333333333333334,0.5882352941176471,0.8733333333333334,0.6829545454545455
Hepatitis,KNN,V4b,utama,42,0.6774193548387096,0.8,0.375,1.0,0.5454545454545454,0.88,0.6388888888888888
Hepatitis,KNN,V4b,utama,43,0.9354838709677419,0.9583333333333333,0.7777777777777778,1.0,0.875,0.9970238095238095,0.9821428571428572
Hepatitis,KNN,V4b,utama,44,0.7419354838709677,0.8333333333333333,0.4666666666666667,1.0,0.6363636363636364,0.9166666666666666,0.7673469387755102
Hepatitis,KNN,V4b,utama,45,0.8064516129032258,0.88,0.5,1.0,0.6666666666666666,0.94,0.6666666666666666
Hepatitis,KNN,V4b,utama,46,0.6774193548387096,0.8,0.375,1.0,0.5454545454545454,0.9333333333333333,0.6666666666666667
Hepatitis,KNN,V4b,utama,47,0.7419354838709677,0.7766666666666666,0.4166666666666667,0.8333333333333334,0.5555555555555556,0.91,0.851010101010101
Hepatitis,KNN,V4b,utama,48,0.7419354838709677,0.7321428571428572,0.45454545454545453,0.7142857142857143,0.5555555555555556,0.8958333333333334,0.6746031746031746
Hepatitis,KNN,V4b,utama,49,0.8064516129032258,0.8244047619047619,0.5454545454545454,0.8571428571428571,0.6666666666666666,0.9226190476190477,0.770439084724799
Hepatitis,RF,V1,utama,0,0.8387096774193549,0.7733333333333333,0.5714285714285714,0.6666666666666666,0.6153846153846154,0.8633333333333334,0.611441798941799
Hepatitis,RF,V1,utama,1,0.8387096774193549,0.7733333333333333,0.5714285714285714,0.6666666666666666,0.6153846153846154,0.8866666666666667,0.5335016835016835
Hepatitis,RF,V1,utama,2,0.9032258064516129,0.8766666666666667,0.7142857142857143,0.8333333333333334,0.7692307692307693,0.8733333333333333,0.8472222222222221
Hepatitis,RF,V1,utama,3,0.7419354838709677,0.6309523809523809,0.42857142857142855,0.42857142857142855,0.42857142857142855,0.8035714285714285,0.47169637085603466
Hepatitis,RF,V1,utama,4,0.7419354838709677,0.6815476190476191,0.4444444444444444,0.5714285714285714,0.5,0.8214285714285714,0.5038850038850039
Hepatitis,RF,V1,utama,5,0.8709677419354839,0.8566666666666667,0.625,0.8333333333333334,0.7142857142857143,0.96,0.8857142857142857
Hepatitis,RF,V1,utama,6,0.7419354838709677,0.65,0.375,0.5,0.42857142857142855,0.8333333333333333,0.5268157768157767
Hepatitis,RF,V1,utama,7,0.8064516129032258,0.69,0.5,0.5,0.5,0.86,0.4925925925925926
Hepatitis,RF,V1,utama,8,0.8387096774193549,0.6934523809523809,0.75,0.42857142857142855,0.5454545454545454,0.8005952380952381,0.6739556526422885
Hepatitis,RF,V1,utama,9,0.8387096774193549,0.7440476190476191,0.6666666666666666,0.5714285714285714,0.6153846153846154,0.7857142857142857,0.6909863945578232
Hepatitis,RF,V1,utama,10,0.8709677419354839,0.7933333333333333,0.6666666666666666,0.6666666666666666,0.6666666666666666,0.9066666666666667,0.5877344877344878
Hepatitis,RF,V1,utama,11,0.7741935483870968,0.7333333333333334,0.4444444444444444,0.6666666666666666,0.5333333333333333,0.8,0.408029878618114
Hepatitis,RF,V1,utama,12,0.8709677419354839,0.8566666666666667,0.625,0.8333333333333334,0.7142857142857143,0.9266666666666666,0.7041666666666665
Hepatitis,RF,V1,utama,13,0.7741935483870968,0.7023809523809523,0.5,0.5714285714285714,0.5333333333333333,0.8154761904761905,0.6111394557823129
Hepatitis,RF,V1,utama,14,0.7741935483870968,0.7529761904761905,0.5,0.7142857142857143,0.5882352941176471,0.8452380952380952,0.7243197278911564
Hepatitis,RF,V1,utama,15,0.7741935483870968,0.6699999999999999,0.42857142857142855,0.5,0.46153846153846156,0.87,0.6840909090909091
Hepatitis,RF,V1,utama,16,0.8387096774193549,0.8366666666666667,0.5555555555555556,0.8333333333333334,0.6666666666666666,0.8666666666666666,0.5875
Hepatitis,RF,V1,utama,17,0.9032258064516129,0.8766666666666667,0.7142857142857143,0.8333333333333334,0.7692307692307693,0.9166666666666666,0.8148809523809524
Hepatitis,RF,V1,utama,18,0.8387096774193549,0.6934523809523809,0.75,0.42857142857142855,0.5454545454545454,0.8333333333333333,0.6432178932178931
Hepatitis,RF,V1,utama,19,0.7419354838709677,0.6309523809523809,0.42857142857142855,0.42857142857142855,0.42857142857142855,0.8392857142857142,0.5882086167800453
Hepatitis,RF,V1,utama,20,0.8709677419354839,0.73,0.75,0.5,0.6,0.8933333333333333,0.6887917637917637
Hepatitis,RF,V1,utama,21,0.8387096774193549,0.7733333333333333,0.5714285714285714,0.6666666666666666,0.6153846153846154,0.8466666666666667,0.7344877344877344
Hepatitis,RF,V1,utama,22,0.8387096774193549,0.8366666666666667,0.5555555555555556,0.8333333333333334,0.6666666666666666,0.8333333333333334,0.5680814354727398
Hepatitis,RF,V1,utama,23,0.7419354838709677,0.6815476190476191,0.4444444444444444,0.5714285714285714,0.5,0.8690476190476191,0.6013819513819514
Hepatitis,RF,V1,utama,24,0.7419354838709677,0.6815476190476191,0.4444444444444444,0.5714285714285714,0.5,0.7857142857142857,0.5982683982683983
Hepatitis,RF,V1,utama,25,0.8387096774193549,0.7733333333333333,0.5714285714285714,0.6666666666666666,0.6153846153846154,0.74,0.43394383394383396
Hepatitis,RF,V1,utama,26,0.7419354838709677,0.5866666666666667,0.3333333333333333,0.3333333333333333,0.3333333333333333,0.8,0.5128038628038628
Hepatitis,RF,V1,utama,27,0.8387096774193549,0.71,0.6,0.5,0.5454545454545454,0.84,0.5480019493177388
Hepatitis,RF,V1,utama,28,0.9354838709677419,0.9077380952380952,0.8571428571428571,0.8571428571428571,0.8571428571428571,0.9702380952380952,0.9404761904761902
Hepatitis,RF,V1,utama,29,0.7419354838709677,0.6309523809523809,0.42857142857142855,0.42857142857142855,0.42857142857142855,0.8452380952380952,0.6007395382395382
Hepatitis,RF,V1,utama,30,0.8709677419354839,0.7933333333333333,0.6666666666666666,0.6666666666666666,0.6666666666666666,0.9466666666666667,0.8069444444444444
Hepatitis,RF,V1,utama,31,0.7741935483870968,0.6066666666666667,0.4,0.3333333333333333,0.36363636363636365,0.7500000000000001,0.5249829322409968
Hepatitis,RF,V1,utama,32,0.7096774193548387,0.63,0.3333333333333333,0.5,0.4,0.8066666666666668,0.462010212010212
Hepatitis,RF,V1,utama,33,0.7419354838709677,0.6309523809523809,0.42857142857142855,0.42857142857142855,0.42857142857142855,0.7738095238095238,0.5465058750773036
Hepatitis,RF,V1,utama,34,0.8387096774193549,0.7946428571428572,0.625,0.7142857142857143,0.6666666666666666,0.9166666666666666,0.792517006802721
Hepatitis,RF,V1,utama,35,0.7096774193548387,0.63,0.3333333333333333,0.5,0.4,0.7533333333333333,0.43105423987776925
Hepatitis,RF,V1,utama,36,0.9032258064516129,0.8133333333333332,0.8,0.6666666666666666,0.7272727272727273,0.96,0.8964646464646464
Hepatitis,RF,V1,utama,37,0.7419354838709677,0.5233333333333333,0.25,0.16666666666666666,0.2,0.78,0.3758089133089133
Hepatitis,RF,V1,utama,38,0.8064516129032258,0.7738095238095238,0.5555555555555556,0.7142857142857143,0.625,0.9285714285714285,0.8347247990105133
Hepatitis,RF,V1,utama,39,0.8387096774193549,0.8452380952380952,0.6,0.8571428571428571,0.7058823529411765,0.9226190476190477,0.7286641929499071
Hepatitis,RF,V1,utama,40,0.8709677419354839,0.7933333333333333,0.6666666666666666,0.6666666666666666,0.6666666666666666,0.86,0.7513888888888889
Hepatitis,RF,V1,utama,41,0.8709677419354839,0.8566666666666667,0.625,0.8333333333333334,0.7142857142857143,0.8733333333333333,0.6610060690943044
Hepatitis,RF,V1,utama,42,0.7096774193548387,0.63,0.3333333333333333,0.5,0.4,0.7533333333333333,0.42340686274509803
Hepatitis,RF,V1,utama,43,0.9032258064516129,0.8363095238095238,0.8333333333333334,0.7142857142857143,0.7692307692307693,0.9583333333333333,0.9047619047619047
Hepatitis,RF,V1,utama,44,0.8064516129032258,0.6726190476190476,0.6,0.42857142857142855,0.5,0.800595238095238,0.5769688644688644
Hepatitis,RF,V1,utama,45,0.8387096774193549,0.7733333333333333,0.5714285714285714,0.6666666666666666,0.6153846153846154,0.8066666666666666,0.5734126984126984
Hepatitis,RF,V1,utama,46,0.7741935483870968,0.7333333333333334,0.4444444444444444,0.6666666666666666,0.5333333333333333,0.8533333333333333,0.5805194805194805
Hepatitis,RF,V1,utama,47,0.8387096774193549,0.8366666666666667,0.5555555555555556,0.8333333333333334,0.6666666666666666,0.88,0.5695767195767195
Hepatitis,RF,V1,utama,48,0.8064516129032258,0.7738095238095238,0.5555555555555556,0.7142857142857143,0.625,0.8273809523809524,0.6673409923409923
Hepatitis,RF,V1,utama,49,0.7741935483870968,0.6011904761904762,0.5,0.2857142857142857,0.36363636363636365,0.8273809523809523,0.6515590689503732
Hepatitis,RF,V2,utama,0,0.92,0.9199999999999999,0.8888888888888888,0.96,0.9230769230769231,0.9712,0.9703790880730834
Hepatitis,RF,V2,utama,1,0.8979591836734694,0.8983333333333333,0.88,0.9166666666666666,0.8979591836734694,0.9591666666666666,0.9561352824815037
Hepatitis,RF,V2,utama,2,0.9183673469387755,0.9166666666666667,1.0,0.8333333333333334,0.9090909090909091,0.945,0.9588753770739066
Hepatitis,RF,V2,utama,3,0.8367346938775511,0.8366666666666667,0.84,0.84,0.84,0.9383333333333334,0.9306682283838729
Hepatitis,RF,V2,utama,4,0.8163265306122449,0.8166666666666667,0.8333333333333334,0.8,0.8163265306122449,0.895,0.9053614154512726
Hepatitis,RF,V2,utama,5,0.9,0.9,0.8333333333333334,1.0,0.9090909090909091,0.936,0.9212450971531871
Hepatitis,RF,V2,utama,6,0.8979591836734694,0.8975,0.9130434782608695,0.875,0.8936170212765957,0.9650000000000001,0.9654163003705336
Hepatitis,RF,V2,utama,7,0.8775510204081632,0.8783333333333333,0.8461538461538461,0.9166666666666666,0.88,0.9383333333333334,0.9400314769633253
Hepatitis,RF,V2,utama,8,0.8775510204081632,0.8766666666666667,0.8518518518518519,0.92,0.8846153846153846,0.9616666666666667,0.96831978803753
Hepatitis,RF,V2,utama,9,0.8775510204081632,0.88,1.0,0.76,0.8636363636363636,0.93,0.9484955499675174
Hepatitis,RF,V2,utama,10,0.82,0.8200000000000001,0.7857142857142857,0.88,0.8301886792452831,0.9504,0.9564761800917722
Hepatitis,RF,V2,utama,11,0.9795918367346939,0.9791666666666667,1.0,0.9583333333333334,0.9787234042553191,0.9908333333333333,0.9916666666666667
Hepatitis,RF,V2,utama,12,0.8979591836734694,0.8975,0.9130434782608695,0.875,0.8936170212765957,0.9683333333333334,0.9672534337365993
Hepatitis,RF,V2,utama,13,0.8775510204081632,0.8766666666666667,0.8518518518518519,0.92,0.8846153846153846,0.9116666666666667,0.8979493098247656
Hepatitis,RF,V2,utama,14,0.8571428571428571,0.8566666666666667,0.8461538461538461,0.88,0.8627450980392157,0.9383333333333334,0.9485599129985932
Hepatitis,RF,V2,utama,15,0.92,0.9199999999999999,0.8888888888888888,0.96,0.9230769230769231,0.976,0.9768114301157781
Hepatitis,RF,V2,utama,16,0.8367346938775511,0.8391666666666666,0.7666666666666667,0.9583333333333334,0.8518518518518519,0.9375,0.9479077082337952
Hepatitis,RF,V2,utama,17,0.8367346938775511,0.8366666666666667,0.8333333333333334,0.8333333333333334,0.8333333333333334,0.9008333333333334,0.9036719946646417
Hepatitis,RF,V2,utama,18,0.9183673469387755,0.9183333333333333,0.92,0.92,0.92,0.9783333333333333,0.9783121561208518
Hepatitis,RF,V2,utama,19,0.9183673469387755,0.9183333333333333,0.92,0.92,0.92,0.9633333333333333,0.9597298436080305
Hepatitis,RF,V2,utama,20,0.86,0.8600000000000001,0.8214285714285714,0.92,0.8679245283018868,0.9312,0.9361880893636116
Hepatitis,RF,V2,utama,21,0.9183673469387755,0.9183333333333333,0.9166666666666666,0.9166666666666666,0.9166666666666666,0.9683333333333333,0.9631242450240772
Hepatitis,RF,V2,utama,22,0.9183673469387755,0.9175,0.9545454545454546,0.875,0.9130434782608695,0.9700000000000001,0.9797856280193236
Hepatitis,RF,V2,utama,23,0.8775510204081632,0.8766666666666667,0.8518518518518519,0.92,0.8846153846153846,0.9583333333333334,0.9676596189639669
Hepatitis,RF,V2,utama,24,0.8775510204081632,0.8775,0.88,0.88,0.88,0.9691666666666666,0.9712451638538594
Hepatitis,RF,V2,utama,25,0.84,0.8400000000000001,0.9047619047619048,0.76,0.8260869565217391,0.9264,0.9316980929751828
Hepatitis,RF,V2,utama,26,0.8367346938775511,0.8366666666666667,0.8333333333333334,0.8333333333333334,0.8333333333333334,0.9333333333333333,0.9380328125094493
Hepatitis,RF,V2,utama,27,0.8571428571428571,0.8583333333333334,0.8148148148148148,0.9166666666666666,0.8627450980392157,0.9416666666666667,0.9407815548843951
Hepatitis,RF,V2,utama,28,0.9591836734693877,0.9591666666666667,0.96,0.96,0.96,0.9983333333333334,0.9984615384615385
Hepatitis,RF,V2,utama,29,0.8775510204081632,0.8766666666666667,0.8518518518518519,0.92,0.8846153846153846,0.9408333333333333,0.9549367153131529
Hepatitis,RF,V2,utama,30,0.78,0.78,0.7692307692307693,0.8,0.7843137254901961,0.904,0.9209136052997215
Hepatitis,RF,V2,utama,31,0.8571428571428571,0.855,0.9473684210526315,0.75,0.8372093023255814,0.9475,0.9461060157477491
Hepatitis,RF,V2,utama,32,0.8775510204081632,0.8791666666666667,0.8214285714285714,0.9583333333333334,0.8846153846153846,0.9508333333333333,0.9500994413207055
Hepatitis,RF,V2,utama,33,0.8979591836734694,0.8975,0.8846153846153846,0.92,0.9019607843137255,0.9616666666666667,0.9626031843937837
Hepatitis,RF,V2,utama,34,0.9591836734693877,0.9583333333333333,0.9259259259259259,1.0,0.9615384615384616,0.9866666666666667,0.9863082962126443
Hepatitis,RF,V2,utama,35,0.9,0.8999999999999999,0.9545454545454546,0.84,0.8936170212765957,0.944,0.9559921610324088
Hepatitis,RF,V2,utama,36,0.8979591836734694,0.8966666666666667,0.9523809523809523,0.8333333333333334,0.8888888888888888,0.9758333333333333,0.9720571747703597
Hepatitis,RF,V2,utama,37,0.8979591836734694,0.8991666666666667,0.8518518518518519,0.9583333333333334,0.9019607843137255,0.9674999999999999,0.9655241847247418
Hepatitis,RF,V2,utama,38,0.8571428571428571,0.8541666666666667,0.78125,1.0,0.8771929824561403,0.9191666666666667,0.9179854426619132
Hepatitis,RF,V2,utama,39,0.9183673469387755,0.9183333333333333,0.92,0.92,0.92,0.9691666666666666,0.9763391705069125
Hepatitis,RF,V2,utama,40,0.84,0.8400000000000001,0.7931034482758621,0.92,0.8518518518518519,0.9264,0.9396531731770122
Hepatitis,RF,V2,utama,41,0.8775510204081632,0.8775,0.875,0.875,0.875,0.945,0.941233828341994
Hepatitis,RF,V2,utama,42,0.9591836734693877,0.9591666666666667,0.9583333333333334,0.9583333333333334,0.9583333333333334,0.9808333333333333,0.9736291480828515
Hepatitis,RF,V2,utama,43,0.8775510204081632,0.8783333333333333,0.9130434782608695,0.84,0.875,0.9566666666666667,0.9558943851978178
Hepatitis,RF,V2,utama,44,0.8571428571428571,0.8574999999999999,0.875,0.84,0.8571428571428571,0.9349999999999999,0.9411409482212464
Hepatitis,RF,V2,utama,45,0.82,0.8200000000000001,0.75,0.96,0.8421052631578947,0.936,0.9408172943288153
Hepatitis,RF,V2,utama,46,0.9183673469387755,0.9175,0.9545454545454546,0.875,0.9130434782608695,0.9666666666666667,0.9674110855654465
Hepatitis,RF,V2,utama,47,0.8571428571428571,0.8558333333333333,0.9047619047619048,0.7916666666666666,0.8444444444444444,0.9225,0.9292010642886364
Hepatitis,RF,V2,utama,48,0.8775510204081632,0.8766666666666667,0.8518518518518519,0.92,0.8846153846153846,0.955,0.9483870816196164
Hepatitis,RF,V2,utama,49,0.8979591836734694,0.8983333333333333,0.9166666666666666,0.88,0.8979591836734694,0.95,0.9462527400902232
Hepatitis,RF,V2b,utama,0,0.8387096774193549,0.7733333333333333,0.5714285714285714,0.6666666666666666,0.6153846153846154,0.8766666666666667,0.7851190476190476
Hepatitis,RF,V2b,utama,1,0.8064516129032258,0.7533333333333333,0.5,0.6666666666666666,0.5714285714285714,0.8366666666666667,0.46464646464646464
Hepatitis,RF,V2b,utama,2,0.9032258064516129,0.75,1.0,0.5,0.6666666666666666,0.9066666666666667,0.8833333333333333
Hepatitis,RF,V2b,utama,3,0.8387096774193549,0.7946428571428572,0.625,0.7142857142857143,0.6666666666666666,0.8779761904761905,0.5852564102564102
Hepatitis,RF,V2b,utama,4,0.8064516129032258,0.7232142857142857,0.5714285714285714,0.5714285714285714,0.5714285714285714,0.8541666666666667,0.6482993197278911
Hepatitis,RF,V2b,utama,5,0.8709677419354839,0.9199999999999999,0.6,1.0,0.75,0.9666666666666667,0.8773809523809524
Hepatitis,RF,V2b,utama,6,0.7419354838709677,0.65,0.375,0.5,0.42857142857142855,0.86,0.7101851851851851
Hepatitis,RF,V2b,utama,7,0.8387096774193549,0.8366666666666667,0.5555555555555556,0.8333333333333334,0.6666666666666666,0.88,0.6001683501683501
Hepatitis,RF,V2b,utama,8,0.9032258064516129,0.8363095238095238,0.8333333333333334,0.7142857142857143,0.7692307692307693,0.8809523809523809,0.8333333333333333
Hepatitis,RF,V2b,utama,9,0.8387096774193549,0.7440476190476191,0.6666666666666666,0.5714285714285714,0.6153846153846154,0.8660714285714286,0.7766483516483518
Hepatitis,RF,V2b,utama,10,0.8387096774193549,0.8366666666666667,0.5555555555555556,0.8333333333333334,0.6666666666666666,0.9266666666666666,0.6496031746031746
Hepatitis,RF,V2b,utama,11,0.7741935483870968,0.7333333333333334,0.4444444444444444,0.6666666666666666,0.5333333333333333,0.84,0.5455026455026455
Hepatitis,RF,V2b,utama,12,0.8064516129032258,0.7533333333333333,0.5,0.6666666666666666,0.5714285714285714,0.8866666666666667,0.6602564102564102
Hepatitis,RF,V2b,utama,13,0.7419354838709677,0.6815476190476191,0.4444444444444444,0.5714285714285714,0.5,0.8273809523809523,0.6363095238095238
Hepatitis,RF,V2b,utama,14,0.8387096774193549,0.8452380952380952,0.6,0.8571428571428571,0.7058823529411765,0.9345238095238095,0.7881880024737167
Hepatitis,RF,V2b,utama,15,0.8387096774193549,0.8366666666666667,0.5555555555555556,0.8333333333333334,0.6666666666666666,0.9133333333333333,0.8041666666666667
Hepatitis,RF,V2b,utama,16,0.7741935483870968,0.7333333333333334,0.4444444444444444,0.6666666666666666,0.5333333333333333,0.8533333333333333,0.6424242424242423
Hepatitis,RF,V2b,utama,17,0.9032258064516129,0.8766666666666667,0.7142857142857143,0.8333333333333334,0.7692307692307693,0.96,0.8634920634920634
Hepatitis,RF,V2b,utama,18,0.8387096774193549,0.7440476190476191,0.6666666666666666,0.5714285714285714,0.6153846153846154,0.8660714285714286,0.6094343000358038
Hepatitis,RF,V2b,utama,19,0.7419354838709677,0.6815476190476191,0.4444444444444444,0.5714285714285714,0.5,0.8452380952380952,0.5934833024118737
Hepatitis,RF,V2b,utama,20,0.9032258064516129,0.8133333333333332,0.8,0.6666666666666666,0.7272727272727273,0.96,0.8857142857142857
Hepatitis,RF,V2b,utama,21,0.8387096774193549,0.8366666666666667,0.5555555555555556,0.8333333333333334,0.6666666666666666,0.9033333333333333,0.7139601139601138
Hepatitis,RF,V2b,utama,22,0.8387096774193549,0.8366666666666667,0.5555555555555556,0.8333333333333334,0.6666666666666666,0.86,0.6787037037037037
Hepatitis,RF,V2b,utama,23,0.8387096774193549,0.7946428571428572,0.625,0.7142857142857143,0.6666666666666666,0.9345238095238095,0.8028138528138529
Hepatitis,RF,V2b,utama,24,0.7419354838709677,0.6815476190476191,0.4444444444444444,0.5714285714285714,0.5,0.7767857142857143,0.556862185433614
Hepatitis,RF,V2b,utama,25,0.8064516129032258,0.7533333333333333,0.5,0.6666666666666666,0.5714285714285714,0.8400000000000001,0.6687830687830687
Hepatitis,RF,V2b,utama,26,0.8709677419354839,0.7933333333333333,0.6666666666666666,0.6666666666666666,0.6666666666666666,0.8933333333333333,0.6908730158730158
Hepatitis,RF,V2b,utama,27,0.9032258064516129,0.8766666666666667,0.7142857142857143,0.8333333333333334,0.7692307692307693,0.8866666666666667,0.6472222222222223
Hepatitis,RF,V2b,utama,28,0.9032258064516129,0.9375,0.7,1.0,0.8235294117647058,0.9732142857142858,0.9129251700680272
Hepatitis,RF,V2b,utama,29,0.8064516129032258,0.7738095238095238,0.5555555555555556,0.7142857142857143,0.625,0.8690476190476191,0.622954822954823
Hepatitis,RF,V2b,utama,30,0.8064516129032258,0.69,0.5,0.5,0.5,0.9066666666666666,0.7251683501683501
Hepatitis,RF,V2b,utama,31,0.8709677419354839,0.7933333333333333,0.6666666666666666,0.6666666666666666,0.6666666666666666,0.8666666666666667,0.7012426900584795
Hepatitis,RF,V2b,utama,32,0.8064516129032258,0.88,0.5,1.0,0.6666666666666666,0.8866666666666667,0.5335016835016835
Hepatitis,RF,V2b,utama,33,0.8064516129032258,0.7232142857142857,0.5714285714285714,0.5714285714285714,0.5714285714285714,0.8273809523809524,0.5330737558181167
Hepatitis,RF,V2b,utama,34,0.8709677419354839,0.8660714285714286,0.6666666666666666,0.8571428571428571,0.75,0.9345238095238094,0.823469387755102
Hepatitis,RF,V2b,utama,35,0.6774193548387096,0.61,0.3,0.5,0.375,0.8066666666666666,0.6333184789067141
Hepatitis,RF,V2b,utama,36,0.9354838709677419,0.8966666666666667,0.8333333333333334,0.8333333333333334,0.8333333333333334,0.9466666666666665,0.8824786324786325
Hepatitis,RF,V2b,utama,37,0.8064516129032258,0.7533333333333333,0.5,0.6666666666666666,0.5714285714285714,0.85,0.4722222222222222
Hepatitis,RF,V2b,utama,38,0.8709677419354839,0.8660714285714286,0.6666666666666666,0.8571428571428571,0.75,0.9166666666666666,0.778061224489796
Hepatitis,RF,V2b,utama,39,0.8064516129032258,0.8244047619047619,0.5454545454545454,0.8571428571428571,0.6666666666666666,0.9464285714285714,0.8745421245421245
Hepatitis,RF,V2b,utama,40,0.8387096774193549,0.71,0.6,0.5,0.5454545454545454,0.8666666666666667,0.6763888888888888
Hepatitis,RF,V2b,utama,41,0.8064516129032258,0.7533333333333333,0.5,0.6666666666666666,0.5714285714285714,0.8933333333333333,0.7287037037037036
Hepatitis,RF,V2b,utama,42,0.7419354838709677,0.7133333333333334,0.4,0.6666666666666666,0.5,0.7533333333333334,0.5216422466422467
Hepatitis,RF,V2b,utama,43,0.8709677419354839,0.8154761904761905,0.7142857142857143,0.7142857142857143,0.7142857142857143,0.9523809523809524,0.8766233766233766
Hepatitis,RF,V2b,utama,44,0.8709677419354839,0.9166666666666667,0.6363636363636364,1.0,0.7777777777777778,0.9107142857142857,0.723299319727891
Hepatitis,RF,V2b,utama,45,0.8387096774193549,0.7733333333333333,0.5714285714285714,0.6666666666666666,0.6153846153846154,0.86,0.6244200244200244
Hepatitis,RF,V2b,utama,46,0.7741935483870968,0.7966666666666666,0.45454545454545453,0.8333333333333334,0.5882352941176471,0.86,0.5806878306878307
Hepatitis,RF,V2b,utama,47,0.7741935483870968,0.7333333333333334,0.4444444444444444,0.6666666666666666,0.5333333333333333,0.9266666666666666,0.8333333333333333
Hepatitis,RF,V2b,utama,48,0.8709677419354839,0.8660714285714286,0.6666666666666666,0.8571428571428571,0.75,0.8958333333333334,0.7136904761904761
Hepatitis,RF,V2b,utama,49,0.967741935483871,0.9285714285714286,1.0,0.8571428571428571,0.9230769230769231,0.9434523809523809,0.9159663865546217
Hepatitis,RF,V3,utama,0,0.8387096774193549,0.7733333333333333,0.5714285714285714,0.6666666666666666,0.6153846153846154,0.86,0.6827380952380951
Hepatitis,RF,V3,utama,1,0.8387096774193549,0.7733333333333333,0.5714285714285714,0.6666666666666666,0.6153846153846154,0.8866666666666667,0.5335016835016835
Hepatitis,RF,V3,utama,2,0.9032258064516129,0.8133333333333332,0.8,0.6666666666666666,0.7272727272727273,0.8866666666666667,0.8333333333333333
Hepatitis,RF,V3,utama,3,0.7419354838709677,0.6309523809523809,0.42857142857142855,0.42857142857142855,0.42857142857142855,0.8035714285714285,0.47169637085603466
Hepatitis,RF,V3,utama,4,0.7419354838709677,0.6815476190476191,0.4444444444444444,0.5714285714285714,0.5,0.8511904761904762,0.5954957740672027
Hepatitis,RF,V3,utama,5,0.8709677419354839,0.8566666666666667,0.625,0.8333333333333334,0.7142857142857143,0.96,0.8634920634920634
Hepatitis,RF,V3,utama,6,0.7096774193548387,0.5666666666666667,0.2857142857142857,0.3333333333333333,0.3076923076923077,0.8066666666666666,0.49857503607503606
Hepatitis,RF,V3,utama,7,0.8064516129032258,0.69,0.5,0.5,0.5,0.8933333333333333,0.6160714285714285
Hepatitis,RF,V3,utama,8,0.8064516129032258,0.6726190476190476,0.6,0.42857142857142855,0.5,0.788690476190476,0.6426064462930823
Hepatitis,RF,V3,utama,9,0.8387096774193549,0.7440476190476191,0.6666666666666666,0.5714285714285714,0.6153846153846154,0.8333333333333334,0.719016697588126
Hepatitis,RF,V3,utama,10,0.8709677419354839,0.7933333333333333,0.6666666666666666,0.6666666666666666,0.6666666666666666,0.9066666666666667,0.5877344877344878
Hepatitis,RF,V3,utama,11,0.8064516129032258,0.7533333333333333,0.5,0.6666666666666666,0.5714285714285714,0.8,0.408029878618114
Hepatitis,RF,V3,utama,12,0.9032258064516129,0.8766666666666667,0.7142857142857143,0.8333333333333334,0.7692307692307693,0.9199999999999999,0.6801587301587302
Hepatitis,RF,V3,utama,13,0.8064516129032258,0.6726190476190476,0.6,0.42857142857142855,0.5,0.8095238095238095,0.6742761207046921
Hepatitis,RF,V3,utama,14,0.8064516129032258,0.7738095238095238,0.5555555555555556,0.7142857142857143,0.625,0.9047619047619049,0.7845238095238094
Hepatitis,RF,V3,utama,15,0.8064516129032258,0.69,0.5,0.5,0.5,0.88,0.7373949579831932
Hepatitis,RF,V3,utama,16,0.8387096774193549,0.8366666666666667,0.5555555555555556,0.8333333333333334,0.6666666666666666,0.8666666666666666,0.5875
Hepatitis,RF,V3,utama,17,0.9032258064516129,0.8766666666666667,0.7142857142857143,0.8333333333333334,0.7692307692307693,0.9533333333333334,0.8888888888888888
Hepatitis,RF,V3,utama,18,0.8064516129032258,0.6726190476190476,0.6,0.42857142857142855,0.5,0.8273809523809523,0.6446687370600415
Hepatitis,RF,V3,utama,19,0.7419354838709677,0.6815476190476191,0.4444444444444444,0.5714285714285714,0.5,0.8392857142857142,0.5673469387755101
Hepatitis,RF,V3,utama,20,0.9032258064516129,0.8133333333333332,0.8,0.6666666666666666,0.7272727272727273,0.96,0.8819444444444444
Hepatitis,RF,V3,utama,21,0.8387096774193549,0.7733333333333333,0.5714285714285714,0.6666666666666666,0.6153846153846154,0.8666666666666667,0.7083333333333333
Hepatitis,RF,V3,utama,22,0.8387096774193549,0.8366666666666667,0.5555555555555556,0.8333333333333334,0.6666666666666666,0.8666666666666667,0.5685457516339869
Hepatitis,RF,V3,utama,23,0.7419354838709677,0.6815476190476191,0.4444444444444444,0.5714285714285714,0.5,0.875,0.6078754578754578
Hepatitis,RF,V3,utama,24,0.7419354838709677,0.6815476190476191,0.4444444444444444,0.5714285714285714,0.5,0.8035714285714286,0.6157897657897657
Hepatitis,RF,V3,utama,25,0.8387096774193549,0.7733333333333333,0.5714285714285714,0.6666666666666666,0.6153846153846154,0.8133333333333334,0.574025974025974
Hepatitis,RF,V3,utama,26,0.8709677419354839,0.7933333333333333,0.6666666666666666,0.6666666666666666,0.6666666666666666,0.9133333333333333,0.6814814814814815
Hepatitis,RF,V3,utama,27,0.8064516129032258,0.69,0.5,0.5,0.5,0.8466666666666667,0.6785714285714285
Hepatitis,RF,V3,utama,28,0.9032258064516129,0.8869047619047619,0.75,0.8571428571428571,0.8,0.9761904761904763,0.9480519480519478
Hepatitis,RF,V3,utama,29,0.7419354838709677,0.6309523809523809,0.42857142857142855,0.42857142857142855,0.42857142857142855,0.8452380952380951,0.6113487819370171
Hepatitis,RF,V3,utama,30,0.8064516129032258,0.8166666666666667,0.5,0.8333333333333334,0.625,0.9133333333333333,0.7410714285714285
Hepatitis,RF,V3,utama,31,0.8064516129032258,0.69,0.5,0.5,0.5,0.7866666666666666,0.595054945054945
Hepatitis,RF,V3,utama,32,0.7096774193548387,0.63,0.3333333333333333,0.5,0.4,0.8266666666666667,0.4736402486402487
Hepatitis,RF,V3,utama,33,0.7419354838709677,0.6309523809523809,0.42857142857142855,0.42857142857142855,0.42857142857142855,0.7857142857142857,0.5731292517006803
Hepatitis,RF,V3,utama,34,0.8709677419354839,0.8660714285714286,0.6666666666666666,0.8571428571428571,0.75,0.9226190476190476,0.7813448456305598
Hepatitis,RF,V3,utama,35,0.7096774193548387,0.63,0.3333333333333333,0.5,0.4,0.7533333333333333,0.43105423987776925
Hepatitis,RF,V3,utama,36,0.9032258064516129,0.8766666666666667,0.7142857142857143,0.8333333333333334,0.7692307692307693,0.9666666666666667,0.8968253968253969
Hepatitis,RF,V3,utama,37,0.8387096774193549,0.71,0.6,0.5,0.5454545454545454,0.86,0.5102564102564102
Hepatitis,RF,V3,utama,38,0.8064516129032258,0.7738095238095238,0.5555555555555556,0.7142857142857143,0.625,0.9226190476190477,0.7888278388278387
Hepatitis,RF,V3,utama,39,0.8387096774193549,0.7946428571428572,0.625,0.7142857142857143,0.6666666666666666,0.9226190476190477,0.7286641929499071
Hepatitis,RF,V3,utama,40,0.8387096774193549,0.7733333333333333,0.5714285714285714,0.6666666666666666,0.6153846153846154,0.8666666666666667,0.7553571428571428
Hepatitis,RF,V3,utama,41,0.8387096774193549,0.7733333333333333,0.5714285714285714,0.6666666666666666,0.6153846153846154,0.9066666666666666,0.7056267806267805
Hepatitis,RF,V3,utama,42,0.7741935483870968,0.7333333333333334,0.4444444444444444,0.6666666666666666,0.5333333333333333,0.8,0.4596171802054154
Hepatitis,RF,V3,utama,43,0.9032258064516129,0.8363095238095238,0.8333333333333334,0.7142857142857143,0.7692307692307693,0.9583333333333333,0.9047619047619047
Hepatitis,RF,V3,utama,44,0.7419354838709677,0.6309523809523809,0.42857142857142855,0.42857142857142855,0.42857142857142855,0.8273809523809524,0.5523809523809524
Hepatitis,RF,V3,utama,45,0.8387096774193549,0.7733333333333333,0.5714285714285714,0.6666666666666666,0.6153846153846154,0.8066666666666666,0.5734126984126984
Hepatitis,RF,V3,utama,46,0.7419354838709677,0.7133333333333334,0.4,0.6666666666666666,0.5,0.8533333333333333,0.6091269841269841
Hepatitis,RF,V3,utama,47,0.8709677419354839,0.8566666666666667,0.625,0.8333333333333334,0.7142857142857143,0.9266666666666666,0.6569444444444444
Hepatitis,RF,V3,utama,48,0.8064516129032258,0.7232142857142857,0.5714285714285714,0.5714285714285714,0.5714285714285714,0.8809523809523809,0.7399118738404453
Hepatitis,RF,V3,utama,49,0.8387096774193549,0.6934523809523809,0.75,0.42857142857142855,0.5454545454545454,0.8660714285714286,0.723469387755102
Hepatitis,RF,V4,utama,0,0.92,0.9199999999999999,0.8888888888888888,0.96,0.9230769230769231,0.984,0.9848143352566141
Hepatitis,RF,V4,utama,1,0.8979591836734694,0.8983333333333333,0.88,0.9166666666666666,0.8979591836734694,0.9658333333333333,0.9682719949549033
Hepatitis,RF,V4,utama,2,0.9183673469387755,0.9166666666666667,1.0,0.8333333333333334,0.9090909090909091,0.9741666666666666,0.9833333333333334
Hepatitis,RF,V4,utama,3,0.8367346938775511,0.8366666666666667,0.84,0.84,0.84,0.9383333333333334,0.9306682283838729
Hepatitis,RF,V4,utama,4,0.7959183673469388,0.7966666666666666,0.8260869565217391,0.76,0.7916666666666666,0.9033333333333333,0.9148883647717322
Hepatitis,RF,V4,utama,5,0.92,0.9199999999999999,0.8620689655172413,1.0,0.9259259259259259,0.9584,0.9546018787162804
Hepatitis,RF,V4,utama,6,0.9183673469387755,0.9183333333333333,0.9166666666666666,0.9166666666666666,0.9166666666666666,0.97,0.9667786728048876
Hepatitis,RF,V4,utama,7,0.8571428571428571,0.8583333333333334,0.8148148148148148,0.9166666666666666,0.8627450980392157,0.965,0.96751332222562
Hepatitis,RF,V4,utama,8,0.8775510204081632,0.8775,0.88,0.88,0.88,0.9758333333333332,0.978042546980478
Hepatitis,RF,V4,utama,9,0.8775510204081632,0.88,1.0,0.76,0.8636363636363636,0.93,0.9484955499675174
Hepatitis,RF,V4,utama,10,0.88,0.88,0.8518518518518519,0.92,0.8846153846153846,0.9496,0.9554232582232582
Hepatitis,RF,V4,utama,11,0.9591836734693877,0.9583333333333333,1.0,0.9166666666666666,0.9565217391304348,1.0,0.9999999999999999
Hepatitis,RF,V4,utama,12,0.9183673469387755,0.9175,0.9545454545454546,0.875,0.9130434782608695,0.9616666666666668,0.9639798512296074
Hepatitis,RF,V4,utama,13,0.8775510204081632,0.8766666666666667,0.8518518518518519,0.92,0.8846153846153846,0.9116666666666667,0.8979493098247656
Hepatitis,RF,V4,utama,14,0.8571428571428571,0.8558333333333333,0.8214285714285714,0.92,0.8679245283018868,0.9491666666666665,0.957473424159797
Hepatitis,RF,V4,utama,15,0.92,0.9199999999999999,0.8888888888888888,0.96,0.9230769230769231,0.9904,0.9912698412698413
Hepatitis,RF,V4,utama,16,0.8571428571428571,0.8591666666666666,0.7931034482758621,0.9583333333333334,0.8679245283018868,0.9608333333333333,0.9666386485227065
Hepatitis,RF,V4,utama,17,0.8367346938775511,0.8366666666666667,0.8333333333333334,0.8333333333333334,0.8333333333333334,0.9008333333333334,0.9036719946646417
Hepatitis,RF,V4,utama,18,0.9183673469387755,0.9183333333333333,0.92,0.92,0.92,0.9783333333333333,0.9783121561208518
Hepatitis,RF,V4,utama,19,0.8775510204081632,0.8791666666666667,0.9523809523809523,0.8,0.8695652173913043,0.9766666666666667,0.9745735912397091
Hepatitis,RF,V4,utama,20,0.88,0.88,0.8518518518518519,0.92,0.8846153846153846,0.9504,0.9517123548651564
Hepatitis,RF,V4,utama,21,0.8775510204081632,0.8775,0.875,0.875,0.875,0.9808333333333334,0.9818589743589744
Hepatitis,RF,V4,utama,22,0.9183673469387755,0.9175,0.9545454545454546,0.875,0.9130434782608695,0.9700000000000001,0.9797856280193236
Hepatitis,RF,V4,utama,23,0.8571428571428571,0.8566666666666667,0.8461538461538461,0.88,0.8627450980392157,0.9475000000000001,0.9615357028400506
Hepatitis,RF,V4,utama,24,0.9183673469387755,0.9183333333333333,0.92,0.92,0.92,0.9566666666666667,0.9474766439091787
Hepatitis,RF,V4,utama,25,0.84,0.8400000000000001,0.9047619047619048,0.76,0.8260869565217391,0.9367999999999999,0.9488267511997848
Hepatitis,RF,V4,utama,26,0.8367346938775511,0.8366666666666667,0.8333333333333334,0.8333333333333334,0.8333333333333334,0.9333333333333333,0.9380328125094493
Hepatitis,RF,V4,utama,27,0.8571428571428571,0.8574999999999999,0.84,0.875,0.8571428571428571,0.955,0.9569473497615514
Hepatitis,RF,V4,utama,28,0.9795918367346939,0.98,1.0,0.96,0.9795918367346939,1.0,1.0
Hepatitis,RF,V4,utama,29,0.8979591836734694,0.8975,0.8846153846153846,0.92,0.9019607843137255,0.95,0.95497114135684
Hepatitis,RF,V4,utama,30,0.9,0.9,0.9166666666666666,0.88,0.8979591836734694,0.9464,0.9557843343607719
Hepatitis,RF,V4,utama,31,0.8571428571428571,0.855,0.9473684210526315,0.75,0.8372093023255814,0.9475,0.9461060157477491
Hepatitis,RF,V4,utama,32,0.8775510204081632,0.8791666666666667,0.8214285714285714,0.9583333333333334,0.8846153846153846,0.9425,0.9228515020533006
Hepatitis,RF,V4,utama,33,0.9183673469387755,0.9191666666666667,0.9565217391304348,0.88,0.9166666666666666,0.9883333333333334,0.9896031746031749
Hepatitis,RF,V4,utama,34,0.8979591836734694,0.8966666666666667,0.8571428571428571,0.96,0.9056603773584906,0.99,0.9912160919540229
Hepatitis,RF,V4,utama,35,0.9,0.8999999999999999,0.9545454545454546,0.84,0.8936170212765957,0.944,0.9559921610324088
Hepatitis,RF,V4,utama,36,0.8979591836734694,0.8966666666666667,0.9523809523809523,0.8333333333333334,0.8888888888888888,0.9758333333333333,0.9720571747703597
Hepatitis,RF,V4,utama,37,0.8571428571428571,0.8566666666666667,0.8695652173913043,0.8333333333333334,0.851063829787234,0.9791666666666667,0.9783702177452178
Hepatitis,RF,V4,utama,38,0.8775510204081632,0.875,0.8064516129032258,1.0,0.8928571428571429,0.9149999999999999,0.8985820963350375
Hepatitis,RF,V4,utama,39,0.9183673469387755,0.9183333333333333,0.92,0.92,0.92,0.9691666666666666,0.9763391705069125
Hepatitis,RF,V4,utama,40,0.9,0.9,0.8846153846153846,0.92,0.9019607843137255,0.9632,0.9729585207396301
Hepatitis,RF,V4,utama,41,0.8775510204081632,0.8775,0.875,0.875,0.875,0.945,0.941233828341994
Hepatitis,RF,V4,utama,42,0.9591836734693877,0.9591666666666667,0.9583333333333334,0.9583333333333334,0.9583333333333334,0.9808333333333333,0.9736291480828515
Hepatitis,RF,V4,utama,43,0.8775510204081632,0.8775,0.88,0.88,0.88,0.9725,0.972739832148528
Hepatitis,RF,V4,utama,44,0.8571428571428571,0.8574999999999999,0.875,0.84,0.8571428571428571,0.9374999999999999,0.941913632410873
Hepatitis,RF,V4,utama,45,0.9,0.9,0.8333333333333334,1.0,0.9090909090909091,0.9808,0.9828425469804779
Hepatitis,RF,V4,utama,46,0.9183673469387755,0.9175,0.9545454545454546,0.875,0.9130434782608695,0.9833333333333334,0.9823455315660693
Hepatitis,RF,V4,utama,47,0.8571428571428571,0.8558333333333333,0.9047619047619048,0.7916666666666666,0.8444444444444444,0.9225,0.9292010642886364
Hepatitis,RF,V4,utama,48,0.8775510204081632,0.8766666666666667,0.8518518518518519,0.92,0.8846153846153846,0.955,0.9483870816196164
Hepatitis,RF,V4,utama,49,0.9183673469387755,0.9183333333333333,0.92,0.92,0.92,0.9766666666666667,0.9760536002009685
Hepatitis,RF,V4b,utama,0,0.8387096774193549,0.7733333333333333,0.5714285714285714,0.6666666666666666,0.6153846153846154,0.8766666666666667,0.7851190476190476
Hepatitis,RF,V4b,utama,1,0.8387096774193549,0.7733333333333333,0.5714285714285714,0.6666666666666666,0.6153846153846154,0.91,0.6656084656084655
Hepatitis,RF,V4b,utama,2,0.9032258064516129,0.75,1.0,0.5,0.6666666666666666,0.9066666666666667,0.8833333333333333
Hepatitis,RF,V4b,utama,3,0.8387096774193549,0.7946428571428572,0.625,0.7142857142857143,0.6666666666666666,0.8779761904761905,0.5852564102564102
Hepatitis,RF,V4b,utama,4,0.8064516129032258,0.7232142857142857,0.5714285714285714,0.5714285714285714,0.5714285714285714,0.8541666666666667,0.6482993197278911
Hepatitis,RF,V4b,utama,5,0.9354838709677419,0.96,0.75,1.0,0.8571428571428571,0.98,0.9305555555555556
Hepatitis,RF,V4b,utama,6,0.8064516129032258,0.7533333333333333,0.5,0.6666666666666666,0.5714285714285714,0.88,0.6277777777777778
Hepatitis,RF,V4b,utama,7,0.8387096774193549,0.8366666666666667,0.5555555555555556,0.8333333333333334,0.6666666666666666,0.88,0.6001683501683501
Hepatitis,RF,V4b,utama,8,0.9032258064516129,0.8363095238095238,0.8333333333333334,0.7142857142857143,0.7692307692307693,0.8809523809523809,0.8333333333333333
Hepatitis,RF,V4b,utama,9,0.8387096774193549,0.7440476190476191,0.6666666666666666,0.5714285714285714,0.6153846153846154,0.8660714285714286,0.7766483516483518
Hepatitis,RF,V4b,utama,10,0.8387096774193549,0.8366666666666667,0.5555555555555556,0.8333333333333334,0.6666666666666666,0.9166666666666666,0.6402777777777777
Hepatitis,RF,V4b,utama,11,0.7741935483870968,0.7333333333333334,0.4444444444444444,0.6666666666666666,0.5333333333333333,0.84,0.5455026455026455
Hepatitis,RF,V4b,utama,12,0.9354838709677419,0.96,0.75,1.0,0.8571428571428571,0.9400000000000001,0.6746031746031745
Hepatitis,RF,V4b,utama,13,0.8064516129032258,0.7232142857142857,0.5714285714285714,0.5714285714285714,0.5714285714285714,0.7470238095238095,0.6060675883256528
Hepatitis,RF,V4b,utama,14,0.9354838709677419,0.9077380952380952,0.8571428571428571,0.8571428571428571,0.8571428571428571,0.9583333333333334,0.9285714285714284
Hepatitis,RF,V4b,utama,15,0.8709677419354839,0.7933333333333333,0.6666666666666666,0.6666666666666666,0.6666666666666666,0.8833333333333334,0.7592592592592593
Hepatitis,RF,V4b,utama,16,0.8064516129032258,0.8166666666666667,0.5,0.8333333333333334,0.625,0.8933333333333333,0.6908730158730158
Hepatitis,RF,V4b,utama,17,0.9032258064516129,0.8766666666666667,0.7142857142857143,0.8333333333333334,0.7692307692307693,0.96,0.8634920634920634
Hepatitis,RF,V4b,utama,18,0.8387096774193549,0.7440476190476191,0.6666666666666666,0.5714285714285714,0.6153846153846154,0.8660714285714286,0.6094343000358038
Hepatitis,RF,V4b,utama,19,0.7419354838709677,0.6815476190476191,0.4444444444444444,0.5714285714285714,0.5,0.8452380952380952,0.5934833024118737
Hepatitis,RF,V4b,utama,20,0.9032258064516129,0.8133333333333332,0.8,0.6666666666666666,0.7272727272727273,0.96,0.8857142857142857
Hepatitis,RF,V4b,utama,21,0.8387096774193549,0.8366666666666667,0.5555555555555556,0.8333333333333334,0.6666666666666666,0.9033333333333333,0.7139601139601138
Hepatitis,RF,V4b,utama,22,0.8387096774193549,0.71,0.6,0.5,0.5454545454545454,0.8566666666666668,0.6764147688060732
Hepatitis,RF,V4b,utama,23,0.8709677419354839,0.8154761904761905,0.7142857142857143,0.7142857142857143,0.7142857142857143,0.9345238095238095,0.7496598639455783
Hepatitis,RF,V4b,utama,24,0.8064516129032258,0.7738095238095238,0.5555555555555556,0.7142857142857143,0.625,0.8392857142857143,0.605156831472621
Hepatitis,RF,V4b,utama,25,0.8387096774193549,0.7733333333333333,0.5714285714285714,0.6666666666666666,0.6153846153846154,0.8466666666666667,0.7332852332852332
Hepatitis,RF,V4b,utama,26,0.8709677419354839,0.7933333333333333,0.6666666666666666,0.6666666666666666,0.6666666666666666,0.8933333333333333,0.6908730158730158
Hepatitis,RF,V4b,utama,27,0.9032258064516129,0.8766666666666667,0.7142857142857143,0.8333333333333334,0.7692307692307693,0.8533333333333333,0.6291925465838509
Hepatitis,RF,V4b,utama,28,0.9354838709677419,0.9077380952380952,0.8571428571428571,0.8571428571428571,0.8571428571428571,0.988095238095238,0.9617346938775508
Hepatitis,RF,V4b,utama,29,0.8064516129032258,0.7738095238095238,0.5555555555555556,0.7142857142857143,0.625,0.8690476190476191,0.622954822954823
Hepatitis,RF,V4b,utama,30,0.9354838709677419,0.8966666666666667,0.8333333333333334,0.8333333333333334,0.8333333333333334,0.9733333333333334,0.8972222222222221
Hepatitis,RF,V4b,utama,31,0.8709677419354839,0.7933333333333333,0.6666666666666666,0.6666666666666666,0.6666666666666666,0.8666666666666667,0.7012426900584795
Hepatitis,RF,V4b,utama,32,0.8387096774193549,0.8366666666666667,0.5555555555555556,0.8333333333333334,0.6666666666666666,0.8999999999999999,0.6996031746031746
Hepatitis,RF,V4b,utama,33,0.8064516129032258,0.7232142857142857,0.5714285714285714,0.5714285714285714,0.5714285714285714,0.8273809523809524,0.5330737558181167
Hepatitis,RF,V4b,utama,34,0.8709677419354839,0.8660714285714286,0.6666666666666666,0.8571428571428571,0.75,0.9345238095238094,0.823469387755102
Hepatitis,RF,V4b,utama,35,0.7096774193548387,0.63,0.3333333333333333,0.5,0.4,0.7766666666666666,0.6155780494015788
Hepatitis,RF,V4b,utama,36,0.9354838709677419,0.8966666666666667,0.8333333333333334,0.8333333333333334,0.8333333333333334,0.96,0.8964646464646464
Hepatitis,RF,V4b,utama,37,0.8064516129032258,0.7533333333333333,0.5,0.6666666666666666,0.5714285714285714,0.85,0.4722222222222222
Hepatitis,RF,V4b,utama,38,0.8064516129032258,0.7738095238095238,0.5555555555555556,0.7142857142857143,0.625,0.9047619047619048,0.7742019884877027
Hepatitis,RF,V4b,utama,39,0.9032258064516129,0.8869047619047619,0.75,0.8571428571428571,0.8,0.9553571428571429,0.8599567099567099
Hepatitis,RF,V4b,utama,40,0.8387096774193549,0.71,0.6,0.5,0.5454545454545454,0.8666666666666667,0.6763888888888888
Hepatitis,RF,V4b,utama,41,0.8709677419354839,0.7933333333333333,0.6666666666666666,0.6666666666666666,0.6666666666666666,0.8966666666666666,0.7473155929038282
Hepatitis,RF,V4b,utama,42,0.7419354838709677,0.7133333333333334,0.4,0.6666666666666666,0.5,0.8233333333333334,0.44940476190476186
Hepatitis,RF,V4b,utama,43,0.8709677419354839,0.8154761904761905,0.7142857142857143,0.7142857142857143,0.7142857142857143,0.9523809523809524,0.8766233766233766
Hepatitis,RF,V4b,utama,44,0.8387096774193549,0.7946428571428572,0.625,0.7142857142857143,0.6666666666666666,0.8869047619047619,0.6399659863945577
Hepatitis,RF,V4b,utama,45,0.8387096774193549,0.7733333333333333,0.5714285714285714,0.6666666666666666,0.6153846153846154,0.86,0.6244200244200244
Hepatitis,RF,V4b,utama,46,0.8064516129032258,0.7533333333333333,0.5,0.6666666666666666,0.5714285714285714,0.8733333333333333,0.6043290043290043
Hepatitis,RF,V4b,utama,47,0.8709677419354839,0.7933333333333333,0.6666666666666666,0.6666666666666666,0.6666666666666666,0.9466666666666667,0.869047619047619
Hepatitis,RF,V4b,utama,48,0.8709677419354839,0.8154761904761905,0.7142857142857143,0.7142857142857143,0.7142857142857143,0.9017857142857143,0.7537724180581322
Hepatitis,RF,V4b,utama,49,0.967741935483871,0.9285714285714286,1.0,0.8571428571428571,0.9230769230769231,0.9434523809523809,0.9159663865546217
Hepatitis,GB,V1,utama,0,0.7741935483870968,0.6699999999999999,0.42857142857142855,0.5,0.46153846153846156,0.87,0.6361111111111111
Hepatitis,GB,V1,utama,1,0.7741935483870968,0.7333333333333334,0.4444444444444444,0.6666666666666666,0.5333333333333333,0.84,0.4947089947089947
Hepatitis,GB,V1,utama,2,0.8387096774193549,0.7733333333333333,0.5714285714285714,0.6666666666666666,0.6153846153846154,0.84,0.8078703703703703
Hepatitis,GB,V1,utama,3,0.7741935483870968,0.6011904761904762,0.5,0.2857142857142857,0.36363636363636365,0.7202380952380952,0.39540569851128854
Hepatitis,GB,V1,utama,4,0.7419354838709677,0.6815476190476191,0.4444444444444444,0.5714285714285714,0.5,0.7142857142857142,0.4224747474747475
Hepatitis,GB,V1,utama,5,0.7741935483870968,0.7333333333333334,0.4444444444444444,0.6666666666666666,0.5333333333333333,0.9066666666666666,0.7713675213675213
Hepatitis,GB,V1,utama,6,0.7419354838709677,0.65,0.375,0.5,0.42857142857142855,0.7666666666666666,0.35703463203463204
Hepatitis,GB,V1,utama,7,0.8387096774193549,0.8366666666666667,0.5555555555555556,0.8333333333333334,0.6666666666666666,0.8466666666666667,0.4742775742775743
Hepatitis,GB,V1,utama,8,0.8064516129032258,0.7232142857142857,0.5714285714285714,0.5714285714285714,0.5714285714285714,0.8095238095238095,0.7277472527472526
Hepatitis,GB,V1,utama,9,0.8709677419354839,0.8154761904761905,0.7142857142857143,0.7142857142857143,0.7142857142857143,0.7857142857142857,0.5555711939948393
Hepatitis,GB,V1,utama,10,0.8709677419354839,0.7933333333333333,0.6666666666666666,0.6666666666666666,0.6666666666666666,0.9066666666666666,0.5801587301587302
Hepatitis,GB,V1,utama,11,0.8064516129032258,0.7533333333333333,0.5,0.6666666666666666,0.5714285714285714,0.7466666666666666,0.5573903396484041
Hepatitis,GB,V1,utama,12,0.8387096774193549,0.71,0.6,0.5,0.5454545454545454,0.9133333333333333,0.5968253968253969
Hepatitis,GB,V1,utama,13,0.7741935483870968,0.6517857142857143,0.5,0.42857142857142855,0.46153846153846156,0.8333333333333333,0.6864246864246863
Hepatitis,GB,V1,utama,14,0.8064516129032258,0.7738095238095238,0.5555555555555556,0.7142857142857143,0.625,0.7738095238095238,0.7028499278499278
Hepatitis,GB,V1,utama,15,0.7741935483870968,0.6699999999999999,0.42857142857142855,0.5,0.46153846153846156,0.8166666666666667,0.44373219373219375
Hepatitis,GB,V1,utama,16,0.8387096774193549,0.8366666666666667,0.5555555555555556,0.8333333333333334,0.6666666666666666,0.8066666666666666,0.5894047619047619
Hepatitis,GB,V1,utama,17,0.8387096774193549,0.7733333333333333,0.5714285714285714,0.6666666666666666,0.6153846153846154,0.8533333333333333,0.7527777777777778
Hepatitis,GB,V1,utama,18,0.7741935483870968,0.6517857142857143,0.5,0.42857142857142855,0.46153846153846156,0.6636904761904762,0.5135064935064935
Hepatitis,GB,V1,utama,19,0.7096774193548387,0.6101190476190476,0.375,0.42857142857142855,0.4,0.5773809523809523,0.48380080282357324
Hepatitis,GB,V1,utama,20,0.8387096774193549,0.6466666666666666,0.6666666666666666,0.3333333333333333,0.4444444444444444,0.8400000000000001,0.5805555555555556
Hepatitis,GB,V1,utama,21,0.7419354838709677,0.65,0.375,0.5,0.42857142857142855,0.7866666666666666,0.66818688557819
Hepatitis,GB,V1,utama,22,0.8709677419354839,0.8566666666666667,0.625,0.8333333333333334,0.7142857142857143,0.78,0.6105158730158731
Hepatitis,GB,V1,utama,23,0.8064516129032258,0.6726190476190476,0.6,0.42857142857142855,0.5,0.7678571428571428,0.6030612244897959
Hepatitis,GB,V1,utama,24,0.7419354838709677,0.6815476190476191,0.4444444444444444,0.5714285714285714,0.5,0.8095238095238095,0.6196446410732125
Hepatitis,GB,V1,utama,25,0.8064516129032258,0.8166666666666667,0.5,0.8333333333333334,0.625,0.7866666666666667,0.5818612391193037
Hepatitis,GB,V1,utama,26,0.7419354838709677,0.5866666666666667,0.3333333333333333,0.3333333333333333,0.3333333333333333,0.52,0.3240349604596916
Hepatitis,GB,V1,utama,27,0.7419354838709677,0.65,0.375,0.5,0.42857142857142855,0.8066666666666666,0.6195286195286195
Hepatitis,GB,V1,utama,28,0.8709677419354839,0.8660714285714286,0.6666666666666666,0.8571428571428571,0.75,0.9107142857142857,0.655952380952381
Hepatitis,GB,V1,utama,29,0.7419354838709677,0.6309523809523809,0.42857142857142855,0.42857142857142855,0.42857142857142855,0.8154761904761905,0.5605680868838763
Hepatitis,GB,V1,utama,30,0.8064516129032258,0.7533333333333333,0.5,0.6666666666666666,0.5714285714285714,0.8733333333333334,0.6439814814814815
Hepatitis,GB,V1,utama,31,0.7096774193548387,0.5666666666666667,0.2857142857142857,0.3333333333333333,0.3076923076923077,0.76,0.46239177489177485
Hepatitis,GB,V1,utama,32,0.7419354838709677,0.65,0.375,0.5,0.42857142857142855,0.6266666666666666,0.47886701112507557
Hepatitis,GB,V1,utama,33,0.8064516129032258,0.7232142857142857,0.5714285714285714,0.5714285714285714,0.5714285714285714,0.761904761904762,0.5522977022977023
Hepatitis,GB,V1,utama,34,0.8387096774193549,0.8452380952380952,0.6,0.8571428571428571,0.7058823529411765,0.9226190476190476,0.8564425770308122
Hepatitis,GB,V1,utama,35,0.7419354838709677,0.5233333333333333,0.25,0.16666666666666666,0.2,0.7133333333333334,0.5036866359447004
Hepatitis,GB,V1,utama,36,0.8709677419354839,0.7933333333333333,0.6666666666666666,0.6666666666666666,0.6666666666666666,0.8733333333333333,0.8162878787878788
Hepatitis,GB,V1,utama,37,0.7741935483870968,0.5433333333333333,0.3333333333333333,0.16666666666666666,0.2222222222222222,0.6066666666666667,0.31467864923747274
Hepatitis,GB,V1,utama,38,0.8387096774193549,0.7946428571428572,0.625,0.7142857142857143,0.6666666666666666,0.9166666666666666,0.7718210361067503
Hepatitis,GB,V1,utama,39,0.7741935483870968,0.8035714285714286,0.5,0.8571428571428571,0.631578947368421,0.9047619047619048,0.7597789115646258
Hepatitis,GB,V1,utama,40,0.9032258064516129,0.8133333333333332,0.8,0.6666666666666666,0.7272727272727273,0.7733333333333334,0.6933691756272401
Hepatitis,GB,V1,utama,41,0.8709677419354839,0.8566666666666667,0.625,0.8333333333333334,0.7142857142857143,0.9133333333333333,0.7599206349206349
Hepatitis,GB,V1,utama,42,0.7741935483870968,0.6699999999999999,0.42857142857142855,0.5,0.46153846153846156,0.7066666666666667,0.4869332421964001
Hepatitis,GB,V1,utama,43,0.9032258064516129,0.8363095238095238,0.8333333333333334,0.7142857142857143,0.7692307692307693,0.9761904761904762,0.9325396825396823
Hepatitis,GB,V1,utama,44,0.8064516129032258,0.7232142857142857,0.5714285714285714,0.5714285714285714,0.5714285714285714,0.7678571428571428,0.5733483447769161
Hepatitis,GB,V1,utama,45,0.7741935483870968,0.7333333333333334,0.4444444444444444,0.6666666666666666,0.5333333333333333,0.8133333333333334,0.5287851037851038
Hepatitis,GB,V1,utama,46,0.8064516129032258,0.7533333333333333,0.5,0.6666666666666666,0.5714285714285714,0.8733333333333333,0.6137917637917638
Hepatitis,GB,V1,utama,47,0.8064516129032258,0.7533333333333333,0.5,0.6666666666666666,0.5714285714285714,0.8666666666666667,0.6560457516339869
Hepatitis,GB,V1,utama,48,0.7741935483870968,0.7023809523809523,0.5,0.5714285714285714,0.5333333333333333,0.7619047619047619,0.5463980463980465
Hepatitis,GB,V1,utama,49,0.7741935483870968,0.6011904761904762,0.5,0.2857142857142857,0.36363636363636365,0.8511904761904762,0.6217120181405895
Hepatitis,GB,V2,utama,0,0.92,0.9199999999999999,0.8888888888888888,0.96,0.9230769230769231,0.976,0.976899985837917
Hepatitis,GB,V2,utama,1,0.8979591836734694,0.8991666666666667,0.8518518518518519,0.9583333333333334,0.9019607843137255,0.9533333333333334,0.9466264158269726
Hepatitis,GB,V2,utama,2,0.9387755102040817,0.9383333333333332,0.9565217391304348,0.9166666666666666,0.9361702127659575,0.9516666666666667,0.9711822329575953
Hepatitis,GB,V2,utama,3,0.8163265306122449,0.8158333333333333,0.8076923076923077,0.84,0.8235294117647058,0.9116666666666666,0.916326056758625
Hepatitis,GB,V2,utama,4,0.7755102040816326,0.7758333333333334,0.7916666666666666,0.76,0.7755102040816326,0.8666666666666667,0.8821049353223269
Hepatitis,GB,V2,utama,5,0.9,0.8999999999999999,0.8571428571428571,0.96,0.9056603773584906,0.9136,0.8800485477331084
Hepatitis,GB,V2,utama,6,0.7959183673469388,0.7958333333333334,0.7916666666666666,0.7916666666666666,0.7916666666666666,0.9116666666666666,0.8687125784736446
Hepatitis,GB,V2,utama,7,0.8775510204081632,0.8775,0.875,0.875,0.875,0.94,0.9270888885811119
Hepatitis,GB,V2,utama,8,0.8367346938775511,0.8366666666666667,0.84,0.84,0.84,0.9483333333333334,0.9508606898676389
Hepatitis,GB,V2,utama,9,0.8775510204081632,0.8791666666666667,0.9523809523809523,0.8,0.8695652173913043,0.9116666666666666,0.9386202081449961
Hepatitis,GB,V2,utama,10,0.86,0.8600000000000001,0.8214285714285714,0.92,0.8679245283018868,0.9504000000000001,0.9571767938796072
Hepatitis,GB,V2,utama,11,0.9795918367346939,0.9791666666666667,1.0,0.9583333333333334,0.9787234042553191,0.99,0.9916666666666667
Hepatitis,GB,V2,utama,12,0.8979591836734694,0.8975,0.9130434782608695,0.875,0.8936170212765957,0.9575,0.9593988975329553
Hepatitis,GB,V2,utama,13,0.8571428571428571,0.8566666666666667,0.8461538461538461,0.88,0.8627450980392157,0.8883333333333334,0.8557934673253778
Hepatitis,GB,V2,utama,14,0.8163265306122449,0.8175,0.8636363636363636,0.76,0.8085106382978723,0.9141666666666668,0.9348941948706326
Hepatitis,GB,V2,utama,15,0.9,0.8999999999999999,0.8571428571428571,0.96,0.9056603773584906,0.9728,0.9720125687686331
Hepatitis,GB,V2,utama,16,0.8775510204081632,0.8783333333333333,0.8461538461538461,0.9166666666666666,0.88,0.9308333333333332,0.9471697303878154
Hepatitis,GB,V2,utama,17,0.8163265306122449,0.8158333333333333,0.8260869565217391,0.7916666666666666,0.8085106382978723,0.8733333333333334,0.8542402038252472
Hepatitis,GB,V2,utama,18,0.9183673469387755,0.9183333333333333,0.92,0.92,0.92,0.9516666666666667,0.9469598919133246
Hepatitis,GB,V2,utama,19,0.8775510204081632,0.8766666666666667,0.8518518518518519,0.92,0.8846153846153846,0.945,0.9391792144634655
Hepatitis,GB,V2,utama,20,0.86,0.8600000000000001,0.8214285714285714,0.92,0.8679245283018868,0.9359999999999999,0.9384402124878906
Hepatitis,GB,V2,utama,21,0.8775510204081632,0.8766666666666667,0.9090909090909091,0.8333333333333334,0.8695652173913043,0.9266666666666666,0.9068464877294855
Hepatitis,GB,V2,utama,22,0.8775510204081632,0.8766666666666667,0.9090909090909091,0.8333333333333334,0.8695652173913043,0.935,0.9568259374811166
Hepatitis,GB,V2,utama,23,0.8571428571428571,0.8558333333333333,0.8214285714285714,0.92,0.8679245283018868,0.94,0.9489342335224688
Hepatitis,GB,V2,utama,24,0.8775510204081632,0.8783333333333333,0.9130434782608695,0.84,0.875,0.9525,0.9529254194686505
Hepatitis,GB,V2,utama,25,0.82,0.8200000000000001,0.9,0.72,0.8,0.9024,0.9179389293060221
Hepatitis,GB,V2,utama,26,0.7755102040816326,0.7758333333333334,0.76,0.7916666666666666,0.7755102040816326,0.9233333333333333,0.9285045560983124
Hepatitis,GB,V2,utama,27,0.8979591836734694,0.8983333333333333,0.88,0.9166666666666666,0.8979591836734694,0.945,0.950122247928943
Hepatitis,GB,V2,utama,28,1.0,1.0,1.0,1.0,1.0,1.0,1.0
Hepatitis,GB,V2,utama,29,0.8367346938775511,0.8366666666666667,0.84,0.84,0.84,0.92,0.9468068783068785
Hepatitis,GB,V2,utama,30,0.84,0.84,0.84,0.84,0.84,0.9136,0.9297662766662769
Hepatitis,GB,V2,utama,31,0.8571428571428571,0.855,0.9473684210526315,0.75,0.8372093023255814,0.875,0.908705578684474
Hepatitis,GB,V2,utama,32,0.8367346938775511,0.8375,0.8076923076923077,0.875,0.84,0.9349999999999999,0.9324041223135422
Hepatitis,GB,V2,utama,33,0.8775510204081632,0.8766666666666667,0.8518518518518519,0.92,0.8846153846153846,0.9291666666666667,0.9050392942340312
Hepatitis,GB,V2,utama,34,0.8571428571428571,0.855,0.8,0.96,0.8727272727272727,0.9766666666666666,0.9809203296703297
Hepatitis,GB,V2,utama,35,0.8,0.8,0.7777777777777778,0.84,0.8076923076923077,0.9112,0.92552002757636
Hepatitis,GB,V2,utama,36,0.8979591836734694,0.8966666666666667,0.9523809523809523,0.8333333333333334,0.8888888888888888,0.9716666666666667,0.9628113450282063
Hepatitis,GB,V2,utama,37,0.8775510204081632,0.8775,0.875,0.875,0.875,0.9633333333333334,0.9625817722940699
Hepatitis,GB,V2,utama,38,0.8571428571428571,0.8541666666666667,0.78125,1.0,0.8771929824561403,0.875,0.8550324574682306
Hepatitis,GB,V2,utama,39,0.8979591836734694,0.8975,0.8846153846153846,0.92,0.9019607843137255,0.9583333333333334,0.9745777777777779
Hepatitis,GB,V2,utama,40,0.92,0.92,0.92,0.92,0.92,0.9408,0.9561702239789197
Hepatitis,GB,V2,utama,41,0.8571428571428571,0.8566666666666667,0.8695652173913043,0.8333333333333334,0.851063829787234,0.9133333333333333,0.9121359854509088
Hepatitis,GB,V2,utama,42,0.9387755102040817,0.9391666666666667,0.92,0.9583333333333334,0.9387755102040817,0.9783333333333333,0.976072701727063
Hepatitis,GB,V2,utama,43,0.8979591836734694,0.8975,0.8846153846153846,0.92,0.9019607843137255,0.9816666666666666,0.9835049808429119
Hepatitis,GB,V2,utama,44,0.8571428571428571,0.8574999999999999,0.875,0.84,0.8571428571428571,0.9316666666666668,0.9339711230343934
Hepatitis,GB,V2,utama,45,0.84,0.8400000000000001,0.7931034482758621,0.92,0.8518518518518519,0.9423999999999999,0.948620813501599
Hepatitis,GB,V2,utama,46,0.9183673469387755,0.9175,0.9545454545454546,0.875,0.9130434782608695,0.9716666666666667,0.9722212335960065
Hepatitis,GB,V2,utama,47,0.8367346938775511,0.8366666666666667,0.8333333333333334,0.8333333333333334,0.8333333333333334,0.8883333333333333,0.9167873927866583
Hepatitis,GB,V2,utama,48,0.8775510204081632,0.8758333333333332,0.8275862068965517,0.96,0.8888888888888888,0.9216666666666666,0.8994177442154223
Hepatitis,GB,V2,utama,49,0.8571428571428571,0.8574999999999999,0.875,0.84,0.8571428571428571,0.9516666666666667,0.9350446062150719
Hepatitis,GB,V2b,utama,0,0.9032258064516129,0.8766666666666667,0.7142857142857143,0.8333333333333334,0.7692307692307693,0.9400000000000001,0.8138888888888889
Hepatitis,GB,V2b,utama,1,0.8064516129032258,0.7533333333333333,0.5,0.6666666666666666,0.5714285714285714,0.8333333333333333,0.48553113553113547
Hepatitis,GB,V2b,utama,2,0.967741935483871,0.9166666666666667,1.0,0.8333333333333334,0.9090909090909091,0.8400000000000001,0.8666666666666667
Hepatitis,GB,V2b,utama,3,0.7419354838709677,0.6309523809523809,0.42857142857142855,0.42857142857142855,0.42857142857142855,0.7916666666666666,0.5195827981542267
Hepatitis,GB,V2b,utama,4,0.8064516129032258,0.8244047619047619,0.5454545454545454,0.8571428571428571,0.6666666666666666,0.8035714285714285,0.4770150484436198
Hepatitis,GB,V2b,utama,5,0.8709677419354839,0.9199999999999999,0.6,1.0,0.75,0.9533333333333334,0.8412698412698412
Hepatitis,GB,V2b,utama,6,0.6774193548387096,0.61,0.3,0.5,0.375,0.78,0.39188034188034193
Hepatitis,GB,V2b,utama,7,0.7419354838709677,0.7766666666666666,0.4166666666666667,0.8333333333333334,0.5555555555555556,0.8666666666666667,0.6281084656084656
Hepatitis,GB,V2b,utama,8,0.8709677419354839,0.7648809523809523,0.8,0.5714285714285714,0.6666666666666666,0.8690476190476191,0.7996031746031744
Hepatitis,GB,V2b,utama,9,0.8064516129032258,0.7738095238095238,0.5555555555555556,0.7142857142857143,0.625,0.8035714285714285,0.6936507936507936
Hepatitis,GB,V2b,utama,10,0.9354838709677419,0.96,0.75,1.0,0.8571428571428571,0.92,0.594047619047619
Hepatitis,GB,V2b,utama,11,0.8064516129032258,0.7533333333333333,0.5,0.6666666666666666,0.5714285714285714,0.8133333333333334,0.6190476190476191
Hepatitis,GB,V2b,utama,12,0.8709677419354839,0.9199999999999999,0.6,1.0,0.75,0.94,0.825925925925926
Hepatitis,GB,V2b,utama,13,0.7741935483870968,0.6517857142857143,0.5,0.42857142857142855,0.46153846153846156,0.8065476190476191,0.6563775510204082
Hepatitis,GB,V2b,utama,14,0.7741935483870968,0.8035714285714286,0.5,0.8571428571428571,0.631578947368421,0.9285714285714286,0.7932496075353217
Hepatitis,GB,V2b,utama,15,0.8387096774193549,0.8366666666666667,0.5555555555555556,0.8333333333333334,0.6666666666666666,0.92,0.8306878306878307
Hepatitis,GB,V2b,utama,16,0.7741935483870968,0.7966666666666666,0.45454545454545453,0.8333333333333334,0.5882352941176471,0.9000000000000001,0.7660714285714286
Hepatitis,GB,V2b,utama,17,0.9354838709677419,0.96,0.75,1.0,0.8571428571428571,0.9600000000000001,0.7999999999999999
Hepatitis,GB,V2b,utama,18,0.8064516129032258,0.7232142857142857,0.5714285714285714,0.5714285714285714,0.5714285714285714,0.75,0.6056707629288274
Hepatitis,GB,V2b,utama,19,0.7096774193548387,0.6101190476190476,0.375,0.42857142857142855,0.4,0.7083333333333333,0.5515486497629355
Hepatitis,GB,V2b,utama,20,0.8709677419354839,0.7933333333333333,0.6666666666666666,0.6666666666666666,0.6666666666666666,0.9266666666666666,0.8092592592592592
Hepatitis,GB,V2b,utama,21,0.8387096774193549,0.8366666666666667,0.5555555555555556,0.8333333333333334,0.6666666666666666,0.9,0.7889822595704948
Hepatitis,GB,V2b,utama,22,0.8709677419354839,0.8566666666666667,0.625,0.8333333333333334,0.7142857142857143,0.7933333333333333,0.665194572452637
Hepatitis,GB,V2b,utama,23,0.8709677419354839,0.7648809523809523,0.8,0.5714285714285714,0.6666666666666666,0.8392857142857143,0.5835839598997494
Hepatitis,GB,V2b,utama,24,0.7741935483870968,0.7023809523809523,0.5,0.5714285714285714,0.5333333333333333,0.8065476190476191,0.5883917669631955
Hepatitis,GB,V2b,utama,25,0.7741935483870968,0.7333333333333334,0.4444444444444444,0.6666666666666666,0.5333333333333333,0.7533333333333334,0.5941267513848159
Hepatitis,GB,V2b,utama,26,0.9032258064516129,0.8133333333333332,0.8,0.6666666666666666,0.7272727272727273,0.8866666666666667,0.734090909090909
Hepatitis,GB,V2b,utama,27,0.8387096774193549,0.7733333333333333,0.5714285714285714,0.6666666666666666,0.6153846153846154,0.8466666666666667,0.6551739926739926
Hepatitis,GB,V2b,utama,28,0.8709677419354839,0.8660714285714286,0.6666666666666666,0.8571428571428571,0.75,0.9345238095238095,0.6972789115646258
Hepatitis,GB,V2b,utama,29,0.8064516129032258,0.7738095238095238,0.5555555555555556,0.7142857142857143,0.625,0.8630952380952381,0.6049843014128728
Hepatitis,GB,V2b,utama,30,0.8709677419354839,0.7933333333333333,0.6666666666666666,0.6666666666666666,0.6666666666666666,0.7933333333333333,0.6356349206349207
Hepatitis,GB,V2b,utama,31,0.7741935483870968,0.6066666666666667,0.4,0.3333333333333333,0.36363636363636365,0.8266666666666667,0.5601851851851852
Hepatitis,GB,V2b,utama,32,0.8387096774193549,0.8366666666666667,0.5555555555555556,0.8333333333333334,0.6666666666666666,0.9133333333333333,0.6912698412698411
Hepatitis,GB,V2b,utama,33,0.7741935483870968,0.7023809523809523,0.5,0.5714285714285714,0.5333333333333333,0.7380952380952381,0.4839303553589267
Hepatitis,GB,V2b,utama,34,0.8387096774193549,0.8452380952380952,0.6,0.8571428571428571,0.7058823529411765,0.9285714285714286,0.8361067503924646
Hepatitis,GB,V2b,utama,35,0.8064516129032258,0.7533333333333333,0.5,0.6666666666666666,0.5714285714285714,0.8333333333333334,0.6984126984126984
Hepatitis,GB,V2b,utama,36,0.9032258064516129,0.8133333333333332,0.8,0.6666666666666666,0.7272727272727273,0.96,0.8819444444444444
Hepatitis,GB,V2b,utama,37,0.8064516129032258,0.69,0.5,0.5,0.5,0.8866666666666667,0.6396825396825396
Hepatitis,GB,V2b,utama,38,0.8064516129032258,0.8244047619047619,0.5454545454545454,0.8571428571428571,0.6666666666666666,0.9226190476190476,0.7749999999999999
Hepatitis,GB,V2b,utama,39,0.7741935483870968,0.7529761904761905,0.5,0.7142857142857143,0.5882352941176471,0.9047619047619048,0.7299628942486085
Hepatitis,GB,V2b,utama,40,0.8064516129032258,0.69,0.5,0.5,0.5,0.7933333333333334,0.7316628264208909
Hepatitis,GB,V2b,utama,41,0.8709677419354839,0.7933333333333333,0.6666666666666666,0.6666666666666666,0.6666666666666666,0.8466666666666667,0.5956922162804515
Hepatitis,GB,V2b,utama,42,0.6451612903225806,0.5266666666666666,0.2222222222222222,0.3333333333333333,0.26666666666666666,0.72,0.5318376068376068
Hepatitis,GB,V2b,utama,43,0.9354838709677419,0.8571428571428572,1.0,0.7142857142857143,0.8333333333333334,0.9702380952380952,0.9276437847866419
Hepatitis,GB,V2b,utama,44,0.7741935483870968,0.7023809523809523,0.5,0.5714285714285714,0.5333333333333333,0.8630952380952381,0.6803030303030302
Hepatitis,GB,V2b,utama,45,0.8387096774193549,0.7733333333333333,0.5714285714285714,0.6666666666666666,0.6153846153846154,0.8866666666666667,0.7037037037037036
Hepatitis,GB,V2b,utama,46,0.7741935483870968,0.7966666666666666,0.45454545454545453,0.8333333333333334,0.5882352941176471,0.86,0.5185185185185185
Hepatitis,GB,V2b,utama,47,0.8387096774193549,0.7733333333333333,0.5714285714285714,0.6666666666666666,0.6153846153846154,0.9266666666666666,0.798611111111111
Hepatitis,GB,V2b,utama,48,0.7741935483870968,0.7023809523809523,0.5,0.5714285714285714,0.5333333333333333,0.8333333333333333,0.7060966810966811
Hepatitis,GB,V2b,utama,49,0.8709677419354839,0.7648809523809523,0.8,0.5714285714285714,0.6666666666666666,0.9017857142857143,0.8288220551378445
Hepatitis,GB,V3,utama,0,0.8387096774193549,0.8366666666666667,0.5555555555555556,0.8333333333333334,0.6666666666666666,0.9133333333333333,0.825925925925926
Hepatitis,GB,V3,utama,1,0.7419354838709677,0.7766666666666666,0.4166666666666667,0.8333333333333334,0.5555555555555556,0.8066666666666668,0.4085978835978836
Hepatitis,GB,V3,utama,2,0.9354838709677419,0.8966666666666667,0.8333333333333334,0.8333333333333334,0.8333333333333334,0.8333333333333334,0.8655913978494623
Hepatitis,GB,V3,utama,3,0.6774193548387096,0.48809523809523814,0.2,0.14285714285714285,0.16666666666666666,0.6845238095238095,0.34665532879818595
Hepatitis,GB,V3,utama,4,0.7419354838709677,0.6309523809523809,0.42857142857142855,0.42857142857142855,0.42857142857142855,0.6488095238095238,0.3659188015382106
Hepatitis,GB,V3,utama,5,0.8387096774193549,0.7733333333333333,0.5714285714285714,0.6666666666666666,0.6153846153846154,0.9,0.7777777777777778
Hepatitis,GB,V3,utama,6,0.7419354838709677,0.7133333333333334,0.4,0.6666666666666666,0.5,0.77,0.36031746031746037
Hepatitis,GB,V3,utama,7,0.8064516129032258,0.8166666666666667,0.5,0.8333333333333334,0.625,0.8333333333333334,0.44212962962962965
Hepatitis,GB,V3,utama,8,0.8387096774193549,0.7946428571428572,0.625,0.7142857142857143,0.6666666666666666,0.8571428571428572,0.6970238095238095
Hepatitis,GB,V3,utama,9,0.8709677419354839,0.7648809523809523,0.8,0.5714285714285714,0.6666666666666666,0.8214285714285715,0.7678160919540229
Hepatitis,GB,V3,utama,10,0.8064516129032258,0.6266666666666667,0.5,0.3333333333333333,0.4,0.8933333333333333,0.5523809523809523
Hepatitis,GB,V3,utama,11,0.8064516129032258,0.7533333333333333,0.5,0.6666666666666666,0.5714285714285714,0.7600000000000001,0.5330687830687831
Hepatitis,GB,V3,utama,12,0.8709677419354839,0.7933333333333333,0.6666666666666666,0.6666666666666666,0.6666666666666666,0.8466666666666667,0.6
Hepatitis,GB,V3,utama,13,0.8387096774193549,0.6934523809523809,0.75,0.42857142857142855,0.5454545454545454,0.851190476190476,0.6842814048696402
Hepatitis,GB,V3,utama,14,0.6774193548387096,0.6904761904761905,0.38461538461538464,0.7142857142857143,0.5,0.8869047619047619,0.8101190476190476
Hepatitis,GB,V3,utama,15,0.8064516129032258,0.7533333333333333,0.5,0.6666666666666666,0.5714285714285714,0.88,0.6812520812520811
Hepatitis,GB,V3,utama,16,0.8709677419354839,0.8566666666666667,0.625,0.8333333333333334,0.7142857142857143,0.86,0.7809782608695652
Hepatitis,GB,V3,utama,17,0.9032258064516129,0.8133333333333332,0.8,0.6666666666666666,0.7272727272727273,0.9733333333333334,0.8972222222222221
Hepatitis,GB,V3,utama,18,0.7741935483870968,0.6517857142857143,0.5,0.42857142857142855,0.46153846153846156,0.6517857142857142,0.4979020979020979
Hepatitis,GB,V3,utama,19,0.7096774193548387,0.6607142857142857,0.4,0.5714285714285714,0.47058823529411764,0.7797619047619047,0.4712384953981593
Hepatitis,GB,V3,utama,20,0.8387096774193549,0.71,0.6,0.5,0.5454545454545454,0.9133333333333333,0.7777777777777778
Hepatitis,GB,V3,utama,21,0.8064516129032258,0.7533333333333333,0.5,0.6666666666666666,0.5714285714285714,0.84,0.6388888888888888
Hepatitis,GB,V3,utama,22,0.8064516129032258,0.7533333333333333,0.5,0.6666666666666666,0.5714285714285714,0.7600000000000001,0.5777777777777778
Hepatitis,GB,V3,utama,23,0.8064516129032258,0.6726190476190476,0.6,0.42857142857142855,0.5,0.7738095238095238,0.6109977324263038
Hepatitis,GB,V3,utama,24,0.7419354838709677,0.6815476190476191,0.4444444444444444,0.5714285714285714,0.5,0.7976190476190476,0.4936507936507937
Hepatitis,GB,V3,utama,25,0.8064516129032258,0.7533333333333333,0.5,0.6666666666666666,0.5714285714285714,0.7533333333333333,0.49336917562724014
Hepatitis,GB,V3,utama,26,0.8387096774193549,0.7733333333333333,0.5714285714285714,0.6666666666666666,0.6153846153846154,0.7733333333333334,0.6452380952380952
Hepatitis,GB,V3,utama,27,0.7419354838709677,0.65,0.375,0.5,0.42857142857142855,0.8066666666666666,0.6195286195286195
Hepatitis,GB,V3,utama,28,0.8709677419354839,0.8660714285714286,0.6666666666666666,0.8571428571428571,0.75,0.9047619047619048,0.6369047619047619
Hepatitis,GB,V3,utama,29,0.7419354838709677,0.6309523809523809,0.42857142857142855,0.42857142857142855,0.42857142857142855,0.8095238095238095,0.557936507936508
Hepatitis,GB,V3,utama,30,0.9032258064516129,0.8766666666666667,0.7142857142857143,0.8333333333333334,0.7692307692307693,0.9333333333333333,0.8134920634920635
Hepatitis,GB,V3,utama,31,0.7419354838709677,0.5866666666666667,0.3333333333333333,0.3333333333333333,0.3333333333333333,0.7733333333333334,0.4735962566844919
Hepatitis,GB,V3,utama,32,0.8064516129032258,0.69,0.5,0.5,0.5,0.7266666666666667,0.5525613275613276
Hepatitis,GB,V3,utama,33,0.7741935483870968,0.7023809523809523,0.5,0.5714285714285714,0.5333333333333333,0.7261904761904762,0.46792002160665747
Hepatitis,GB,V3,utama,34,0.8387096774193549,0.8452380952380952,0.6,0.8571428571428571,0.7058823529411765,0.9226190476190476,0.7749999999999999
Hepatitis,GB,V3,utama,35,0.8064516129032258,0.69,0.5,0.5,0.5,0.7466666666666667,0.5643648466229111
Hepatitis,GB,V3,utama,36,0.9354838709677419,0.8966666666666667,0.8333333333333334,0.8333333333333334,0.8333333333333334,0.9400000000000001,0.8999999999999999
Hepatitis,GB,V3,utama,37,0.7419354838709677,0.46,0.0,0.0,0.0,0.7466666666666667,0.40489621489621486
Hepatitis,GB,V3,utama,38,0.7741935483870968,0.7529761904761905,0.5,0.7142857142857143,0.5882352941176471,0.869047619047619,0.6797095761381475
Hepatitis,GB,V3,utama,39,0.7096774193548387,0.7619047619047619,0.42857142857142855,0.8571428571428571,0.5714285714285714,0.7916666666666667,0.6149068322981366
Hepatitis,GB,V3,utama,40,0.9032258064516129,0.8133333333333332,0.8,0.6666666666666666,0.7272727272727273,0.8,0.7175925925925926
Hepatitis,GB,V3,utama,41,0.8387096774193549,0.7733333333333333,0.5714285714285714,0.6666666666666666,0.6153846153846154,0.84,0.6037037037037037
Hepatitis,GB,V3,utama,42,0.6774193548387096,0.6733333333333333,0.3333333333333333,0.6666666666666666,0.4444444444444444,0.7666666666666667,0.4085470085470085
Hepatitis,GB,V3,utama,43,0.9032258064516129,0.8363095238095238,0.8333333333333334,0.7142857142857143,0.7692307692307693,0.9761904761904762,0.9325396825396823
Hepatitis,GB,V3,utama,44,0.8064516129032258,0.7232142857142857,0.5714285714285714,0.5714285714285714,0.5714285714285714,0.7202380952380952,0.5260593892729506
Hepatitis,GB,V3,utama,45,0.8387096774193549,0.7733333333333333,0.5714285714285714,0.6666666666666666,0.6153846153846154,0.7733333333333333,0.5991554741554741
Hepatitis,GB,V3,utama,46,0.8387096774193549,0.7733333333333333,0.5714285714285714,0.6666666666666666,0.6153846153846154,0.9,0.6194444444444445
Hepatitis,GB,V3,utama,47,0.8387096774193549,0.7733333333333333,0.5714285714285714,0.6666666666666666,0.6153846153846154,0.9333333333333333,0.8208333333333333
Hepatitis,GB,V3,utama,48,0.8064516129032258,0.7232142857142857,0.5714285714285714,0.5714285714285714,0.5714285714285714,0.7619047619047619,0.6679723502304147
Hepatitis,GB,V3,utama,49,0.7419354838709677,0.5803571428571428,0.4,0.2857142857142857,0.3333333333333333,0.7172619047619047,0.5150566893424036
Hepatitis,GB,V4,utama,0,0.94,0.94,0.9230769230769231,0.96,0.9411764705882353,0.9872,0.9874133837177317
Hepatitis,GB,V4,utama,1,0.8367346938775511,0.8366666666666667,0.8333333333333334,0.8333333333333334,0.8333333333333334,0.9516666666666667,0.9548109803566459
Hepatitis,GB,V4,utama,2,0.9387755102040817,0.9383333333333332,0.9565217391304348,0.9166666666666666,0.9361702127659575,0.9516666666666667,0.9711822329575953
Hepatitis,GB,V4,utama,3,0.7959183673469388,0.7949999999999999,0.7777777777777778,0.84,0.8076923076923077,0.9383333333333334,0.9426204419854032
Hepatitis,GB,V4,utama,4,0.8163265306122449,0.8158333333333333,0.8076923076923077,0.84,0.8235294117647058,0.9033333333333333,0.9057492219969001
Hepatitis,GB,V4,utama,5,0.9,0.8999999999999999,0.8571428571428571,0.96,0.9056603773584906,0.9136,0.8800485477331084
Hepatitis,GB,V4,utama,6,0.8163265306122449,0.8166666666666667,0.8,0.8333333333333334,0.8163265306122449,0.935,0.9231412902382103
Hepatitis,GB,V4,utama,7,0.8775510204081632,0.8783333333333333,0.8461538461538461,0.9166666666666666,0.88,0.96,0.9639648031786714
Hepatitis,GB,V4,utama,8,0.9183673469387755,0.9183333333333333,0.92,0.92,0.92,0.9883333333333333,0.9890209835253314
Hepatitis,GB,V4,utama,9,0.8571428571428571,0.8591666666666666,0.95,0.76,0.8444444444444444,0.9016666666666667,0.9294135807433024
Hepatitis,GB,V4,utama,10,0.86,0.8600000000000001,0.8214285714285714,0.92,0.8679245283018868,0.9616,0.9674093848180807
Hepatitis,GB,V4,utama,11,0.9795918367346939,0.98,0.96,1.0,0.9795918367346939,0.9983333333333333,0.9983333333333331
Hepatitis,GB,V4,utama,12,0.8979591836734694,0.8975,0.9130434782608695,0.875,0.8936170212765957,0.9616666666666667,0.9654530784645872
Hepatitis,GB,V4,utama,13,0.8571428571428571,0.8566666666666667,0.8461538461538461,0.88,0.8627450980392157,0.8883333333333334,0.8557934673253778
Hepatitis,GB,V4,utama,14,0.8163265306122449,0.8175,0.8636363636363636,0.76,0.8085106382978723,0.9441666666666666,0.9565503749480275
Hepatitis,GB,V4,utama,15,0.9,0.8999999999999999,0.8571428571428571,0.96,0.9056603773584906,0.984,0.9859523809523812
Hepatitis,GB,V4,utama,16,0.8775510204081632,0.8791666666666667,0.8214285714285714,0.9583333333333334,0.8846153846153846,0.9466666666666668,0.9656435385602052
Hepatitis,GB,V4,utama,17,0.8163265306122449,0.8158333333333333,0.8260869565217391,0.7916666666666666,0.8085106382978723,0.8733333333333334,0.8542402038252472
Hepatitis,GB,V4,utama,18,0.9183673469387755,0.9183333333333333,0.92,0.92,0.92,0.9566666666666667,0.9473027609258582
Hepatitis,GB,V4,utama,19,0.8775510204081632,0.8766666666666667,0.8518518518518519,0.92,0.8846153846153846,0.9416666666666665,0.9261142084574393
Hepatitis,GB,V4,utama,20,0.86,0.8600000000000001,0.8214285714285714,0.92,0.8679245283018868,0.9359999999999999,0.9384402124878906
Hepatitis,GB,V4,utama,21,0.9183673469387755,0.9175,0.9545454545454546,0.875,0.9130434782608695,0.9566666666666667,0.9450421727753382
Hepatitis,GB,V4,utama,22,0.9183673469387755,0.9175,0.9545454545454546,0.875,0.9130434782608695,0.9516666666666668,0.9717026296684681
Hepatitis,GB,V4,utama,23,0.8571428571428571,0.8558333333333333,0.8214285714285714,0.92,0.8679245283018868,0.9516666666666667,0.957878121878122
Hepatitis,GB,V4,utama,24,0.9183673469387755,0.9183333333333333,0.92,0.92,0.92,0.9633333333333334,0.9627013360006309
Hepatitis,GB,V4,utama,25,0.84,0.8400000000000001,0.9047619047619048,0.76,0.8260869565217391,0.912,0.9244375890147096
Hepatitis,GB,V4,utama,26,0.7755102040816326,0.7758333333333334,0.76,0.7916666666666666,0.7755102040816326,0.9233333333333333,0.9285045560983124
Hepatitis,GB,V4,utama,27,0.8979591836734694,0.8975,0.9130434782608695,0.875,0.8936170212765957,0.9516666666666667,0.9461842638928853
Hepatitis,GB,V4,utama,28,0.9795918367346939,0.9791666666666667,0.9615384615384616,1.0,0.9803921568627451,1.0,1.0
Hepatitis,GB,V4,utama,29,0.8571428571428571,0.8558333333333333,0.8214285714285714,0.92,0.8679245283018868,0.9333333333333333,0.9555690974458783
Hepatitis,GB,V4,utama,30,0.88,0.88,0.9130434782608695,0.84,0.875,0.9216,0.9262170792803496
Hepatitis,GB,V4,utama,31,0.8571428571428571,0.855,0.9473684210526315,0.75,0.8372093023255814,0.875,0.908705578684474
Hepatitis,GB,V4,utama,32,0.8775510204081632,0.8791666666666667,0.8214285714285714,0.9583333333333334,0.8846153846153846,0.9466666666666667,0.93919112629958
Hepatitis,GB,V4,utama,33,0.8979591836734694,0.8983333333333333,0.9166666666666666,0.88,0.8979591836734694,0.9733333333333334,0.9756525811106456
Hepatitis,GB,V4,utama,34,0.9183673469387755,0.9175,0.8888888888888888,0.96,0.9230769230769231,0.9900000000000001,0.991216091954023
Hepatitis,GB,V4,utama,35,0.8,0.8,0.7777777777777778,0.84,0.8076923076923077,0.9112,0.92552002757636
Hepatitis,GB,V4,utama,36,0.8979591836734694,0.8966666666666667,0.9523809523809523,0.8333333333333334,0.8888888888888888,0.9700000000000001,0.9560553926472539
Hepatitis,GB,V4,utama,37,0.9183673469387755,0.9191666666666667,0.8846153846153846,0.9583333333333334,0.92,0.95,0.9406602862007574
Hepatitis,GB,V4,utama,38,0.8571428571428571,0.855,0.8,0.96,0.8727272727272727,0.8916666666666667,0.8757705831347777
Hepatitis,GB,V4,utama,39,0.8979591836734694,0.8975,0.8846153846153846,0.92,0.9019607843137255,0.9583333333333334,0.9745777777777779
Hepatitis,GB,V4,utama,40,0.9,0.9,0.8846153846153846,0.92,0.9019607843137255,0.9392,0.9585437737954903
Hepatitis,GB,V4,utama,41,0.8979591836734694,0.8983333333333333,0.88,0.9166666666666666,0.8979591836734694,0.91,0.8930066347229657
Hepatitis,GB,V4,utama,42,0.8979591836734694,0.8983333333333333,0.88,0.9166666666666666,0.8979591836734694,0.9716666666666667,0.9700085833964135
Hepatitis,GB,V4,utama,43,0.8979591836734694,0.8975,0.8846153846153846,0.92,0.9019607843137255,0.98,0.9815029415029415
Hepatitis,GB,V4,utama,44,0.8571428571428571,0.8574999999999999,0.875,0.84,0.8571428571428571,0.9383333333333332,0.9398126020572113
Hepatitis,GB,V4,utama,45,0.88,0.88,0.8275862068965517,0.96,0.8888888888888888,0.9696,0.9735403414431547
Hepatitis,GB,V4,utama,46,0.9183673469387755,0.9175,0.9545454545454546,0.875,0.9130434782608695,0.9850000000000001,0.9842640431227385
Hepatitis,GB,V4,utama,47,0.7959183673469388,0.7958333333333334,0.7916666666666666,0.7916666666666666,0.7916666666666666,0.9066666666666666,0.9283153432313096
Hepatitis,GB,V4,utama,48,0.8979591836734694,0.8966666666666667,0.8571428571428571,0.96,0.9056603773584906,0.915,0.8893282581414714
Hepatitis,GB,V4,utama,49,0.8979591836734694,0.8983333333333333,0.9166666666666666,0.88,0.8979591836734694,0.9716666666666667,0.9698331376569767
Hepatitis,GB,V4b,utama,0,0.8709677419354839,0.7933333333333333,0.6666666666666666,0.6666666666666666,0.6666666666666666,0.9466666666666667,0.8432900432900432
Hepatitis,GB,V4b,utama,1,0.8064516129032258,0.7533333333333333,0.5,0.6666666666666666,0.5714285714285714,0.8466666666666667,0.48049450549450545
Hepatitis,GB,V4b,utama,2,0.967741935483871,0.9166666666666667,1.0,0.8333333333333334,0.9090909090909091,0.8400000000000001,0.8666666666666667
Hepatitis,GB,V4b,utama,3,0.7419354838709677,0.6309523809523809,0.42857142857142855,0.42857142857142855,0.42857142857142855,0.7619047619047619,0.49812232585341826
Hepatitis,GB,V4b,utama,4,0.8064516129032258,0.8244047619047619,0.5454545454545454,0.8571428571428571,0.6666666666666666,0.8035714285714285,0.4770150484436198
Hepatitis,GB,V4b,utama,5,0.9032258064516129,0.8766666666666667,0.7142857142857143,0.8333333333333334,0.7692307692307693,0.9733333333333334,0.9107142857142856
Hepatitis,GB,V4b,utama,6,0.7096774193548387,0.63,0.3333333333333333,0.5,0.4,0.8200000000000001,0.45194805194805193
Hepatitis,GB,V4b,utama,7,0.8709677419354839,0.9199999999999999,0.6,1.0,0.75,0.88,0.5148148148148147
Hepatitis,GB,V4b,utama,8,0.9032258064516129,0.8363095238095238,0.8333333333333334,0.7142857142857143,0.7692307692307693,0.9047619047619049,0.8526315789473684
Hepatitis,GB,V4b,utama,9,0.8387096774193549,0.7946428571428572,0.625,0.7142857142857143,0.6666666666666666,0.8214285714285714,0.7678571428571428
Hepatitis,GB,V4b,utama,10,0.9032258064516129,0.8766666666666667,0.7142857142857143,0.8333333333333334,0.7692307692307693,0.92,0.594047619047619
Hepatitis,GB,V4b,utama,11,0.7741935483870968,0.7333333333333334,0.4444444444444444,0.6666666666666666,0.5333333333333333,0.76,0.605911330049261
Hepatitis,GB,V4b,utama,12,0.8387096774193549,0.9,0.5454545454545454,1.0,0.7058823529411765,0.9266666666666666,0.6218253968253968
Hepatitis,GB,V4b,utama,13,0.7741935483870968,0.6517857142857143,0.5,0.42857142857142855,0.46153846153846156,0.875,0.696031746031746
Hepatitis,GB,V4b,utama,14,0.8387096774193549,0.8452380952380952,0.6,0.8571428571428571,0.7058823529411765,0.9642857142857143,0.9340659340659339
Hepatitis,GB,V4b,utama,15,0.8387096774193549,0.7733333333333333,0.5714285714285714,0.6666666666666666,0.6153846153846154,0.9133333333333333,0.7935897435897435
Hepatitis,GB,V4b,utama,16,0.8064516129032258,0.8166666666666667,0.5,0.8333333333333334,0.625,0.9199999999999999,0.8015873015873016
Hepatitis,GB,V4b,utama,17,0.9354838709677419,0.96,0.75,1.0,0.8571428571428571,0.9600000000000001,0.7999999999999999
Hepatitis,GB,V4b,utama,18,0.8064516129032258,0.7232142857142857,0.5714285714285714,0.5714285714285714,0.5714285714285714,0.75,0.6056707629288274
Hepatitis,GB,V4b,utama,19,0.7096774193548387,0.6101190476190476,0.375,0.42857142857142855,0.4,0.7083333333333333,0.5515486497629355
Hepatitis,GB,V4b,utama,20,0.8709677419354839,0.7933333333333333,0.6666666666666666,0.6666666666666666,0.6666666666666666,0.96,0.8857142857142857
Hepatitis,GB,V4b,utama,21,0.8387096774193549,0.8366666666666667,0.5555555555555556,0.8333333333333334,0.6666666666666666,0.9,0.7889822595704948
Hepatitis,GB,V4b,utama,22,0.8387096774193549,0.8366666666666667,0.5555555555555556,0.8333333333333334,0.6666666666666666,0.7866666666666666,0.5680555555555555
Hepatitis,GB,V4b,utama,23,0.8064516129032258,0.7232142857142857,0.5714285714285714,0.5714285714285714,0.5714285714285714,0.8690476190476191,0.6393166357452071
Hepatitis,GB,V4b,utama,24,0.8064516129032258,0.7738095238095238,0.5555555555555556,0.7142857142857143,0.625,0.8333333333333334,0.5810457516339869
Hepatitis,GB,V4b,utama,25,0.8387096774193549,0.8366666666666667,0.5555555555555556,0.8333333333333334,0.6666666666666666,0.7933333333333332,0.7165173237753882
Hepatitis,GB,V4b,utama,26,0.9032258064516129,0.8133333333333332,0.8,0.6666666666666666,0.7272727272727273,0.8866666666666667,0.734090909090909
Hepatitis,GB,V4b,utama,27,0.8387096774193549,0.7733333333333333,0.5714285714285714,0.6666666666666666,0.6153846153846154,0.8533333333333333,0.6895363408521302
Hepatitis,GB,V4b,utama,28,0.9032258064516129,0.8363095238095238,0.8333333333333334,0.7142857142857143,0.7692307692307693,0.9285714285714286,0.8231601731601732
Hepatitis,GB,V4b,utama,29,0.8064516129032258,0.7738095238095238,0.5555555555555556,0.7142857142857143,0.625,0.8630952380952381,0.6049843014128728
Hepatitis,GB,V4b,utama,30,0.9032258064516129,0.94,0.6666666666666666,1.0,0.8,0.9866666666666666,0.9583333333333333
Hepatitis,GB,V4b,utama,31,0.7741935483870968,0.6066666666666667,0.4,0.3333333333333333,0.36363636363636365,0.8266666666666667,0.5601851851851852
Hepatitis,GB,V4b,utama,32,0.8387096774193549,0.8366666666666667,0.5555555555555556,0.8333333333333334,0.6666666666666666,0.9066666666666666,0.8112044817927171
Hepatitis,GB,V4b,utama,33,0.8064516129032258,0.7232142857142857,0.5714285714285714,0.5714285714285714,0.5714285714285714,0.7678571428571428,0.5949873986740346
Hepatitis,GB,V4b,utama,34,0.8387096774193549,0.8452380952380952,0.6,0.8571428571428571,0.7058823529411765,0.9226190476190477,0.8233516483516483
Hepatitis,GB,V4b,utama,35,0.8064516129032258,0.7533333333333333,0.5,0.6666666666666666,0.5714285714285714,0.8333333333333334,0.6984126984126984
Hepatitis,GB,V4b,utama,36,0.9354838709677419,0.8966666666666667,0.8333333333333334,0.8333333333333334,0.8333333333333334,0.9466666666666667,0.8555555555555555
Hepatitis,GB,V4b,utama,37,0.8064516129032258,0.69,0.5,0.5,0.5,0.8866666666666667,0.6396825396825396
Hepatitis,GB,V4b,utama,38,0.7741935483870968,0.8035714285714286,0.5,0.8571428571428571,0.631578947368421,0.8392857142857142,0.6367456073338426
Hepatitis,GB,V4b,utama,39,0.7741935483870968,0.7529761904761905,0.5,0.7142857142857143,0.5882352941176471,0.9047619047619048,0.7299628942486085
Hepatitis,GB,V4b,utama,40,0.8709677419354839,0.7933333333333333,0.6666666666666666,0.6666666666666666,0.6666666666666666,0.8066666666666666,0.7187420178799488
Hepatitis,GB,V4b,utama,41,0.8709677419354839,0.7933333333333333,0.6666666666666666,0.6666666666666666,0.6666666666666666,0.8600000000000001,0.6208333333333333
Hepatitis,GB,V4b,utama,42,0.7741935483870968,0.7966666666666666,0.45454545454545453,0.8333333333333334,0.5882352941176471,0.8800000000000001,0.7532679738562091
Hepatitis,GB,V4b,utama,43,0.9354838709677419,0.8571428571428572,1.0,0.7142857142857143,0.8333333333333334,0.9702380952380952,0.9276437847866419
Hepatitis,GB,V4b,utama,44,0.7741935483870968,0.7023809523809523,0.5,0.5714285714285714,0.5333333333333333,0.8869047619047619,0.7049062049062049
Hepatitis,GB,V4b,utama,45,0.8387096774193549,0.7733333333333333,0.5714285714285714,0.6666666666666666,0.6153846153846154,0.84,0.5996184371184371
Hepatitis,GB,V4b,utama,46,0.8064516129032258,0.8166666666666667,0.5,0.8333333333333334,0.625,0.9,0.651424963924964
Hepatitis,GB,V4b,utama,47,0.8709677419354839,0.8566666666666667,0.625,0.8333333333333334,0.7142857142857143,0.9266666666666666,0.8238095238095238
Hepatitis,GB,V4b,utama,48,0.8064516129032258,0.7232142857142857,0.5714285714285714,0.5714285714285714,0.5714285714285714,0.7916666666666666,0.7001152073732719
Hepatitis,GB,V4b,utama,49,0.8709677419354839,0.7648809523809523,0.8,0.5714285714285714,0.6666666666666666,0.9017857142857143,0.8288220551378445
Hepatitis,XGB,V1,utama,0,0.8387096774193549,0.7733333333333333,0.5714285714285714,0.6666666666666666,0.6153846153846154,0.8833333333333333,0.5749389499389499
Hepatitis,XGB,V1,utama,1,0.7096774193548387,0.5666666666666667,0.2857142857142857,0.3333333333333333,0.3076923076923077,0.7266666666666667,0.3210650460650461
Hepatitis,XGB,V1,utama,2,0.9032258064516129,0.8766666666666667,0.7142857142857143,0.8333333333333334,0.7692307692307693,0.8733333333333334,0.8733333333333333
Hepatitis,XGB,V1,utama,3,0.8064516129032258,0.7232142857142857,0.5714285714285714,0.5714285714285714,0.5714285714285714,0.8333333333333334,0.5026643990929704
Hepatitis,XGB,V1,utama,4,0.7419354838709677,0.6309523809523809,0.42857142857142855,0.42857142857142855,0.42857142857142855,0.7738095238095238,0.4423160173160173
Hepatitis,XGB,V1,utama,5,0.8064516129032258,0.7533333333333333,0.5,0.6666666666666666,0.5714285714285714,0.86,0.5555555555555556
Hepatitis,XGB,V1,utama,6,0.7096774193548387,0.5666666666666667,0.2857142857142857,0.3333333333333333,0.3076923076923077,0.7733333333333333,0.40385211766790713
Hepatitis,XGB,V1,utama,7,0.8064516129032258,0.69,0.5,0.5,0.5,0.8266666666666667,0.565954415954416
Hepatitis,XGB,V1,utama,8,0.8387096774193549,0.7440476190476191,0.6666666666666666,0.5714285714285714,0.6153846153846154,0.7797619047619048,0.7126984126984126
Hepatitis,XGB,V1,utama,9,0.8064516129032258,0.6726190476190476,0.6,0.42857142857142855,0.5,0.7678571428571429,0.5976800976800977
Hepatitis,XGB,V1,utama,10,0.7741935483870968,0.5433333333333333,0.3333333333333333,0.16666666666666666,0.2222222222222222,0.82,0.4504268879268879
Hepatitis,XGB,V1,utama,11,0.8064516129032258,0.8166666666666667,0.5,0.8333333333333334,0.625,0.7533333333333334,0.5425925925925926
Hepatitis,XGB,V1,utama,12,0.8387096774193549,0.71,0.6,0.5,0.5454545454545454,0.8733333333333334,0.5427609427609428
Hepatitis,XGB,V1,utama,13,0.8064516129032258,0.7232142857142857,0.5714285714285714,0.5714285714285714,0.5714285714285714,0.7857142857142857,0.6406593406593406
Hepatitis,XGB,V1,utama,14,0.8387096774193549,0.7946428571428572,0.625,0.7142857142857143,0.6666666666666666,0.7678571428571428,0.6499099639855943
Hepatitis,XGB,V1,utama,15,0.7741935483870968,0.6699999999999999,0.42857142857142855,0.5,0.46153846153846156,0.7033333333333334,0.3976968565203859
Hepatitis,XGB,V1,utama,16,0.7741935483870968,0.6699999999999999,0.42857142857142855,0.5,0.46153846153846156,0.8933333333333333,0.7111823361823362
Hepatitis,XGB,V1,utama,17,0.8387096774193549,0.8366666666666667,0.5555555555555556,0.8333333333333334,0.6666666666666666,0.9133333333333333,0.7599206349206349
Hepatitis,XGB,V1,utama,18,0.7741935483870968,0.6011904761904762,0.5,0.2857142857142857,0.36363636363636365,0.7261904761904762,0.5456349206349207
Hepatitis,XGB,V1,utama,19,0.7096774193548387,0.6101190476190476,0.375,0.42857142857142855,0.4,0.6666666666666666,0.491101601931095
Hepatitis,XGB,V1,utama,20,0.8387096774193549,0.6466666666666666,0.6666666666666666,0.3333333333333333,0.4444444444444444,0.8133333333333332,0.6856481481481481
Hepatitis,XGB,V1,utama,21,0.7741935483870968,0.6699999999999999,0.42857142857142855,0.5,0.46153846153846156,0.7599999999999999,0.5346153846153846
Hepatitis,XGB,V1,utama,22,0.9032258064516129,0.8766666666666667,0.7142857142857143,0.8333333333333334,0.7692307692307693,0.7933333333333334,0.5590859332238642
Hepatitis,XGB,V1,utama,23,0.7419354838709677,0.5803571428571428,0.4,0.2857142857142857,0.3333333333333333,0.8214285714285714,0.5506562881562882
Hepatitis,XGB,V1,utama,24,0.8064516129032258,0.6726190476190476,0.6,0.42857142857142855,0.5,0.7916666666666667,0.49310776942355883
Hepatitis,XGB,V1,utama,25,0.8064516129032258,0.7533333333333333,0.5,0.6666666666666666,0.5714285714285714,0.7066666666666667,0.39535330261136714
Hepatitis,XGB,V1,utama,26,0.7741935483870968,0.6699999999999999,0.42857142857142855,0.5,0.46153846153846156,0.6266666666666667,0.36458129683936136
Hepatitis,XGB,V1,utama,27,0.8064516129032258,0.69,0.5,0.5,0.5,0.7333333333333333,0.5811999303378613
Hepatitis,XGB,V1,utama,28,0.9032258064516129,0.9375,0.7,1.0,0.8235294117647058,1.0,0.9999999999999998
Hepatitis,XGB,V1,utama,29,0.7741935483870968,0.6517857142857143,0.5,0.42857142857142855,0.46153846153846156,0.7976190476190476,0.588042909471481
Hepatitis,XGB,V1,utama,30,0.8064516129032258,0.8166666666666667,0.5,0.8333333333333334,0.625,0.9600000000000001,0.9166666666666666
Hepatitis,XGB,V1,utama,31,0.7741935483870968,0.6699999999999999,0.42857142857142855,0.5,0.46153846153846156,0.74,0.4871290545203588
Hepatitis,XGB,V1,utama,32,0.8064516129032258,0.6266666666666667,0.5,0.3333333333333333,0.4,0.7266666666666667,0.4182692307692308
Hepatitis,XGB,V1,utama,33,0.8064516129032258,0.7232142857142857,0.5714285714285714,0.5714285714285714,0.5714285714285714,0.744047619047619,0.5606732348111658
Hepatitis,XGB,V1,utama,34,0.8387096774193549,0.7946428571428572,0.625,0.7142857142857143,0.6666666666666666,0.8809523809523809,0.7502834467120181
Hepatitis,XGB,V1,utama,35,0.7741935483870968,0.6699999999999999,0.42857142857142855,0.5,0.46153846153846156,0.7333333333333334,0.5409722222222222
Hepatitis,XGB,V1,utama,36,0.9354838709677419,0.8333333333333333,1.0,0.6666666666666666,0.8,0.9466666666666667,0.9047619047619047
Hepatitis,XGB,V1,utama,37,0.7096774193548387,0.5033333333333333,0.2,0.16666666666666666,0.18181818181818182,0.7333333333333333,0.33609625668449195
Hepatitis,XGB,V1,utama,38,0.7741935483870968,0.7529761904761905,0.5,0.7142857142857143,0.5882352941176471,0.8541666666666667,0.617187784204591
Hepatitis,XGB,V1,utama,39,0.8387096774193549,0.8958333333333333,0.5833333333333334,1.0,0.7368421052631579,0.8869047619047619,0.6538548752834465
Hepatitis,XGB,V1,utama,40,0.8709677419354839,0.73,0.75,0.5,0.6,0.7733333333333333,0.7128136200716846
Hepatitis,XGB,V1,utama,41,0.8387096774193549,0.7733333333333333,0.5714285714285714,0.6666666666666666,0.6153846153846154,0.8333333333333334,0.6282679738562091
Hepatitis,XGB,V1,utama,42,0.6129032258064516,0.5700000000000001,0.25,0.5,0.3333333333333333,0.7333333333333333,0.4984765836159025
Hepatitis,XGB,V1,utama,43,0.8709677419354839,0.8154761904761905,0.7142857142857143,0.7142857142857143,0.7142857142857143,0.9464285714285714,0.8596165739022881
Hepatitis,XGB,V1,utama,44,0.7096774193548387,0.6101190476190476,0.375,0.42857142857142855,0.4,0.7857142857142857,0.5627705627705628
Hepatitis,XGB,V1,utama,45,0.7741935483870968,0.7333333333333334,0.4444444444444444,0.6666666666666666,0.5333333333333333,0.8600000000000001,0.688152533740769
Hepatitis,XGB,V1,utama,46,0.8387096774193549,0.7733333333333333,0.5714285714285714,0.6666666666666666,0.6153846153846154,0.86,0.6035353535353535
Hepatitis,XGB,V1,utama,47,0.8387096774193549,0.7733333333333333,0.5714285714285714,0.6666666666666666,0.6153846153846154,0.8533333333333334,0.5305555555555556
Hepatitis,XGB,V1,utama,48,0.7741935483870968,0.7023809523809523,0.5,0.5714285714285714,0.5333333333333333,0.7261904761904762,0.5744840458177406
Hepatitis,XGB,V1,utama,49,0.8064516129032258,0.6220238095238095,0.6666666666666666,0.2857142857142857,0.4,0.7321428571428571,0.4574443413729128
Hepatitis,XGB,V2,utama,0,0.94,0.94,0.9230769230769231,0.96,0.9411764705882353,0.9712,0.9696208685148637
Hepatitis,XGB,V2,utama,1,0.8979591836734694,0.8975,0.9130434782608695,0.875,0.8936170212765957,0.9616666666666667,0.9614170418675985
Hepatitis,XGB,V2,utama,2,0.9183673469387755,0.9175,0.9545454545454546,0.875,0.9130434782608695,0.9600000000000001,0.9765247584541062
Hepatitis,XGB,V2,utama,3,0.8571428571428571,0.8566666666666667,0.8461538461538461,0.88,0.8627450980392157,0.9266666666666666,0.9174246528801112
Hepatitis,XGB,V2,utama,4,0.8367346938775511,0.8366666666666667,0.84,0.84,0.84,0.8866666666666667,0.901324863972616
Hepatitis,XGB,V2,utama,5,0.86,0.86,0.8,0.96,0.8727272727272727,0.9192,0.9161250484240504
Hepatitis,XGB,V2,utama,6,0.8775510204081632,0.8783333333333333,0.8461538461538461,0.9166666666666666,0.88,0.9733333333333333,0.9738672227707316
Hepatitis,XGB,V2,utama,7,0.8775510204081632,0.8775,0.875,0.875,0.875,0.9616666666666668,0.9669105987946567
Hepatitis,XGB,V2,utama,8,0.8775510204081632,0.8766666666666667,0.8518518518518519,0.92,0.8846153846153846,0.955,0.9496743312792799
Hepatitis,XGB,V2,utama,9,0.8367346938775511,0.8391666666666666,0.9473684210526315,0.72,0.8181818181818182,0.8999999999999999,0.9327149654077429
Hepatitis,XGB,V2,utama,10,0.88,0.88,0.8518518518518519,0.92,0.8846153846153846,0.9551999999999999,0.9494892663442147
Hepatitis,XGB,V2,utama,11,0.9387755102040817,0.9375,1.0,0.875,0.9333333333333333,0.9683333333333334,0.9761082899669856
Hepatitis,XGB,V2,utama,12,0.8367346938775511,0.8358333333333333,0.8636363636363636,0.7916666666666666,0.8260869565217391,0.9450000000000001,0.9526121323938646
Hepatitis,XGB,V2,utama,13,0.8775510204081632,0.8766666666666667,0.8518518518518519,0.92,0.8846153846153846,0.915,0.9211696496138624
Hepatitis,XGB,V2,utama,14,0.8367346938775511,0.8366666666666667,0.84,0.84,0.84,0.9166666666666667,0.9243079793844502
Hepatitis,XGB,V2,utama,15,0.88,0.88,0.8275862068965517,0.96,0.8888888888888888,0.9760000000000001,0.9769725327812285
Hepatitis,XGB,V2,utama,16,0.8571428571428571,0.8574999999999999,0.84,0.875,0.8571428571428571,0.9366666666666666,0.956485584784315
Hepatitis,XGB,V2,utama,17,0.8163265306122449,0.8158333333333333,0.8260869565217391,0.7916666666666666,0.8085106382978723,0.9183333333333333,0.923791395555835
Hepatitis,XGB,V2,utama,18,0.9183673469387755,0.9183333333333333,0.92,0.92,0.92,0.9766666666666667,0.9777578777045044
Hepatitis,XGB,V2,utama,19,0.9183673469387755,0.9183333333333333,0.92,0.92,0.92,0.9633333333333334,0.9627021852760245
Hepatitis,XGB,V2,utama,20,0.84,0.8400000000000001,0.7931034482758621,0.92,0.8518518518518519,0.9408,0.9522435438389403
Hepatitis,XGB,V2,utama,21,0.8979591836734694,0.8983333333333333,0.88,0.9166666666666666,0.8979591836734694,0.9516666666666667,0.9400833373450116
Hepatitis,XGB,V2,utama,22,0.9387755102040817,0.9383333333333332,0.9565217391304348,0.9166666666666666,0.9361702127659575,0.9466666666666668,0.9675954868113252
Hepatitis,XGB,V2,utama,23,0.8571428571428571,0.8558333333333333,0.8214285714285714,0.92,0.8679245283018868,0.9525,0.9563877291202638
Hepatitis,XGB,V2,utama,24,0.9183673469387755,0.9183333333333333,0.92,0.92,0.92,0.9441666666666667,0.948592309495742
Hepatitis,XGB,V2,utama,25,0.76,0.76,0.8095238095238095,0.68,0.7391304347826086,0.9008000000000002,0.9093327369324812
Hepatitis,XGB,V2,utama,26,0.8571428571428571,0.8574999999999999,0.84,0.875,0.8571428571428571,0.9333333333333333,0.9485916748765535
Hepatitis,XGB,V2,utama,27,0.8571428571428571,0.8566666666666667,0.8695652173913043,0.8333333333333334,0.851063829787234,0.9183333333333332,0.9169252130165443
Hepatitis,XGB,V2,utama,28,0.9591836734693877,0.9591666666666667,0.96,0.96,0.96,0.9983333333333334,0.9984615384615385
Hepatitis,XGB,V2,utama,29,0.8571428571428571,0.8566666666666667,0.8461538461538461,0.88,0.8627450980392157,0.9183333333333334,0.9460240036967387
Hepatitis,XGB,V2,utama,30,0.84,0.84,0.84,0.84,0.84,0.9168000000000001,0.9318741580921551
Hepatitis,XGB,V2,utama,31,0.8571428571428571,0.855,0.9473684210526315,0.75,0.8372093023255814,0.8933333333333332,0.9214479717678452
Hepatitis,XGB,V2,utama,32,0.8775510204081632,0.88,0.8,1.0,0.8888888888888888,0.9383333333333334,0.9232267184750502
Hepatitis,XGB,V2,utama,33,0.8979591836734694,0.8983333333333333,0.9166666666666666,0.88,0.8979591836734694,0.9608333333333334,0.9626335740640526
Hepatitis,XGB,V2,utama,34,0.9183673469387755,0.9175,0.8888888888888888,0.96,0.9230769230769231,0.9833333333333332,0.9862442028985507
Hepatitis,XGB,V2,utama,35,0.84,0.8400000000000001,0.7931034482758621,0.92,0.8518518518518519,0.9448,0.9519826569510915
Hepatitis,XGB,V2,utama,36,0.9183673469387755,0.9175,0.9545454545454546,0.875,0.9130434782608695,0.9783333333333334,0.9744649721981378
Hepatitis,XGB,V2,utama,37,0.9183673469387755,0.9191666666666667,0.8846153846153846,0.9583333333333334,0.92,0.9400000000000001,0.9178168836408924
Hepatitis,XGB,V2,utama,38,0.8775510204081632,0.875,0.8064516129032258,1.0,0.8928571428571429,0.8966666666666667,0.8936515902208677
Hepatitis,XGB,V2,utama,39,0.8775510204081632,0.8775,0.88,0.88,0.88,0.9316666666666666,0.9528820481178751
Hepatitis,XGB,V2,utama,40,0.9,0.9,0.8846153846153846,0.92,0.9019607843137255,0.9536,0.9690796300473721
Hepatitis,XGB,V2,utama,41,0.8367346938775511,0.8375,0.8076923076923077,0.875,0.84,0.915,0.9296287043876519
Hepatitis,XGB,V2,utama,42,0.9591836734693877,0.9591666666666667,0.9583333333333334,0.9583333333333334,0.9583333333333334,0.99,0.9904999137336092
Hepatitis,XGB,V2,utama,43,0.9183673469387755,0.9175,0.8888888888888888,0.96,0.9230769230769231,0.9616666666666667,0.9616053193183628
Hepatitis,XGB,V2,utama,44,0.8571428571428571,0.8574999999999999,0.875,0.84,0.8571428571428571,0.9325,0.9333442514773871
Hepatitis,XGB,V2,utama,45,0.88,0.88,0.8064516129032258,1.0,0.8928571428571429,0.9344,0.9373681072156861
Hepatitis,XGB,V2,utama,46,0.8979591836734694,0.8966666666666667,0.9523809523809523,0.8333333333333334,0.8888888888888888,0.9733333333333334,0.9729175551543972
Hepatitis,XGB,V2,utama,47,0.8775510204081632,0.8758333333333332,0.95,0.7916666666666666,0.8636363636363636,0.8983333333333333,0.9254305987948228
Hepatitis,XGB,V2,utama,48,0.9183673469387755,0.9166666666666667,0.8620689655172413,1.0,0.9259259259259259,0.9466666666666667,0.9150538916156616
Hepatitis,XGB,V2,utama,49,0.8775510204081632,0.8766666666666667,0.8518518518518519,0.92,0.8846153846153846,0.95,0.9396891331742996
Hepatitis,XGB,V2b,utama,0,0.8709677419354839,0.8566666666666667,0.625,0.8333333333333334,0.7142857142857143,0.9133333333333333,0.8148809523809524
Hepatitis,XGB,V2b,utama,1,0.7096774193548387,0.5666666666666667,0.2857142857142857,0.3333333333333333,0.3076923076923077,0.74,0.34237053795877326
Hepatitis,XGB,V2b,utama,2,0.967741935483871,0.9166666666666667,1.0,0.8333333333333334,0.9090909090909091,0.8333333333333334,0.8655913978494623
Hepatitis,XGB,V2b,utama,3,0.8387096774193549,0.7440476190476191,0.6666666666666666,0.5714285714285714,0.6153846153846154,0.8392857142857143,0.5177197802197802
Hepatitis,XGB,V2b,utama,4,0.7741935483870968,0.7023809523809523,0.5,0.5714285714285714,0.5333333333333333,0.7559523809523809,0.47582766439909296
Hepatitis,XGB,V2b,utama,5,0.8709677419354839,0.8566666666666667,0.625,0.8333333333333334,0.7142857142857143,0.9066666666666666,0.5652777777777778
Hepatitis,XGB,V2b,utama,6,0.7419354838709677,0.65,0.375,0.5,0.42857142857142855,0.84,0.4823102823102824
Hepatitis,XGB,V2b,utama,7,0.7741935483870968,0.7333333333333334,0.4444444444444444,0.6666666666666666,0.5333333333333333,0.8666666666666667,0.66008806008806
Hepatitis,XGB,V2b,utama,8,0.8709677419354839,0.8154761904761905,0.7142857142857143,0.7142857142857143,0.7142857142857143,0.8988095238095237,0.8239538239538238
Hepatitis,XGB,V2b,utama,9,0.7741935483870968,0.6517857142857143,0.5,0.42857142857142855,0.46153846153846156,0.8154761904761905,0.6537755102040816
Hepatitis,XGB,V2b,utama,10,0.8064516129032258,0.8166666666666667,0.5,0.8333333333333334,0.625,0.9066666666666667,0.6079365079365079
Hepatitis,XGB,V2b,utama,11,0.8064516129032258,0.8166666666666667,0.5,0.8333333333333334,0.625,0.7666666666666666,0.44476190476190475
Hepatitis,XGB,V2b,utama,12,0.8709677419354839,0.9199999999999999,0.6,1.0,0.75,0.9133333333333333,0.7211640211640211
Hepatitis,XGB,V2b,utama,13,0.8064516129032258,0.6726190476190476,0.6,0.42857142857142855,0.5,0.8333333333333334,0.6828362114076398
Hepatitis,XGB,V2b,utama,14,0.8064516129032258,0.8244047619047619,0.5454545454545454,0.8571428571428571,0.6666666666666666,0.9047619047619048,0.7512737262737261
Hepatitis,XGB,V2b,utama,15,0.8709677419354839,0.8566666666666667,0.625,0.8333333333333334,0.7142857142857143,0.8933333333333333,0.6994047619047619
Hepatitis,XGB,V2b,utama,16,0.8064516129032258,0.8166666666666667,0.5,0.8333333333333334,0.625,0.8133333333333334,0.6190476190476191
Hepatitis,XGB,V2b,utama,17,0.8709677419354839,0.8566666666666667,0.625,0.8333333333333334,0.7142857142857143,0.9400000000000001,0.8016233766233766
Hepatitis,XGB,V2b,utama,18,0.9032258064516129,0.8363095238095238,0.8333333333333334,0.7142857142857143,0.7692307692307693,0.8154761904761905,0.6909762651141962
Hepatitis,XGB,V2b,utama,19,0.7741935483870968,0.7529761904761905,0.5,0.7142857142857143,0.5882352941176471,0.7738095238095238,0.6126984126984127
Hepatitis,XGB,V2b,utama,20,0.9032258064516129,0.8133333333333332,0.8,0.6666666666666666,0.7272727272727273,0.9199999999999999,0.8269230769230769
Hepatitis,XGB,V2b,utama,21,0.7741935483870968,0.7333333333333334,0.4444444444444444,0.6666666666666666,0.5333333333333333,0.8466666666666667,0.6568394024276376
Hepatitis,XGB,V2b,utama,22,0.8709677419354839,0.7933333333333333,0.6666666666666666,0.6666666666666666,0.6666666666666666,0.8,0.5840859332238643
Hepatitis,XGB,V2b,utama,23,0.8064516129032258,0.7232142857142857,0.5714285714285714,0.5714285714285714,0.5714285714285714,0.9047619047619048,0.803174603174603
Hepatitis,XGB,V2b,utama,24,0.7096774193548387,0.6101190476190476,0.375,0.42857142857142855,0.4,0.7470238095238095,0.4300223585937871
Hepatitis,XGB,V2b,utama,25,0.8709677419354839,0.8566666666666667,0.625,0.8333333333333334,0.7142857142857143,0.7933333333333333,0.5308862433862434
Hepatitis,XGB,V2b,utama,26,0.8064516129032258,0.69,0.5,0.5,0.5,0.8,0.6492474916387959
Hepatitis,XGB,V2b,utama,27,0.8064516129032258,0.69,0.5,0.5,0.5,0.8200000000000001,0.5512477718360071
Hepatitis,XGB,V2b,utama,28,0.8064516129032258,0.7738095238095238,0.5555555555555556,0.7142857142857143,0.625,0.9404761904761905,0.8769230769230769
Hepatitis,XGB,V2b,utama,29,0.8064516129032258,0.7738095238095238,0.5555555555555556,0.7142857142857143,0.625,0.8571428571428572,0.6049585335299621
Hepatitis,XGB,V2b,utama,30,0.8387096774193549,0.7733333333333333,0.5714285714285714,0.6666666666666666,0.6153846153846154,0.8666666666666667,0.5646825396825397
Hepatitis,XGB,V2b,utama,31,0.7741935483870968,0.6699999999999999,0.42857142857142855,0.5,0.46153846153846156,0.84,0.6345811051693404
Hepatitis,XGB,V2b,utama,32,0.8709677419354839,0.9199999999999999,0.6,1.0,0.75,0.92,0.594047619047619
Hepatitis,XGB,V2b,utama,33,0.7741935483870968,0.7023809523809523,0.5,0.5714285714285714,0.5333333333333333,0.7916666666666666,0.6460626674912389
Hepatitis,XGB,V2b,utama,34,0.8709677419354839,0.8660714285714286,0.6666666666666666,0.8571428571428571,0.75,0.9404761904761905,0.8310451453308596
Hepatitis,XGB,V2b,utama,35,0.6774193548387096,0.6733333333333333,0.3333333333333333,0.6666666666666666,0.4444444444444444,0.79,0.6828571428571428
Hepatitis,XGB,V2b,utama,36,0.9032258064516129,0.8133333333333332,0.8,0.6666666666666666,0.7272727272727273,0.9133333333333334,0.831045751633987
Hepatitis,XGB,V2b,utama,37,0.7741935483870968,0.6699999999999999,0.42857142857142855,0.5,0.46153846153846156,0.8333333333333334,0.46464646464646464
Hepatitis,XGB,V2b,utama,38,0.8387096774193549,0.7946428571428572,0.625,0.7142857142857143,0.6666666666666666,0.8630952380952381,0.645078940667176
Hepatitis,XGB,V2b,utama,39,0.8387096774193549,0.8452380952380952,0.6,0.8571428571428571,0.7058823529411765,0.9226190476190477,0.7988455988455987
Hepatitis,XGB,V2b,utama,40,0.8387096774193549,0.71,0.6,0.5,0.5454545454545454,0.8066666666666668,0.674074074074074
Hepatitis,XGB,V2b,utama,41,0.8387096774193549,0.7733333333333333,0.5714285714285714,0.6666666666666666,0.6153846153846154,0.8266666666666667,0.523611111111111
Hepatitis,XGB,V2b,utama,42,0.7096774193548387,0.5666666666666667,0.2857142857142857,0.3333333333333333,0.3076923076923077,0.6866666666666666,0.4005263157894737
Hepatitis,XGB,V2b,utama,43,0.8387096774193549,0.7440476190476191,0.6666666666666666,0.5714285714285714,0.6153846153846154,0.9226190476190476,0.8306122448979592
Hepatitis,XGB,V2b,utama,44,0.8064516129032258,0.8244047619047619,0.5454545454545454,0.8571428571428571,0.6666666666666666,0.863095238095238,0.5912698412698412
Hepatitis,XGB,V2b,utama,45,0.7741935483870968,0.7333333333333334,0.4444444444444444,0.6666666666666666,0.5333333333333333,0.86,0.6777777777777777
Hepatitis,XGB,V2b,utama,46,0.8064516129032258,0.8166666666666667,0.5,0.8333333333333334,0.625,0.8733333333333333,0.6067821067821068
Hepatitis,XGB,V2b,utama,47,0.8387096774193549,0.7733333333333333,0.5714285714285714,0.6666666666666666,0.6153846153846154,0.88,0.7152777777777777
Hepatitis,XGB,V2b,utama,48,0.8387096774193549,0.7946428571428572,0.625,0.7142857142857143,0.6666666666666666,0.7738095238095238,0.625
Hepatitis,XGB,V2b,utama,49,0.9354838709677419,0.8571428571428572,1.0,0.7142857142857143,0.8333333333333334,0.9136904761904763,0.8714285714285714
Hepatitis,XGB,V3,utama,0,0.8709677419354839,0.8566666666666667,0.625,0.8333333333333334,0.7142857142857143,0.8866666666666667,0.6194444444444445
Hepatitis,XGB,V3,utama,1,0.7419354838709677,0.65,0.375,0.5,0.42857142857142855,0.76,0.3469877344877345
Hepatitis,XGB,V3,utama,2,0.9032258064516129,0.8133333333333332,0.8,0.6666666666666666,0.7272727272727273,0.8200000000000001,0.7857142857142857
Hepatitis,XGB,V3,utama,3,0.8064516129032258,0.7232142857142857,0.5714285714285714,0.5714285714285714,0.5714285714285714,0.7916666666666666,0.5007142857142857
Hepatitis,XGB,V3,utama,4,0.7741935483870968,0.6517857142857143,0.5,0.42857142857142855,0.46153846153846156,0.7797619047619049,0.4495131385887688
Hepatitis,XGB,V3,utama,5,0.8387096774193549,0.7733333333333333,0.5714285714285714,0.6666666666666666,0.6153846153846154,0.9333333333333333,0.8061868686868686
Hepatitis,XGB,V3,utama,6,0.7419354838709677,0.5866666666666667,0.3333333333333333,0.3333333333333333,0.3333333333333333,0.7933333333333333,0.42546296296296293
Hepatitis,XGB,V3,utama,7,0.7419354838709677,0.65,0.375,0.5,0.42857142857142855,0.8333333333333333,0.6253218459100812
Hepatitis,XGB,V3,utama,8,0.8387096774193549,0.7440476190476191,0.6666666666666666,0.5714285714285714,0.6153846153846154,0.7976190476190476,0.7164021164021164
Hepatitis,XGB,V3,utama,9,0.8064516129032258,0.7232142857142857,0.5714285714285714,0.5714285714285714,0.5714285714285714,0.7678571428571429,0.6416256157635467
Hepatitis,XGB,V3,utama,10,0.8387096774193549,0.6466666666666666,0.6666666666666666,0.3333333333333333,0.4444444444444444,0.86,0.611441798941799
Hepatitis,XGB,V3,utama,11,0.8064516129032258,0.7533333333333333,0.5,0.6666666666666666,0.5714285714285714,0.7333333333333334,0.3941798941798943
Hepatitis,XGB,V3,utama,12,0.8387096774193549,0.71,0.6,0.5,0.5454545454545454,0.8733333333333334,0.5427609427609428
Hepatitis,XGB,V3,utama,13,0.7741935483870968,0.6517857142857143,0.5,0.42857142857142855,0.46153846153846156,0.7678571428571429,0.6076202410788877
Hepatitis,XGB,V3,utama,14,0.7419354838709677,0.7827380952380952,0.46153846153846156,0.8571428571428571,0.6,0.7797619047619048,0.4828571428571428
Hepatitis,XGB,V3,utama,15,0.7741935483870968,0.7333333333333334,0.4444444444444444,0.6666666666666666,0.5333333333333333,0.8200000000000001,0.49983164983164985
Hepatitis,XGB,V3,utama,16,0.8709677419354839,0.73,0.75,0.5,0.6,0.9066666666666666,0.7346611721611721
Hepatitis,XGB,V3,utama,17,0.8709677419354839,0.9199999999999999,0.6,1.0,0.75,0.9533333333333333,0.8523809523809522
Hepatitis,XGB,V3,utama,18,0.7741935483870968,0.5505952380952381,0.5,0.14285714285714285,0.2222222222222222,0.7678571428571428,0.56321044546851
Hepatitis,XGB,V3,utama,19,0.7419354838709677,0.6815476190476191,0.4444444444444444,0.5714285714285714,0.5,0.8214285714285715,0.5056166056166056
Hepatitis,XGB,V3,utama,20,0.9354838709677419,0.8333333333333333,1.0,0.6666666666666666,0.8,0.9066666666666666,0.8412698412698412
Hepatitis,XGB,V3,utama,21,0.7741935483870968,0.7333333333333334,0.4444444444444444,0.6666666666666666,0.5333333333333333,0.86,0.6833333333333332
Hepatitis,XGB,V3,utama,22,0.8064516129032258,0.7533333333333333,0.5,0.6666666666666666,0.5714285714285714,0.7666666666666667,0.587037037037037
Hepatitis,XGB,V3,utama,23,0.7419354838709677,0.5803571428571428,0.4,0.2857142857142857,0.3333333333333333,0.8154761904761905,0.5469798175680529
Hepatitis,XGB,V3,utama,24,0.8064516129032258,0.6726190476190476,0.6,0.42857142857142855,0.5,0.7738095238095238,0.4709989258861439
Hepatitis,XGB,V3,utama,25,0.8709677419354839,0.7933333333333333,0.6666666666666666,0.6666666666666666,0.6666666666666666,0.7533333333333334,0.49336917562724014
Hepatitis,XGB,V3,utama,26,0.8064516129032258,0.69,0.5,0.5,0.5,0.86,0.5102564102564102
Hepatitis,XGB,V3,utama,27,0.8064516129032258,0.69,0.5,0.5,0.5,0.7666666666666667,0.6033838383838384
Hepatitis,XGB,V3,utama,28,0.967741935483871,0.9791666666666667,0.875,1.0,0.9333333333333333,1.0,0.9999999999999998
Hepatitis,XGB,V3,utama,29,0.7741935483870968,0.6517857142857143,0.5,0.42857142857142855,0.46153846153846156,0.7976190476190477,0.5851449275362319
Hepatitis,XGB,V3,utama,30,0.7741935483870968,0.7333333333333334,0.4444444444444444,0.6666666666666666,0.5333333333333333,0.8533333333333333,0.6498316498316498
Hepatitis,XGB,V3,utama,31,0.8064516129032258,0.69,0.5,0.5,0.5,0.76,0.4037878787878788
Hepatitis,XGB,V3,utama,32,0.8064516129032258,0.6266666666666667,0.5,0.3333333333333333,0.4,0.8400000000000001,0.5924242424242424
Hepatitis,XGB,V3,utama,33,0.8064516129032258,0.7232142857142857,0.5714285714285714,0.5714285714285714,0.5714285714285714,0.7232142857142857,0.46321044546850987
Hepatitis,XGB,V3,utama,34,0.8387096774193549,0.7946428571428572,0.625,0.7142857142857143,0.6666666666666666,0.9047619047619047,0.7363095238095239
Hepatitis,XGB,V3,utama,35,0.8064516129032258,0.7533333333333333,0.5,0.6666666666666666,0.5714285714285714,0.7266666666666668,0.4547619047619047
Hepatitis,XGB,V3,utama,36,0.9032258064516129,0.8133333333333332,0.8,0.6666666666666666,0.7272727272727273,0.9466666666666667,0.8432900432900432
Hepatitis,XGB,V3,utama,37,0.7096774193548387,0.5033333333333333,0.2,0.16666666666666666,0.18181818181818182,0.82,0.4185536685536686
Hepatitis,XGB,V3,utama,38,0.7419354838709677,0.6309523809523809,0.42857142857142855,0.42857142857142855,0.42857142857142855,0.7380952380952381,0.425500726606432
Hepatitis,XGB,V3,utama,39,0.7741935483870968,0.8541666666666667,0.5,1.0,0.6666666666666666,0.8928571428571428,0.7014739229024942
Hepatitis,XGB,V3,utama,40,0.8709677419354839,0.73,0.75,0.5,0.6,0.78,0.7350358422939067
Hepatitis,XGB,V3,utama,41,0.8064516129032258,0.69,0.5,0.5,0.5,0.8,0.5932539682539683
Hepatitis,XGB,V3,utama,42,0.6129032258064516,0.5066666666666667,0.2,0.3333333333333333,0.25,0.6933333333333334,0.3413614163614163
Hepatitis,XGB,V3,utama,43,0.9032258064516129,0.8363095238095238,0.8333333333333334,0.7142857142857143,0.7692307692307693,0.9464285714285714,0.8843537414965985
Hepatitis,XGB,V3,utama,44,0.7741935483870968,0.7023809523809523,0.5,0.5714285714285714,0.5333333333333333,0.8392857142857142,0.6363113077398792
Hepatitis,XGB,V3,utama,45,0.7741935483870968,0.6699999999999999,0.42857142857142855,0.5,0.46153846153846156,0.8,0.5885734635734635
Hepatitis,XGB,V3,utama,46,0.8064516129032258,0.8166666666666667,0.5,0.8333333333333334,0.625,0.8666666666666667,0.6316137566137566
Hepatitis,XGB,V3,utama,47,0.8709677419354839,0.7933333333333333,0.6666666666666666,0.6666666666666666,0.6666666666666666,0.8866666666666667,0.7708333333333334
Hepatitis,XGB,V3,utama,48,0.8387096774193549,0.7440476190476191,0.6666666666666666,0.5714285714285714,0.6153846153846154,0.7619047619047619,0.5966048288628933
Hepatitis,XGB,V3,utama,49,0.8064516129032258,0.6726190476190476,0.6,0.42857142857142855,0.5,0.8125,0.6574603174603173
Hepatitis,XGB,V4,utama,0,0.9,0.9,0.8846153846153846,0.92,0.9019607843137255,0.9775999999999999,0.9781315129315131
Hepatitis,XGB,V4,utama,1,0.8775510204081632,0.8783333333333333,0.8461538461538461,0.9166666666666666,0.88,0.96,0.9696640087382217
Hepatitis,XGB,V4,utama,2,0.9183673469387755,0.9175,0.9545454545454546,0.875,0.9130434782608695,0.9600000000000001,0.9765247584541062
Hepatitis,XGB,V4,utama,3,0.8367346938775511,0.8366666666666667,0.84,0.84,0.84,0.9349999999999999,0.931418976752112
Hepatitis,XGB,V4,utama,4,0.8367346938775511,0.8358333333333333,0.8148148148148148,0.88,0.8461538461538461,0.88,0.9024275329435176
Hepatitis,XGB,V4,utama,5,0.86,0.8600000000000001,0.8214285714285714,0.92,0.8679245283018868,0.9344,0.9339876647088722
Hepatitis,XGB,V4,utama,6,0.9387755102040817,0.9391666666666667,0.92,0.9583333333333334,0.9387755102040817,0.9666666666666667,0.9618535498041068
Hepatitis,XGB,V4,utama,7,0.8571428571428571,0.8583333333333334,0.8148148148148148,0.9166666666666666,0.8627450980392157,0.96,0.9583335987822816
Hepatitis,XGB,V4,utama,8,0.9183673469387755,0.9175,0.8888888888888888,0.96,0.9230769230769231,0.9816666666666667,0.984973076923077
Hepatitis,XGB,V4,utama,9,0.8775510204081632,0.8791666666666667,0.9523809523809523,0.8,0.8695652173913043,0.915,0.9443348493243453
Hepatitis,XGB,V4,utama,10,0.88,0.88,0.8518518518518519,0.92,0.8846153846153846,0.9776,0.9810580645161291
Hepatitis,XGB,V4,utama,11,0.9795918367346939,0.98,0.96,1.0,0.9795918367346939,1.0,0.9999999999999999
Hepatitis,XGB,V4,utama,12,0.8775510204081632,0.8766666666666667,0.9090909090909091,0.8333333333333334,0.8695652173913043,0.9550000000000001,0.9582596590381677
Hepatitis,XGB,V4,utama,13,0.8775510204081632,0.8766666666666667,0.8518518518518519,0.92,0.8846153846153846,0.92,0.9226586200292083
Hepatitis,XGB,V4,utama,14,0.8367346938775511,0.835,0.7931034482758621,0.92,0.8518518518518519,0.9083333333333333,0.9328319227037424
Hepatitis,XGB,V4,utama,15,0.88,0.88,0.88,0.88,0.88,0.9776,0.9805108556832696
Hepatitis,XGB,V4,utama,16,0.8775510204081632,0.8791666666666667,0.8214285714285714,0.9583333333333334,0.8846153846153846,0.9516666666666668,0.9685036018303825
Hepatitis,XGB,V4,utama,17,0.8163265306122449,0.8158333333333333,0.8260869565217391,0.7916666666666666,0.8085106382978723,0.9183333333333333,0.923791395555835
Hepatitis,XGB,V4,utama,18,0.9183673469387755,0.9166666666666667,0.8620689655172413,1.0,0.9259259259259259,0.9750000000000001,0.9765121958501269
Hepatitis,XGB,V4,utama,19,0.8775510204081632,0.8775,0.88,0.88,0.88,0.9566666666666667,0.9570655499198673
Hepatitis,XGB,V4,utama,20,0.86,0.8600000000000001,0.8214285714285714,0.92,0.8679245283018868,0.9456,0.9528485494782709
Hepatitis,XGB,V4,utama,21,0.8367346938775511,0.835,0.9,0.75,0.8181818181818182,0.9566666666666667,0.9602473244091956
Hepatitis,XGB,V4,utama,22,0.9387755102040817,0.9383333333333332,0.9565217391304348,0.9166666666666666,0.9361702127659575,0.9500000000000001,0.9713010204081632
Hepatitis,XGB,V4,utama,23,0.8163265306122449,0.8158333333333333,0.8076923076923077,0.84,0.8235294117647058,0.9566666666666667,0.9641025194473472
Hepatitis,XGB,V4,utama,24,0.9387755102040817,0.9383333333333332,0.9230769230769231,0.96,0.9411764705882353,0.9733333333333333,0.9742347909908551
Hepatitis,XGB,V4,utama,25,0.82,0.8200000000000001,0.8076923076923077,0.84,0.8235294117647058,0.9248000000000001,0.9399417358715323
Hepatitis,XGB,V4,utama,26,0.8163265306122449,0.8175,0.7777777777777778,0.875,0.8235294117647058,0.9216666666666667,0.9367456836535784
Hepatitis,XGB,V4,utama,27,0.8367346938775511,0.8366666666666667,0.8333333333333334,0.8333333333333334,0.8333333333333334,0.94,0.9361658180904827
Hepatitis,XGB,V4,utama,28,0.9591836734693877,0.9591666666666667,0.96,0.96,0.96,0.9983333333333334,0.9984615384615385
Hepatitis,XGB,V4,utama,29,0.8979591836734694,0.8975,0.8846153846153846,0.92,0.9019607843137255,0.9516666666666667,0.9656251721315423
Hepatitis,XGB,V4,utama,30,0.9,0.9,0.9166666666666666,0.88,0.8979591836734694,0.9488,0.9509150646967984
Hepatitis,XGB,V4,utama,31,0.8571428571428571,0.855,0.9473684210526315,0.75,0.8372093023255814,0.9349999999999999,0.9427334082884471
Hepatitis,XGB,V4,utama,32,0.8775510204081632,0.8791666666666667,0.8214285714285714,0.9583333333333334,0.8846153846153846,0.9550000000000001,0.9497802717749464
Hepatitis,XGB,V4,utama,33,0.9183673469387755,0.9183333333333333,0.92,0.92,0.92,0.9633333333333333,0.972885904416213
Hepatitis,XGB,V4,utama,34,0.9387755102040817,0.9375,0.8928571428571429,1.0,0.9433962264150944,0.9883333333333333,0.9892315655359135
Hepatitis,XGB,V4,utama,35,0.78,0.78,0.75,0.84,0.7924528301886793,0.9319999999999999,0.9453585106773094
Hepatitis,XGB,V4,utama,36,0.9183673469387755,0.9175,0.9545454545454546,0.875,0.9130434782608695,0.9766666666666667,0.9670283779952393
Hepatitis,XGB,V4,utama,37,0.8775510204081632,0.8766666666666667,0.9090909090909091,0.8333333333333334,0.8695652173913043,0.98,0.9804032210085433
Hepatitis,XGB,V4,utama,38,0.8571428571428571,0.8541666666666667,0.78125,1.0,0.8771929824561403,0.895,0.8637905766243127
Hepatitis,XGB,V4,utama,39,0.8571428571428571,0.8566666666666667,0.8461538461538461,0.88,0.8627450980392157,0.9316666666666665,0.9544751953516329
Hepatitis,XGB,V4,utama,40,0.9,0.9,0.8846153846153846,0.92,0.9019607843137255,0.9584,0.9738888888888889
Hepatitis,XGB,V4,utama,41,0.8367346938775511,0.8375,0.8076923076923077,0.875,0.84,0.915,0.9296287043876519
Hepatitis,XGB,V4,utama,42,0.9591836734693877,0.9591666666666667,0.9583333333333334,0.9583333333333334,0.9583333333333334,0.99,0.9904999137336092
Hepatitis,XGB,V4,utama,43,0.8979591836734694,0.8975,0.8846153846153846,0.92,0.9019607843137255,0.9766666666666667,0.9773534851621808
Hepatitis,XGB,V4,utama,44,0.8571428571428571,0.8583333333333334,0.9090909090909091,0.8,0.851063829787234,0.9424999999999999,0.9503953076045356
Hepatitis,XGB,V4,utama,45,0.92,0.9199999999999999,0.8620689655172413,1.0,0.9259259259259259,0.9808,0.9813762400185189
Hepatitis,XGB,V4,utama,46,0.8979591836734694,0.8966666666666667,0.9523809523809523,0.8333333333333334,0.8888888888888888,0.985,0.9818654506448117
Hepatitis,XGB,V4,utama,47,0.8775510204081632,0.8758333333333332,0.95,0.7916666666666666,0.8636363636363636,0.9133333333333333,0.9353911279339955
Hepatitis,XGB,V4,utama,48,0.8775510204081632,0.875,0.8064516129032258,1.0,0.8928571428571429,0.9566666666666667,0.947226086612338
Hepatitis,XGB,V4,utama,49,0.8979591836734694,0.8975,0.8846153846153846,0.92,0.9019607843137255,0.97,0.9720752413950238
Hepatitis,XGB,V4b,utama,0,0.8709677419354839,0.8566666666666667,0.625,0.8333333333333334,0.7142857142857143,0.9266666666666666,0.8680555555555556
Hepatitis,XGB,V4b,utama,1,0.8064516129032258,0.69,0.5,0.5,0.5,0.8066666666666666,0.4375
Hepatitis,XGB,V4b,utama,2,0.9354838709677419,0.8333333333333333,1.0,0.6666666666666666,0.8,0.8666666666666667,0.8717948717948718
Hepatitis,XGB,V4b,utama,3,0.8064516129032258,0.7232142857142857,0.5714285714285714,0.5714285714285714,0.5714285714285714,0.8511904761904763,0.5595848595848596
Hepatitis,XGB,V4b,utama,4,0.8064516129032258,0.7738095238095238,0.5555555555555556,0.7142857142857143,0.625,0.8035714285714286,0.5103174603174603
Hepatitis,XGB,V4b,utama,5,0.8709677419354839,0.8566666666666667,0.625,0.8333333333333334,0.7142857142857143,0.9533333333333334,0.8412698412698412
Hepatitis,XGB,V4b,utama,6,0.7096774193548387,0.63,0.3333333333333333,0.5,0.4,0.84,0.5685536685536686
Hepatitis,XGB,V4b,utama,7,0.8064516129032258,0.7533333333333333,0.5,0.6666666666666666,0.5714285714285714,0.8866666666666666,0.6168350168350168
Hepatitis,XGB,V4b,utama,8,0.9032258064516129,0.8363095238095238,0.8333333333333334,0.7142857142857143,0.7692307692307693,0.8333333333333334,0.805383022774327
Hepatitis,XGB,V4b,utama,9,0.8387096774193549,0.7440476190476191,0.6666666666666666,0.5714285714285714,0.6153846153846154,0.8392857142857143,0.7142857142857142
Hepatitis,XGB,V4b,utama,10,0.8064516129032258,0.8166666666666667,0.5,0.8333333333333334,0.625,0.9066666666666667,0.6079365079365079
Hepatitis,XGB,V4b,utama,11,0.7741935483870968,0.7333333333333334,0.4444444444444444,0.6666666666666666,0.5333333333333333,0.8200000000000001,0.426984126984127
Hepatitis,XGB,V4b,utama,12,0.8387096774193549,0.71,0.6,0.5,0.5454545454545454,0.9066666666666666,0.7092592592592591
Hepatitis,XGB,V4b,utama,13,0.7741935483870968,0.6517857142857143,0.5,0.42857142857142855,0.46153846153846156,0.8333333333333333,0.6919191919191918
Hepatitis,XGB,V4b,utama,14,0.8709677419354839,0.8660714285714286,0.6666666666666666,0.8571428571428571,0.75,0.9345238095238095,0.857142857142857
Hepatitis,XGB,V4b,utama,15,0.8387096774193549,0.7733333333333333,0.5714285714285714,0.6666666666666666,0.6153846153846154,0.8866666666666667,0.8012477718360071
Hepatitis,XGB,V4b,utama,16,0.8387096774193549,0.8366666666666667,0.5555555555555556,0.8333333333333334,0.6666666666666666,0.8933333333333333,0.6644841269841271
Hepatitis,XGB,V4b,utama,17,0.8387096774193549,0.8366666666666667,0.5555555555555556,0.8333333333333334,0.6666666666666666,0.9533333333333334,0.8766233766233766
Hepatitis,XGB,V4b,utama,18,0.8709677419354839,0.7648809523809523,0.8,0.5714285714285714,0.6666666666666666,0.8333333333333333,0.704421768707483
Hepatitis,XGB,V4b,utama,19,0.7741935483870968,0.7529761904761905,0.5,0.7142857142857143,0.5882352941176471,0.8095238095238095,0.6170634920634921
Hepatitis,XGB,V4b,utama,20,0.9032258064516129,0.8133333333333332,0.8,0.6666666666666666,0.7272727272727273,0.9666666666666667,0.9055555555555554
Hepatitis,XGB,V4b,utama,21,0.8064516129032258,0.7533333333333333,0.5,0.6666666666666666,0.5714285714285714,0.8933333333333333,0.7582972582972582
Hepatitis,XGB,V4b,utama,22,0.9032258064516129,0.8766666666666667,0.7142857142857143,0.8333333333333334,0.7692307692307693,0.8333333333333334,0.5680814354727398
Hepatitis,XGB,V4b,utama,23,0.8709677419354839,0.8660714285714286,0.6666666666666666,0.8571428571428571,0.75,0.8928571428571429,0.6710884353741495
Hepatitis,XGB,V4b,utama,24,0.7419354838709677,0.6815476190476191,0.4444444444444444,0.5714285714285714,0.5,0.7619047619047619,0.43002561348426005
Hepatitis,XGB,V4b,utama,25,0.8709677419354839,0.8566666666666667,0.625,0.8333333333333334,0.7142857142857143,0.8266666666666668,0.8055555555555556
Hepatitis,XGB,V4b,utama,26,0.8709677419354839,0.73,0.75,0.5,0.6,0.8733333333333334,0.648015873015873
Hepatitis,XGB,V4b,utama,27,0.8387096774193549,0.71,0.6,0.5,0.5454545454545454,0.82,0.5154401154401155
Hepatitis,XGB,V4b,utama,28,0.967741935483871,0.9285714285714286,1.0,0.8571428571428571,0.9230769230769231,0.988095238095238,0.9682539682539681
Hepatitis,XGB,V4b,utama,29,0.8064516129032258,0.7738095238095238,0.5555555555555556,0.7142857142857143,0.625,0.8571428571428571,0.6072562358276644
Hepatitis,XGB,V4b,utama,30,0.8387096774193549,0.8366666666666667,0.5555555555555556,0.8333333333333334,0.6666666666666666,0.96,0.8964646464646464
Hepatitis,XGB,V4b,utama,31,0.8064516129032258,0.69,0.5,0.5,0.5,0.8200000000000001,0.6952861952861953
Hepatitis,XGB,V4b,utama,32,0.8709677419354839,0.8566666666666667,0.625,0.8333333333333334,0.7142857142857143,0.9133333333333333,0.5801587301587302
Hepatitis,XGB,V4b,utama,33,0.7741935483870968,0.6517857142857143,0.5,0.42857142857142855,0.46153846153846156,0.7916666666666666,0.6174603174603175
Hepatitis,XGB,V4b,utama,34,0.8709677419354839,0.8660714285714286,0.6666666666666666,0.8571428571428571,0.75,0.9404761904761905,0.8310451453308596
Hepatitis,XGB,V4b,utama,35,0.7741935483870968,0.7333333333333334,0.4444444444444444,0.6666666666666666,0.5333333333333333,0.8200000000000001,0.7023809523809523
Hepatitis,XGB,V4b,utama,36,0.9354838709677419,0.8966666666666667,0.8333333333333334,0.8333333333333334,0.8333333333333334,0.9533333333333334,0.8631313131313131
Hepatitis,XGB,V4b,utama,37,0.8064516129032258,0.69,0.5,0.5,0.5,0.8466666666666667,0.47490287490287486
Hepatitis,XGB,V4b,utama,38,0.8064516129032258,0.7738095238095238,0.5555555555555556,0.7142857142857143,0.625,0.8392857142857143,0.608531746031746
Hepatitis,XGB,V4b,utama,39,0.8709677419354839,0.9166666666666667,0.6363636363636364,1.0,0.7777777777777778,0.9345238095238095,0.7953308596165738
Hepatitis,XGB,V4b,utama,40,0.8387096774193549,0.71,0.6,0.5,0.5454545454545454,0.8666666666666667,0.7083333333333333
Hepatitis,XGB,V4b,utama,41,0.8387096774193549,0.7733333333333333,0.5714285714285714,0.6666666666666666,0.6153846153846154,0.8733333333333333,0.6842592592592592
Hepatitis,XGB,V4b,utama,42,0.7419354838709677,0.7766666666666666,0.4166666666666667,0.8333333333333334,0.5555555555555556,0.8666666666666667,0.6748949579831932
Hepatitis,XGB,V4b,utama,43,0.8709677419354839,0.7648809523809523,0.8,0.5714285714285714,0.6666666666666666,0.9642857142857142,0.8917233560090703
Hepatitis,XGB,V4b,utama,44,0.7741935483870968,0.7529761904761905,0.5,0.7142857142857143,0.5882352941176471,0.8511904761904762,0.6047619047619048
Hepatitis,XGB,V4b,utama,45,0.7741935483870968,0.7333333333333334,0.4444444444444444,0.6666666666666666,0.5333333333333333,0.86,0.6777777777777777
Hepatitis,XGB,V4b,utama,46,0.8064516129032258,0.8166666666666667,0.5,0.8333333333333334,0.625,0.86,0.5965608465608466
Hepatitis,XGB,V4b,utama,47,0.8709677419354839,0.7933333333333333,0.6666666666666666,0.6666666666666666,0.6666666666666666,0.9533333333333334,0.8412698412698412
Hepatitis,XGB,V4b,utama,48,0.8387096774193549,0.7440476190476191,0.6666666666666666,0.5714285714285714,0.6153846153846154,0.7797619047619048,0.6755730828311473
Hepatitis,XGB,V4b,utama,49,0.9032258064516129,0.8363095238095238,0.8333333333333334,0.7142857142857143,0.7692307692307693,0.9136904761904762,0.8629251700680272
