dataset,model,config,skenario,metrik,selisih_rata2,ci95_low,ci95_high,t,p_value,uji,p_holm,p_bh,kesimpulan_holm
HCV,DT,imputasi=KNN,V1,accuracy,-0.00032520325203252434,-0.018392002649241495,0.01774159614517645,-0.03617245019950084,0.9712918159074866,corrected resampled t-test (berpasangan),1.0,0.9770702541898557,tidak berbeda
HCV,DT,imputasi=KNN,V1,balanced_accuracy,-0.004777777777777761,-0.02512576424875603,0.015570208693200511,-0.4718552330378797,0.6391246413625296,corrected resampled t-test (berpasangan),1.0,0.9748281474863134,tidak berbeda
HCV,DT,imputasi=KNN,V1,recall,-0.010666666666666666,-0.05806914151711993,0.0367358081837866,-0.4522014775707418,0.653119442631795,corrected resampled t-test (berpasangan),1.0,0.9806440096217867,tidak berbeda
HCV,DT,imputasi=KNN,V1,f1,-0.003309596668652528,-0.046041276072679195,0.03942208273537414,-0.1556429233353601,0.8769539183440871,corrected resampled t-test (berpasangan),1.0,0.9816767222466434,tidak berbeda
HCV,DT,imputasi=KNN,V1,average_precision,-0.006976613214549628,-0.08386773073030906,0.06991450430120982,-0.1823361343876367,0.8560712201725651,corrected resampled t-test (berpasangan),1.0,0.9667708397699344,tidak berbeda
HCV,DT,imputasi=KNN,V1,roc_auc,0.001950617283950613,-0.02284247967755499,0.02674371424545622,0.15810498349116742,0.8750238556479838,corrected resampled t-test (berpasangan),1.0,0.9353435842342349,tidak berbeda
HCV,DT,imputasi=KNN,V2,accuracy,0.024381210478771398,,,,,deskriptif (tidak berpasangan),,,deskriptif
HCV,DT,imputasi=KNN,V2,balanced_accuracy,0.06207407407407428,,,,,deskriptif (tidak berpasangan),,,deskriptif
HCV,DT,imputasi=KNN,V2,recall,0.13062962962962965,,,,,deskriptif (tidak berpasangan),,,deskriptif
HCV,DT,imputasi=KNN,V2,f1,0.2288336123603808,,,,,deskriptif (tidak berpasangan),,,deskriptif
HCV,DT,imputasi=KNN,V2,average_precision,0.2655230161448182,,,,,deskriptif (tidak berpasangan),,,deskriptif
HCV,DT,imputasi=KNN,V2,roc_auc,0.05314043209876551,,,,,deskriptif (tidak berpasangan),,,deskriptif
HCV,DT,imputasi=KNN,V2b,accuracy,0.002113821138211367,-0.03222356818583181,0.036451210462254545,0.12371012162287393,0.9020508704265013,corrected resampled t-test (berpasangan),1.0,0.9770702541898557,tidak berbeda
HCV,DT,imputasi=KNN,V2b,balanced_accuracy,0.03851851851851853,-0.019240793488871262,0.09627783052590833,1.340145133205974,0.18637963532277987,corrected resampled t-test (berpasangan),1.0,0.9201535756818399,tidak berbeda
HCV,DT,imputasi=KNN,V2b,recall,0.08666666666666668,-0.034521462124178226,0.2078547954575116,1.4371307546933743,0.15703607525000576,corrected resampled t-test (berpasangan),1.0,0.9160179125337264,tidak berbeda
HCV,DT,imputasi=KNN,V2b,f1,0.027695650482179087,-0.06118878822151434,0.11658008918587252,0.6261668985455775,0.5341116642855783,corrected resampled t-test (berpasangan),1.0,0.9816767222466434,tidak berbeda
HCV,DT,imputasi=KNN,V2b,average_precision,0.0812508665151892,-0.04545602740456062,0.20795776043493902,1.2886412418342956,0.20357410332951364,corrected resampled t-test (berpasangan),1.0,0.8674136569094228,tidak berbeda
HCV,DT,imputasi=KNN,V2b,roc_auc,0.03455555555555554,-0.024631603019322774,0.09374271413043386,1.1732610642325159,0.24636291696243956,corrected resampled t-test (berpasangan),1.0,0.8869065010647825,tidak berbeda
HCV,DT,imputasi=KNN,V3,accuracy,0.010569105691056908,-0.018245652122261796,0.039383863504375616,0.7371019109391812,0.4645753325227485,corrected resampled t-test (berpasangan),1.0,0.9770702541898557,tidak berbeda
HCV,DT,imputasi=KNN,V3,balanced_accuracy,0.011759259259259277,-0.03470997422793428,0.05822849274645283,0.5085325151717395,0.6133620188662052,corrected resampled t-test (berpasangan),1.0,0.9748281474863134,tidak berbeda
HCV,DT,imputasi=KNN,V3,recall,0.013333333333333334,-0.08410558842290893,0.1107722550895756,0.2749859704614351,0.7844832116841538,corrected resampled t-test (berpasangan),1.0,0.9856082835288494,tidak berbeda
HCV,DT,imputasi=KNN,V3,f1,0.030737326562328967,-0.04878189966872358,0.11025655279338152,0.7767803229697753,0.4410222370435489,corrected resampled t-test (berpasangan),1.0,0.9816767222466434,tidak berbeda
HCV,DT,imputasi=KNN,V3,average_precision,0.01701093062316233,-0.09602159060653005,0.1300434518528547,0.30243282662389337,0.7636022363980742,corrected resampled t-test (berpasangan),1.0,0.9475779540892387,tidak berbeda
HCV,DT,imputasi=KNN,V3,roc_auc,0.006907407407407406,-0.04752417779313916,0.06133899260795397,0.25501654617095104,0.7997776589212298,corrected resampled t-test (berpasangan),1.0,0.9353435842342349,tidak berbeda
HCV,DT,seed=2024,V1,accuracy,-0.0001626016260162566,-0.004531986961916485,0.004206783709883972,-0.07478402008748967,0.9406910364293051,corrected resampled t-test (berpasangan),1.0,0.9999999999999994,tidak berbeda
HCV,DT,seed=2024,V1,balanced_accuracy,-0.0035370370370370365,-0.02040234005234906,0.013328265978274988,-0.42145356218310526,0.6752670618043833,corrected resampled t-test (berpasangan),1.0,0.8995778727649727,tidak berbeda
HCV,DT,seed=2024,V1,recall,-0.007999999999999998,-0.04424064266033798,0.028240642660337982,-0.4436069753671343,0.6592794622321216,corrected resampled t-test (berpasangan),1.0,0.9533034272888417,tidak berbeda
HCV,DT,seed=2024,V1,f1,-0.002473591653074705,-0.019727610214096972,0.014780426907947562,-0.28809917577622196,0.7744859546113907,corrected resampled t-test (berpasangan),1.0,0.980218239695997,tidak berbeda
HCV,DT,seed=2024,V1,average_precision,0.0031142276640873136,-0.0405135271043342,0.04674198243250882,0.14344709741608996,0.8865253911487738,corrected resampled t-test (berpasangan),1.0,0.9590559947529717,tidak berbeda
HCV,DT,seed=2024,V1,roc_auc,0.0026296296296296263,-0.011506364432195063,0.016765623691454314,0.3738285794738518,0.7101445507493145,corrected resampled t-test (berpasangan),1.0,0.9290455377808227,tidak berbeda
HCV,DT,seed=2024,V2,accuracy,0.023032971996386542,,,,,deskriptif (tidak berpasangan),,,deskriptif
HCV,DT,seed=2024,V2,balanced_accuracy,0.06716666666666637,,,,,deskriptif (tidak berpasangan),,,deskriptif
HCV,DT,seed=2024,V2,recall,0.13988888888888895,,,,,deskriptif (tidak berpasangan),,,deskriptif
HCV,DT,seed=2024,V2,f1,0.22674344770257737,,,,,deskriptif (tidak berpasangan),,,deskriptif
HCV,DT,seed=2024,V2,average_precision,0.2792884140179187,,,,,deskriptif (tidak berpasangan),,,deskriptif
HCV,DT,seed=2024,V2,roc_auc,0.06410939643347047,,,,,deskriptif (tidak berpasangan),,,deskriptif
HCV,DT,seed=2024,V2b,accuracy,-0.0006504065040650442,-0.029136088422091255,0.027835275413961164,-0.04588413248034975,0.9635890948145158,corrected resampled t-test (berpasangan),1.0,0.9999999999999994,tidak berbeda
HCV,DT,seed=2024,V2b,balanced_accuracy,0.049,-0.007722056347007525,0.10572205634700753,1.735994652372404,0.08884963458768402,corrected resampled t-test (berpasangan),1.0,0.6219474421137882,tidak berbeda
HCV,DT,seed=2024,V2b,recall,0.11466666666666667,0.0038901396454732867,0.22544319368786003,2.080145494276755,0.042763899987497585,corrected resampled t-test (berpasangan),1.0,0.2993472999124831,tidak berbeda
HCV,DT,seed=2024,V2b,f1,0.02494406389455526,-0.06385908721302341,0.11374721500213392,0.5644729091796467,0.5750073386551896,corrected resampled t-test (berpasangan),1.0,0.980218239695997,tidak berbeda
HCV,DT,seed=2024,V2b,average_precision,0.06679985845972576,-0.07700183888945562,0.21060155580890716,0.9335031762670188,0.35513765249162454,corrected resampled t-test (berpasangan),1.0,0.8997349423134563,tidak berbeda
HCV,DT,seed=2024,V2b,roc_auc,0.05075925925925927,-0.00794917398377093,0.10946769250228947,1.7374769635933753,0.08858533915987717,corrected resampled t-test (berpasangan),1.0,0.4514627291099686,tidak berbeda
HCV,DT,seed=2024,V3,accuracy,0.017073170731707315,-0.0151626761082078,0.04930901757162243,1.064337513670088,0.29239277766480604,corrected resampled t-test (berpasangan),1.0,0.9999999999999994,tidak berbeda
HCV,DT,seed=2024,V3,balanced_accuracy,0.0280925925925926,-0.023809346187520647,0.07999453137270585,1.0877084685765164,0.28204523182467484,corrected resampled t-test (berpasangan),1.0,0.7883321754721451,tidak berbeda
HCV,DT,seed=2024,V3,recall,0.042666666666666686,-0.06696114206024047,0.15229447539357382,0.7821179467805511,0.43790850159252237,corrected resampled t-test (berpasangan),1.0,0.9051404198383778,tidak berbeda
HCV,DT,seed=2024,V3,f1,0.05676040928989,-0.03537553080995731,0.1488963493897373,1.2380002058352384,0.22161500417417299,corrected resampled t-test (berpasangan),1.0,0.895048952706137,tidak berbeda
HCV,DT,seed=2024,V3,average_precision,0.045654595676375954,-0.05381764376396062,0.14512683511671254,0.9223311481480484,0.3608752095648322,corrected resampled t-test (berpasangan),1.0,0.8997349423134563,tidak berbeda
HCV,DT,seed=2024,V3,roc_auc,0.025703703703703694,-0.023620485679012898,0.07502789308642029,1.0472250440209183,0.30013413622653634,corrected resampled t-test (berpasangan),1.0,0.822168123963908,tidak berbeda
HCV,DT,seed=7,V1,accuracy,-0.001463414634146336,-0.01080892658536569,0.007882097317073018,-0.31467958330371154,0.7543410279382649,corrected resampled t-test (berpasangan),1.0,0.9999999999999998,tidak berbeda
HCV,DT,seed=7,V1,balanced_accuracy,-0.0008333333333333259,-0.012793894445933785,0.011127227779267132,-0.14001400210034895,0.889222882197408,corrected resampled t-test (berpasangan),1.0,0.9950810015599162,tidak berbeda
HCV,DT,seed=7,V1,recall,2.220446049250313e-18,-0.019889636615814,0.019889636615814006,2.243456467447491e-16,0.9999999999999998,corrected resampled t-test (berpasangan),1.0,0.9999999999999998,tidak berbeda
HCV,DT,seed=7,V1,f1,-0.003999495698437079,-0.031310129299034054,0.023311137902159895,-0.29429150650864394,0.7697782906948869,corrected resampled t-test (berpasangan),1.0,0.9829631681132539,tidak berbeda
HCV,DT,seed=7,V1,average_precision,0.0038470824172752672,-0.030955844377543933,0.038650009212094466,0.2221365345614008,0.8251308704633967,corrected resampled t-test (berpasangan),1.0,0.9037048352846989,tidak berbeda
HCV,DT,seed=7,V1,roc_auc,0.0007345679012345641,-0.010247667859287723,0.011716803661756852,0.13441429364301793,0.8936255736772414,corrected resampled t-test (berpasangan),1.0,0.9812665546717477,tidak berbeda
HCV,DT,seed=7,V2,accuracy,0.025259710930442658,,,,,deskriptif (tidak berpasangan),,,deskriptif
HCV,DT,seed=7,V2,balanced_accuracy,0.06825925925925935,,,,,deskriptif (tidak berpasangan),,,deskriptif
HCV,DT,seed=7,V2,recall,0.13929629629629614,,,,,deskriptif (tidak berpasangan),,,deskriptif
HCV,DT,seed=7,V2,f1,0.23293360210438063,,,,,deskriptif (tidak berpasangan),,,deskriptif
HCV,DT,seed=7,V2,average_precision,0.26781176163381826,,,,,deskriptif (tidak berpasangan),,,deskriptif
HCV,DT,seed=7,V2,roc_auc,0.056671982167352475,,,,,deskriptif (tidak berpasangan),,,deskriptif
HCV,DT,seed=7,V2b,accuracy,0.00032520325203252434,-0.029031153843465555,0.0296815603475306,0.022261631418842957,0.9823296637834582,corrected resampled t-test (berpasangan),1.0,0.9999999999999998,tidak berbeda
HCV,DT,seed=7,V2b,balanced_accuracy,0.04725925925925929,-0.011433842233779072,0.10595236075229766,1.618095390971576,0.11206203006416803,corrected resampled t-test (berpasangan),1.0,0.7587106785380862,tidak berbeda
HCV,DT,seed=7,V2b,recall,0.10933333333333335,-0.0038455151131922133,0.22251218177985893,1.941295233045509,0.057984965531317566,corrected resampled t-test (berpasangan),1.0,0.5271495952765568,tidak berbeda
HCV,DT,seed=7,V2b,f1,0.02806157755890208,-0.06066508969375978,0.11678824481156394,0.6355682349984353,0.5280151403773348,corrected resampled t-test (berpasangan),1.0,0.9829631681132539,tidak berbeda
HCV,DT,seed=7,V2b,average_precision,0.041301678131135056,-0.11682735308717351,0.19943070934944362,0.5248804022620468,0.6020331964135748,corrected resampled t-test (berpasangan),1.0,0.9037048352846989,tidak berbeda
HCV,DT,seed=7,V2b,roc_auc,0.046098765432098766,-0.01651079061370741,0.10870832147790493,1.4796293601746155,0.14537314643796534,corrected resampled t-test (berpasangan),1.0,0.5233433271766752,tidak berbeda
HCV,DT,seed=7,V3,accuracy,0.013495934959349603,-0.01518374813627048,0.04217561805496969,0.9456553815522454,0.34896447553427523,corrected resampled t-test (berpasangan),1.0,0.9999999999999998,tidak berbeda
HCV,DT,seed=7,V3,balanced_accuracy,0.009407407407407418,-0.04796992618437547,0.06678474099919031,0.3294836438579935,0.7431944859378099,corrected resampled t-test (berpasangan),1.0,0.9950810015599162,tidak berbeda
HCV,DT,seed=7,V3,recall,0.004000000000000008,-0.10974542175495271,0.11774542175495271,0.07066922618893755,0.9439486555124981,corrected resampled t-test (berpasangan),1.0,0.9999999999999998,tidak berbeda
HCV,DT,seed=7,V3,f1,0.035537550567037245,-0.057961149388676074,0.12903625052275056,0.763811492007404,0.448641951404838,corrected resampled t-test (berpasangan),1.0,0.9829631681132539,tidak berbeda
HCV,DT,seed=7,V3,average_precision,0.030552148450044676,-0.09875990557708933,0.15986420247717867,0.47479596041962596,0.6370418281110858,corrected resampled t-test (berpasangan),1.0,0.9037048352846989,tidak berbeda
HCV,DT,seed=7,V3,roc_auc,0.010814814814814807,-0.0385458442926891,0.06017547392231871,0.4402936348581884,0.6616606715604685,corrected resampled t-test (berpasangan),1.0,0.9812665546717477,tidak berbeda
HCV,DT,utama,V1,accuracy,0.0004878048780487765,-0.006245050993927056,0.0072206607500246095,0.1455965523144602,0.8848371843389513,corrected resampled t-test (berpasangan),1.0,0.9743161451399626,tidak berbeda
HCV,DT,utama,V1,balanced_accuracy,0.0008518518518518503,-0.012213453929589568,0.013917157633293268,0.1310233693394958,0.8962932925546974,corrected resampled t-test (berpasangan),1.0,1.0,tidak berbeda
HCV,DT,utama,V1,recall,0.001333333333333333,-0.020859437283758744,0.023526103950425408,0.12073452622098511,0.9043950379211323,corrected resampled t-test (berpasangan),1.0,0.9461611727988325,tidak berbeda
HCV,DT,utama,V1,f1,0.0020632768991902116,-0.021544400710897648,0.02567095450927807,0.17563397073562909,0.8613053266429325,corrected resampled t-test (berpasangan),1.0,0.9557473895288231,tidak berbeda
HCV,DT,utama,V1,average_precision,0.010553932095296963,-0.03896050509845424,0.06006836928904816,0.42833811242160663,0.6702820091443229,corrected resampled t-test (berpasangan),1.0,0.9648759115401204,tidak berbeda
HCV,DT,utama,V1,roc_auc,0.003845679012345682,-0.018262472450749162,0.025953830475440524,0.34956252746438177,0.7281649779344073,corrected resampled t-test (berpasangan),1.0,0.9995549423256764,tidak berbeda
HCV,DT,utama,V2,accuracy,0.020844625112917625,,,,,deskriptif (tidak berpasangan),,,deskriptif
HCV,DT,utama,V2,balanced_accuracy,0.06364814814814812,,,,,deskriptif (tidak berpasangan),,,deskriptif
HCV,DT,utama,V2,recall,0.13914814814814813,,,,,deskriptif (tidak berpasangan),,,deskriptif
HCV,DT,utama,V2,f1,0.23034746704632625,,,,,deskriptif (tidak berpasangan),,,deskriptif
HCV,DT,utama,V2,average_precision,0.27457324860691545,,,,,deskriptif (tidak berpasangan),,,deskriptif
HCV,DT,utama,V2,roc_auc,0.06489266117969827,,,,,deskriptif (tidak berpasangan),,,deskriptif
HCV,DT,utama,V2b,accuracy,0.0053658536585365875,-0.03140407041285987,0.04213577772993305,0.2932583326294293,0.7705631495732649,corrected resampled t-test (berpasangan),1.0,0.9743161451399626,tidak berbeda
HCV,DT,utama,V2b,balanced_accuracy,0.045537037037037036,-0.018629049427694062,0.10970312350176814,1.4261443532471945,0.16016704297161793,corrected resampled t-test (berpasangan),1.0,0.9162788504026079,tidak berbeda
HCV,DT,utama,V2b,recall,0.09866666666666665,-0.03269531132625264,0.23002864465958595,1.509402437694893,0.13761777027119784,corrected resampled t-test (berpasangan),1.0,0.7928427767023715,tidak berbeda
HCV,DT,utama,V2b,f1,0.03831662479493342,-0.06534972329534328,0.1419829728852101,0.7427689088657645,0.46116784238874364,corrected resampled t-test (berpasangan),1.0,0.9557473895288231,tidak berbeda
HCV,DT,utama,V2b,average_precision,0.05665797343699894,-0.08380362450843523,0.1971195713824331,0.8106020572225847,0.42151390187617155,corrected resampled t-test (berpasangan),1.0,0.9648759115401204,tidak berbeda
HCV,DT,utama,V2b,roc_auc,0.040913580246913564,-0.023436875002588287,0.10526403549641541,1.2776742184604957,0.2073846041855727,corrected resampled t-test (berpasangan),1.0,0.7137177502604152,tidak berbeda
HCV,DT,utama,V3,accuracy,0.015121951219512198,-0.014782919763439841,0.045026822202464234,1.01617889223496,0.31453566872182676,corrected resampled t-test (berpasangan),1.0,0.9743161451399626,tidak berbeda
HCV,DT,utama,V3,balanced_accuracy,0.017796296296296296,-0.029472795231607493,0.06506538782420009,0.7565831105841654,0.45292215027655736,corrected resampled t-test (berpasangan),1.0,1.0,tidak berbeda
HCV,DT,utama,V3,recall,0.02133333333333333,-0.07242262469300678,0.11508929135967344,0.45726094893857816,0.6495044498554436,corrected resampled t-test (berpasangan),1.0,0.9461611727988325,tidak berbeda
HCV,DT,utama,V3,f1,0.043837910745395996,-0.04017234384032637,0.12784816533111837,1.0486288870343228,0.29949380812982657,corrected resampled t-test (berpasangan),1.0,0.9557473895288231,tidak berbeda
HCV,DT,utama,V3,average_precision,0.035042306944970604,-0.11481126866774347,0.18489588255768466,0.4699264058802175,0.6404923577213206,corrected resampled t-test (berpasangan),1.0,0.9648759115401204,tidak berbeda
HCV,DT,utama,V3,roc_auc,0.019796296296296298,-0.0421653847395383,0.08175797733213089,0.6420443426743069,0.5238369132288602,corrected resampled t-test (berpasangan),1.0,0.9995549423256764,tidak berbeda
HCV,GB,imputasi=KNN,V1,accuracy,0.001138211382113825,-0.0092959497937032,0.01157237255793085,0.219214689764515,0.8273934111348993,corrected resampled t-test (berpasangan),1.0,0.9770702541898557,tidak berbeda
HCV,GB,imputasi=KNN,V1,balanced_accuracy,0.0052407407407407255,-0.013003570612012717,0.02348505209349417,0.5772573488437944,0.5664086234156714,corrected resampled t-test (berpasangan),1.0,0.9748281474863134,tidak berbeda
HCV,GB,imputasi=KNN,V1,recall,0.010666666666666666,-0.024801636227255834,0.04613496956058916,0.6043556476889642,0.5483954795297694,corrected resampled t-test (berpasangan),1.0,0.9806440096217867,tidak berbeda
HCV,GB,imputasi=KNN,V1,f1,0.0052865454194820916,-0.03126115302447278,0.04183424386343696,0.29068070503221466,0.7725223196899219,corrected resampled t-test (berpasangan),1.0,0.9816767222466434,tidak berbeda
HCV,GB,imputasi=KNN,V1,average_precision,0.000987391694498283,-0.01851654433315084,0.020491327722147405,0.10173525452458387,0.919381996643942,corrected resampled t-test (berpasangan),1.0,0.9667708397699344,tidak berbeda
HCV,GB,imputasi=KNN,V1,roc_auc,0.00035802469135801204,-0.008217036724992757,0.008933086107708783,0.08390348688544866,0.9334750201587958,corrected resampled t-test (berpasangan),1.0,0.9353435842342349,tidak berbeda
HCV,GB,imputasi=KNN,V2,accuracy,0.020304878048780672,,,,,deskriptif (tidak berpasangan),,,deskriptif
HCV,GB,imputasi=KNN,V2,balanced_accuracy,0.05655555555555569,,,,,deskriptif (tidak berpasangan),,,deskriptif
HCV,GB,imputasi=KNN,V2,recall,0.11125925925925906,,,,,deskriptif (tidak berpasangan),,,deskriptif
HCV,GB,imputasi=KNN,V2,f1,0.15467685608429738,,,,,deskriptif (tidak berpasangan),,,deskriptif
HCV,GB,imputasi=KNN,V2,average_precision,0.07746274074697657,,,,,deskriptif (tidak berpasangan),,,deskriptif
HCV,GB,imputasi=KNN,V2,roc_auc,0.02390432098765427,,,,,deskriptif (tidak berpasangan),,,deskriptif
HCV,GB,imputasi=KNN,V2b,accuracy,0.010081300813008127,-0.010468836269381762,0.030631437895398017,0.9858392848687028,0.3290550637669305,corrected resampled t-test (berpasangan),1.0,0.9770702541898557,tidak berbeda
HCV,GB,imputasi=KNN,V2b,balanced_accuracy,0.04420370370370368,-0.0063807413443441804,0.09478814875175154,1.756086641877471,0.0853224732104685,corrected resampled t-test (berpasangan),1.0,0.7679022588942165,tidak berbeda
HCV,GB,imputasi=KNN,V2b,recall,0.08933333333333332,-0.009726242564254431,0.18839290923092106,1.8122635056163974,0.07607510261382733,corrected resampled t-test (berpasangan),1.0,0.684675923524446,tidak berbeda
HCV,GB,imputasi=KNN,V2b,f1,0.046176212377137385,-0.03082476378369413,0.1231771885379689,1.205109044615095,0.23394916530645676,corrected resampled t-test (berpasangan),1.0,0.9816767222466434,tidak berbeda
HCV,GB,imputasi=KNN,V2b,average_precision,0.04529355243572107,-0.010751109426307706,0.10133821429774985,1.6240761962475432,0.11077593938399782,corrected resampled t-test (berpasangan),1.0,0.8508120878942986,tidak berbeda
HCV,GB,imputasi=KNN,V2b,roc_auc,0.020555555555555546,-0.0018996269722947288,0.04301073808340582,1.8395724605836046,0.0718932574015067,corrected resampled t-test (berpasangan),1.0,0.5176314532908484,tidak berbeda
HCV,GB,imputasi=KNN,V3,accuracy,0.008292682926829274,-0.010611950670345439,0.027197316524003985,0.8815177586789165,0.3823414076164735,corrected resampled t-test (berpasangan),1.0,0.9770702541898557,tidak berbeda
HCV,GB,imputasi=KNN,V3,balanced_accuracy,0.020796296296296285,-0.01761129534694291,0.05920388793953548,1.0881109754116327,0.2818692913697856,corrected resampled t-test (berpasangan),1.0,0.9224813172102074,tidak berbeda
HCV,GB,imputasi=KNN,V3,recall,0.03733333333333334,-0.035962069081483736,0.11062873574815042,1.0235859223883679,0.311057878738404,corrected resampled t-test (berpasangan),1.0,0.9331736362152121,tidak berbeda
HCV,GB,imputasi=KNN,V3,f1,0.031999865286590816,-0.03693640457435749,0.10093613514753913,0.9328345864468162,0.35547933827254496,corrected resampled t-test (berpasangan),1.0,0.9816767222466434,tidak berbeda
HCV,GB,imputasi=KNN,V3,average_precision,0.02170521975907439,-0.018991636191283495,0.06240207570943228,1.0717848115880841,0.28906730266586905,corrected resampled t-test (berpasangan),1.0,0.8674136569094228,tidak berbeda
HCV,GB,imputasi=KNN,V3,roc_auc,0.008518518518518519,-0.008823172633915077,0.025860209670952115,0.9871357815613173,0.32842558941462796,corrected resampled t-test (berpasangan),1.0,0.9353435842342349,tidak berbeda
HCV,GB,seed=2024,V1,accuracy,-0.0011382113821138274,-0.009365491946462606,0.007089069182234952,-0.27801670153578034,0.7821693120765469,corrected resampled t-test (berpasangan),1.0,0.9999999999999994,tidak berbeda
HCV,GB,seed=2024,V1,balanced_accuracy,-0.0023703703703703695,-0.015337945212472557,0.010597204471731817,-0.36733449784285976,0.7149513335696086,corrected resampled t-test (berpasangan),1.0,0.8995778727649727,tidak berbeda
HCV,GB,seed=2024,V1,recall,-0.003999999999999997,-0.02997102200971431,0.021971022009714316,-0.309510381799767,0.7582457162009316,corrected resampled t-test (berpasangan),1.0,0.9533034272888417,tidak berbeda
HCV,GB,seed=2024,V1,f1,-0.00431360615018411,-0.031917916346331496,0.023290704045963274,-0.31402762935043943,0.7548331438129114,corrected resampled t-test (berpasangan),1.0,0.980218239695997,tidak berbeda
HCV,GB,seed=2024,V1,average_precision,0.0013732311005999964,-0.005807708684689929,0.008554170885889922,0.3842966649921149,0.7024213335754461,corrected resampled t-test (berpasangan),1.0,0.9590559947529717,tidak berbeda
HCV,GB,seed=2024,V1,roc_auc,0.0006049382716049268,-0.0029956544543990504,0.004205530997608904,0.337630235219951,0.737084020154314,corrected resampled t-test (berpasangan),1.0,0.9290455377808227,tidak berbeda
HCV,GB,seed=2024,V2,accuracy,0.024699638663053358,,,,,deskriptif (tidak berpasangan),,,deskriptif
HCV,GB,seed=2024,V2,balanced_accuracy,0.065962962962963,,,,,deskriptif (tidak berpasangan),,,deskriptif
HCV,GB,seed=2024,V2,recall,0.1265555555555552,,,,,deskriptif (tidak berpasangan),,,deskriptif
HCV,GB,seed=2024,V2,f1,0.16217336563808116,,,,,deskriptif (tidak berpasangan),,,deskriptif
HCV,GB,seed=2024,V2,average_precision,0.07710521397427561,,,,,deskriptif (tidak berpasangan),,,deskriptif
HCV,GB,seed=2024,V2,roc_auc,0.02236694101508918,,,,,deskriptif (tidak berpasangan),,,deskriptif
HCV,GB,seed=2024,V2b,accuracy,0.011219512195121947,-0.012785621634829256,0.03522464602507315,0.9392346658045088,0.3522173206179926,corrected resampled t-test (berpasangan),1.0,0.9999999999999994,tidak berbeda
HCV,GB,seed=2024,V2b,balanced_accuracy,0.05575925925925925,0.0029269913134197176,0.10859152720509879,2.1209088849969477,0.03901438689410195,corrected resampled t-test (berpasangan),1.0,0.3413758853233921,tidak berbeda
HCV,GB,seed=2024,V2b,recall,0.11466666666666665,0.011278812640960784,0.21805452069237252,2.2288042993664345,0.03044580624632527,corrected resampled t-test (berpasangan),0.9742657998824087,0.2664008046553461,tidak berbeda
HCV,GB,seed=2024,V2b,f1,0.05783855177697703,-0.0300776226892712,0.14575472624322527,1.3220652736016953,0.1922850912238867,corrected resampled t-test (berpasangan),1.0,0.895048952706137,tidak berbeda
HCV,GB,seed=2024,V2b,average_precision,0.042938605621832514,-0.02180451012847063,0.10768172137213566,1.3327804425404057,0.18876828875685125,corrected resampled t-test (berpasangan),1.0,0.8997349423134563,tidak berbeda
HCV,GB,seed=2024,V2b,roc_auc,0.018382716049382703,-0.0018724384853659216,0.03863787058413133,1.8238049407182788,0.07428342536800975,corrected resampled t-test (berpasangan),1.0,0.4499487772603627,tidak berbeda
HCV,GB,seed=2024,V3,accuracy,0.009756097560975608,-0.00871645849074663,0.028228653612697847,1.061337261010464,0.2937399503067779,corrected resampled t-test (berpasangan),1.0,0.9999999999999994,tidak berbeda
HCV,GB,seed=2024,V3,balanced_accuracy,0.027370370370370364,-0.013870308884913127,0.06861104962565386,1.333703019647692,0.18846779249256992,corrected resampled t-test (berpasangan),1.0,0.7883321754721451,tidak berbeda
HCV,GB,seed=2024,V3,recall,0.050666666666666665,-0.027081207974094357,0.1284145413074277,1.3095982239760504,0.19643910808495435,corrected resampled t-test (berpasangan),1.0,0.8591733948227284,tidak berbeda
HCV,GB,seed=2024,V3,f1,0.04103820516776088,-0.030933337119371795,0.11300974745489356,1.1458606853804145,0.25741820039815794,corrected resampled t-test (berpasangan),1.0,0.895048952706137,tidak berbeda
HCV,GB,seed=2024,V3,average_precision,0.025797325923322702,-0.021198389757647176,0.07279304160429258,1.103114752916683,0.27536566462839623,corrected resampled t-test (berpasangan),1.0,0.8997349423134563,tidak berbeda
HCV,GB,seed=2024,V3,roc_auc,0.008074074074074065,-0.009748823656550427,0.025896971804698556,0.9103715650464045,0.36708328093078946,corrected resampled t-test (berpasangan),1.0,0.822168123963908,tidak berbeda
HCV,GB,seed=7,V1,accuracy,-0.0017886178861788605,-0.009702431711088706,0.006125195938730985,-0.4541883708100024,0.6516987997939141,corrected resampled t-test (berpasangan),1.0,0.9999999999999998,tidak berbeda
HCV,GB,seed=7,V1,balanced_accuracy,-0.0027407407407407302,-0.01964476509824957,0.014163283616768108,-0.3258232832764244,0.7459454575459435,corrected resampled t-test (berpasangan),1.0,0.9950810015599162,tidak berbeda
HCV,GB,seed=7,V1,recall,-0.003999999999999999,-0.036712255026796835,0.028712255026796838,-0.24572750889145714,0.8069195397815474,corrected resampled t-test (berpasangan),1.0,0.9999999999999998,tidak berbeda
HCV,GB,seed=7,V1,f1,-0.0066782126208983295,-0.03552382748531161,0.022167402243514954,-0.46524821040189407,0.6438148556489747,corrected resampled t-test (berpasangan),1.0,0.9829631681132539,tidak berbeda
HCV,GB,seed=7,V1,average_precision,-0.0011205217556927848,-0.01246998996929796,0.01022894645791239,-0.19840337252517923,0.8435503680410794,corrected resampled t-test (berpasangan),1.0,0.9037048352846989,tidak berbeda
HCV,GB,seed=7,V1,roc_auc,-0.0014814814814814769,-0.00863101538742312,0.005668052424460167,-0.41641154999843977,0.678927299907808,corrected resampled t-test (berpasangan),1.0,0.9812665546717477,tidak berbeda
HCV,GB,seed=7,V2,accuracy,0.018719512195122023,,,,,deskriptif (tidak berpasangan),,,deskriptif
HCV,GB,seed=7,V2,balanced_accuracy,0.04948148148148157,,,,,deskriptif (tidak berpasangan),,,deskriptif
HCV,GB,seed=7,V2,recall,0.09822222222222221,,,,,deskriptif (tidak berpasangan),,,deskriptif
HCV,GB,seed=7,V2,f1,0.14488618825770916,,,,,deskriptif (tidak berpasangan),,,deskriptif
HCV,GB,seed=7,V2,average_precision,0.07031958224173707,,,,,deskriptif (tidak berpasangan),,,deskriptif
HCV,GB,seed=7,V2,roc_auc,0.018914951989026152,,,,,deskriptif (tidak berpasangan),,,deskriptif
HCV,GB,seed=7,V2b,accuracy,0.008780487804878051,-0.01664980473180546,0.03421078034156157,0.6938595304778442,0.4910467764886979,corrected resampled t-test (berpasangan),1.0,0.9999999999999998,tidak berbeda
HCV,GB,seed=7,V2b,balanced_accuracy,0.044611111111111094,-0.016081951403257307,0.1053041736254795,1.4770944216352857,0.14604908748709525,corrected resampled t-test (berpasangan),1.0,0.7587106785380862,tidak berbeda
HCV,GB,seed=7,V2b,recall,0.092,-0.023881672621909406,0.2078816726219094,1.5954284865754718,0.11704680075364311,corrected resampled t-test (berpasangan),1.0,0.6410381531607051,tidak berbeda
HCV,GB,seed=7,V2b,f1,0.042383571778057225,-0.05279566573225135,0.13756280928836578,0.8948692847550364,0.3752317914275073,corrected resampled t-test (berpasangan),1.0,0.9829631681132539,tidak berbeda
HCV,GB,seed=7,V2b,average_precision,0.04796952622590831,-0.015529443893846938,0.11146849634566355,1.5181092186529075,0.13541301708238937,corrected resampled t-test (berpasangan),1.0,0.708052374539456,tidak berbeda
HCV,GB,seed=7,V2b,roc_auc,0.01772222222222222,-0.003503156608198204,0.03894760105264264,1.677903568291066,0.0997340300409447,corrected resampled t-test (berpasangan),1.0,0.3989361201637788,tidak berbeda
HCV,GB,seed=7,V3,accuracy,0.00569105691056911,-0.013883271226201737,0.025265385047339956,0.5842656230976535,0.5617220437293802,corrected resampled t-test (berpasangan),1.0,0.9999999999999998,tidak berbeda
HCV,GB,seed=7,V3,balanced_accuracy,0.010129629629629629,-0.02970303910293004,0.049962298362189295,0.5110441626426193,0.6116151899468738,corrected resampled t-test (berpasangan),1.0,0.9950810015599162,tidak berbeda
HCV,GB,seed=7,V3,recall,0.016000000000000004,-0.06300968822562242,0.09500968822562242,0.40695267218381753,0.6858149936922935,corrected resampled t-test (berpasangan),1.0,0.9999999999999998,tidak berbeda
HCV,GB,seed=7,V3,f1,0.020418378950991717,-0.050438415235172535,0.09127517313715597,0.5790872864008404,0.5651830422194266,corrected resampled t-test (berpasangan),1.0,0.9829631681132539,tidak berbeda
HCV,GB,seed=7,V3,average_precision,0.015485920084988827,-0.022828017945293044,0.0537998581152707,0.8122402208166755,0.4205824408464005,corrected resampled t-test (berpasangan),1.0,0.9037048352846989,tidak berbeda
HCV,GB,seed=7,V3,roc_auc,0.005475308641975301,-0.011101026742952179,0.02205164402690278,0.6637802863293384,0.5099422237190102,corrected resampled t-test (berpasangan),1.0,0.9812665546717477,tidak berbeda
HCV,GB,utama,V1,accuracy,0.00048780487804877425,-0.006460074801894749,0.007435684557992297,0.1410906128699416,0.8883768113532786,corrected resampled t-test (berpasangan),1.0,0.9743161451399626,tidak berbeda
HCV,GB,utama,V1,balanced_accuracy,0.002000000000000004,-0.018143504664977723,0.022143504664977734,0.1995258787298456,0.8426771050140998,corrected resampled t-test (berpasangan),1.0,1.0,tidak berbeda
HCV,GB,utama,V1,recall,0.004000000000000001,-0.03678588108649716,0.04478588108649717,0.19708538160324426,0.844575963076337,corrected resampled t-test (berpasangan),1.0,0.9461611727988325,tidak berbeda
HCV,GB,utama,V1,f1,0.0023657842672434024,-0.025818566602099635,0.030550135136586443,0.16868302185266398,0.8667403619437107,corrected resampled t-test (berpasangan),1.0,0.9557473895288231,tidak berbeda
HCV,GB,utama,V1,average_precision,-0.0007724448235770431,-0.00841083606054141,0.006865946413387323,-0.20322158676003066,0.8398034129503196,corrected resampled t-test (berpasangan),1.0,0.9648759115401204,tidak berbeda
HCV,GB,utama,V1,roc_auc,6.172839506173754e-05,-0.004840700779601202,0.004964157569724677,0.02530334443625338,0.9799157754988438,corrected resampled t-test (berpasangan),1.0,0.9995549423256764,tidak berbeda
HCV,GB,utama,V2,accuracy,0.02303974706413736,,,,,deskriptif (tidak berpasangan),,,deskriptif
HCV,GB,utama,V2,balanced_accuracy,0.05887037037037024,,,,,deskriptif (tidak berpasangan),,,deskriptif
HCV,GB,utama,V2,recall,0.11237037037037023,,,,,deskriptif (tidak berpasangan),,,deskriptif
HCV,GB,utama,V2,f1,0.16059081452577395,,,,,deskriptif (tidak berpasangan),,,deskriptif
HCV,GB,utama,V2,average_precision,0.0771792005735159,,,,,deskriptif (tidak berpasangan),,,deskriptif
HCV,GB,utama,V2,roc_auc,0.022419067215363353,,,,,deskriptif (tidak berpasangan),,,deskriptif
HCV,GB,utama,V2b,accuracy,0.013495934959349592,-0.010369089888874515,0.0373609598075737,1.136436975577013,0.2613012231569968,corrected resampled t-test (berpasangan),1.0,0.9743161451399626,tidak berbeda
HCV,GB,utama,V2b,balanced_accuracy,0.05016666666666666,-0.005452869065787708,0.10578620239912102,1.8125590155076243,0.07602877872660621,corrected resampled t-test (berpasangan),1.0,0.6842590085394559,tidak berbeda
HCV,GB,utama,V2b,recall,0.09866666666666665,-0.006804683799802258,0.20413801713313556,1.8799236847353267,0.06607060436878721,corrected resampled t-test (berpasangan),1.0,0.5616001371346914,tidak berbeda
HCV,GB,utama,V2b,f1,0.05993353789882182,-0.030465724073683906,0.15033279987132753,1.3323223093726582,0.1889176444020528,corrected resampled t-test (berpasangan),1.0,0.9557473895288231,tidak berbeda
HCV,GB,utama,V2b,average_precision,0.05532212445248905,0.0027639852421676783,0.10788026366281042,2.1152569875841327,0.03951645614678722,corrected resampled t-test (berpasangan),1.0,0.355648105321085,tidak berbeda
HCV,GB,utama,V2b,roc_auc,0.020407407407407395,-0.0017785041237802258,0.04259331893859501,1.8484803055492145,0.07057186934865622,corrected resampled t-test (berpasangan),1.0,0.42343121609193735,tidak berbeda
HCV,GB,utama,V3,accuracy,0.006341463414634141,-0.01022445602123661,0.022907382850504893,0.7692689728330977,0.445426109246403,corrected resampled t-test (berpasangan),1.0,0.9743161451399626,tidak berbeda
HCV,GB,utama,V3,balanced_accuracy,0.017388888888888898,-0.025333306307310385,0.06011108408508818,0.8179420628063717,0.4173500983186146,corrected resampled t-test (berpasangan),1.0,1.0,tidak berbeda
HCV,GB,utama,V3,recall,0.032,-0.05029600037316691,0.11429600037316691,0.7814038010603267,0.43832434602646153,corrected resampled t-test (berpasangan),1.0,0.9314392353062307,tidak berbeda
HCV,GB,utama,V3,f1,0.0258087889723479,-0.03987244575396978,0.09149002369866557,0.7896426333502982,0.43354114228167373,corrected resampled t-test (berpasangan),1.0,0.9557473895288231,tidak berbeda
HCV,GB,utama,V3,average_precision,0.017741713594131743,-0.021928979652312497,0.05741240684057598,0.8987316665902569,0.37319089370809133,corrected resampled t-test (berpasangan),1.0,0.9648759115401204,tidak berbeda
HCV,GB,utama,V3,roc_auc,0.005320987654320979,-0.014285654515830727,0.024927629824472684,0.5453725793713269,0.5879714116416972,corrected resampled t-test (berpasangan),1.0,0.9995549423256764,tidak berbeda
HCV,KNN,imputasi=KNN,V1,accuracy,-0.0011382113821138274,-0.008000890050483992,0.005724467286256338,-0.33329863099256885,0.7403308969005247,corrected resampled t-test (berpasangan),1.0,0.9770702541898557,tidak berbeda
HCV,KNN,imputasi=KNN,V1,balanced_accuracy,-0.004092592592592592,-0.023715796278450278,0.015530611093265093,-0.4191146792638813,0.6769639913099399,corrected resampled t-test (berpasangan),1.0,0.9748281474863134,tidak berbeda
HCV,KNN,imputasi=KNN,V1,recall,-0.008000000000000005,-0.04687393732038053,0.030873937320380518,-0.4135573338871739,0.6810027844595741,corrected resampled t-test (berpasangan),1.0,0.9806440096217867,tidak berbeda
HCV,KNN,imputasi=KNN,V1,f1,-0.005231946194792048,-0.030195872900643607,0.01973198051105951,-0.4211672957191334,0.6754746655460679,corrected resampled t-test (berpasangan),1.0,0.9816767222466434,tidak berbeda
HCV,KNN,imputasi=KNN,V1,average_precision,-0.002348418604081444,-0.01994273613168809,0.015245898923525203,-0.26823000435060107,0.7896482950743656,corrected resampled t-test (berpasangan),1.0,0.9475779540892387,tidak berbeda
HCV,KNN,imputasi=KNN,V1,roc_auc,-0.0003518518518518565,-0.009023188797917395,0.008319485094213682,-0.08154137846200042,0.9353435842342348,corrected resampled t-test (berpasangan),1.0,0.9353435842342349,tidak berbeda
HCV,KNN,imputasi=KNN,V2,accuracy,0.04585817524841962,,,,,deskriptif (tidak berpasangan),,,deskriptif
HCV,KNN,imputasi=KNN,V2,balanced_accuracy,0.09674074074074102,,,,,deskriptif (tidak berpasangan),,,deskriptif
HCV,KNN,imputasi=KNN,V2,recall,0.17514814814814816,,,,,deskriptif (tidak berpasangan),,,deskriptif
HCV,KNN,imputasi=KNN,V2,f1,0.2784878027115961,,,,,deskriptif (tidak berpasangan),,,deskriptif
HCV,KNN,imputasi=KNN,V2,average_precision,0.23974718185687072,,,,,deskriptif (tidak berpasangan),,,deskriptif
HCV,KNN,imputasi=KNN,V2,roc_auc,0.06901406035665314,,,,,deskriptif (tidak berpasangan),,,deskriptif
HCV,KNN,imputasi=KNN,V2b,accuracy,0.027804878048780495,-0.00821660625207787,0.06382636234963886,1.5511852276306792,0.12729279634295948,corrected resampled t-test (berpasangan),1.0,0.9770702541898557,tidak berbeda
HCV,KNN,imputasi=KNN,V2b,balanced_accuracy,0.09735185185185183,0.036073083916344124,0.15863061978735954,3.1925555474457172,0.0024639578755527793,corrected resampled t-test (berpasangan),0.08870248351990005,0.08144712134935854,tidak berbeda
HCV,KNN,imputasi=KNN,V2b,recall,0.18933333333333333,0.07476488282688323,0.3039017838397834,3.320980392490655,0.0017001376177539877,corrected resampled t-test (berpasangan),0.06120495423914356,0.06120495423914356,tidak berbeda
HCV,KNN,imputasi=KNN,V2b,f1,0.11517844645634581,0.009702246994011093,0.22065464591868053,2.194426370361094,0.032975250082936676,corrected resampled t-test (berpasangan),1.0,0.9816767222466434,tidak berbeda
HCV,KNN,imputasi=KNN,V2b,average_precision,0.13973141436592038,0.01484420813146095,0.2646186206003798,2.2484351940961544,0.029079803236343363,corrected resampled t-test (berpasangan),1.0,0.5234364582541805,tidak berbeda
HCV,KNN,imputasi=KNN,V2b,roc_auc,0.06811728395061728,0.015542602262828872,0.12069196563840569,2.603664016089034,0.012172403737188113,corrected resampled t-test (berpasangan),0.43820653453877206,0.24858518563237877,tidak berbeda
HCV,KNN,imputasi=KNN,V3,accuracy,0.00959349593495935,-0.016569462919639233,0.03575645478955793,0.7368758231899533,0.46471157498711724,corrected resampled t-test (berpasangan),1.0,0.9770702541898557,tidak berbeda
HCV,KNN,imputasi=KNN,V3,balanced_accuracy,0.015222222222222215,-0.030948781077159405,0.06139322552160383,0.6625413919060051,0.5107288110867176,corrected resampled t-test (berpasangan),1.0,0.9748281474863134,tidak berbeda
HCV,KNN,imputasi=KNN,V3,recall,0.022666666666666672,-0.07335105622836066,0.118684389561694,0.4743954616748615,0.6373253138973536,corrected resampled t-test (berpasangan),1.0,0.9806440096217867,tidak berbeda
HCV,KNN,imputasi=KNN,V3,f1,0.02798832994701959,-0.04921068156995824,0.10518734146399743,0.7285670322847819,0.4697343914785279,corrected resampled t-test (berpasangan),1.0,0.9816767222466434,tidak berbeda
HCV,KNN,imputasi=KNN,V3,average_precision,0.018693321283292243,-0.05703009166038928,0.09441673422697378,0.4960901000222106,0.6220488715288627,corrected resampled t-test (berpasangan),1.0,0.9475779540892387,tidak berbeda
HCV,KNN,imputasi=KNN,V3,roc_auc,0.0023086419753086474,-0.03465644928921376,0.039273733239831056,0.12550732542990373,0.9006354622014145,corrected resampled t-test (berpasangan),1.0,0.9353435842342349,tidak berbeda
HCV,KNN,seed=2024,V1,accuracy,0.0003252032520325199,-0.0020759840280808596,0.0027263905321458994,0.27216552697590773,0.7866383272810362,corrected resampled t-test (berpasangan),1.0,0.9999999999999994,tidak berbeda
HCV,KNN,seed=2024,V1,balanced_accuracy,0.0007592592592592617,-0.00429190822206975,0.0058104267405882735,0.30206652414593543,0.7638797861378448,corrected resampled t-test (berpasangan),1.0,0.8995778727649727,tidak berbeda
HCV,KNN,seed=2024,V1,recall,0.001333333333333333,-0.008511534515131498,0.011178201181798162,0.27216552697590873,0.7866383272810354,corrected resampled t-test (berpasangan),1.0,0.9533034272888417,tidak berbeda
HCV,KNN,seed=2024,V1,f1,0.0010415499533146578,-0.0066861893172387825,0.008769289223868097,0.2708519165029526,0.7876426404372503,corrected resampled t-test (berpasangan),1.0,0.980218239695997,tidak berbeda
HCV,KNN,seed=2024,V1,average_precision,3.638186203477112e-05,-0.0013804772482565034,0.0014532409723260456,0.05160152367912502,0.9590559947529717,corrected resampled t-test (berpasangan),1.0,0.9590559947529717,tidak berbeda
HCV,KNN,seed=2024,V1,roc_auc,0.00023456790123456363,-0.0010120421825563762,0.0014811779850255036,0.37813094186886254,0.7069665524070645,corrected resampled t-test (berpasangan),1.0,0.9290455377808227,tidak berbeda
HCV,KNN,seed=2024,V2,accuracy,0.037676151761517285,,,,,deskriptif (tidak berpasangan),,,deskriptif
HCV,KNN,seed=2024,V2,balanced_accuracy,0.08644444444444432,,,,,deskriptif (tidak berpasangan),,,deskriptif
HCV,KNN,seed=2024,V2,recall,0.15807407407407403,,,,,deskriptif (tidak berpasangan),,,deskriptif
HCV,KNN,seed=2024,V2,f1,0.25040869303942204,,,,,deskriptif (tidak berpasangan),,,deskriptif
HCV,KNN,seed=2024,V2,average_precision,0.22900094048833752,,,,,deskriptif (tidak berpasangan),,,deskriptif
HCV,KNN,seed=2024,V2,roc_auc,0.06582115912208508,,,,,deskriptif (tidak berpasangan),,,deskriptif
HCV,KNN,seed=2024,V2b,accuracy,0.026666666666666675,-0.0042552498321575295,0.057588583165490884,1.7330320687512994,0.08937982455409842,corrected resampled t-test (berpasangan),1.0,0.9999999999999994,tidak berbeda
HCV,KNN,seed=2024,V2b,balanced_accuracy,0.08522222222222223,0.03336759343721464,0.13707685100722983,3.302703562221415,0.0017931471057758875,corrected resampled t-test (berpasangan),0.06276014870215606,0.06276014870215606,tidak berbeda
HCV,KNN,seed=2024,V2b,recall,0.16266666666666665,0.061093114134454354,0.26424021919887897,3.2182679118816564,0.0022889241559998865,corrected resampled t-test (berpasangan),0.08011234545999603,0.08011234545999603,tidak berbeda
HCV,KNN,seed=2024,V2b,f1,0.10476171936462407,0.018476112029691724,0.19104732669955643,2.4398803376380287,0.01835685605309813,corrected resampled t-test (berpasangan),0.6424899618584345,0.6424899618584345,tidak berbeda
HCV,KNN,seed=2024,V2b,average_precision,0.13823414766240888,0.04353740123309992,0.23293089409171785,2.9334895883722116,0.005086061135999081,corrected resampled t-test (berpasangan),0.18309820089596693,0.1194296202589462,tidak berbeda
HCV,KNN,seed=2024,V2b,roc_auc,0.0651358024691358,0.019267494715760676,0.11100411022251094,2.8537197453273104,0.006314763942104163,corrected resampled t-test (berpasangan),0.22733150191574986,0.22733150191574986,tidak berbeda
HCV,KNN,seed=2024,V3,accuracy,0.007642276422764236,-0.012968608210872007,0.02825316105640048,0.7451271358457129,0.4597541247207988,corrected resampled t-test (berpasangan),1.0,0.9999999999999994,tidak berbeda
HCV,KNN,seed=2024,V3,balanced_accuracy,0.008944444444444435,-0.030971570015019843,0.048860458903908714,0.45030883682221634,0.6544739010995574,corrected resampled t-test (berpasangan),1.0,0.8995778727649727,tidak berbeda
HCV,KNN,seed=2024,V3,recall,0.010666666666666668,-0.06933814500984259,0.09067147834317593,0.2679272498578821,0.7898799826107545,corrected resampled t-test (berpasangan),1.0,0.9533034272888417,tidak berbeda
HCV,KNN,seed=2024,V3,f1,0.019743415006488532,-0.03926460295957386,0.07875143297255092,0.6723811307151676,0.5044995183804519,corrected resampled t-test (berpasangan),1.0,0.980218239695997,tidak berbeda
HCV,KNN,seed=2024,V3,average_precision,0.01735892577312481,-0.07139112054591261,0.10610897209216223,0.3930597084491349,0.6959802990623392,corrected resampled t-test (berpasangan),1.0,0.9590559947529717,tidak berbeda
HCV,KNN,seed=2024,V3,roc_auc,0.009061728395061721,-0.0308180660579388,0.04894152284806225,0.45662785413412676,0.6499563330694107,corrected resampled t-test (berpasangan),1.0,0.9290455377808227,tidak berbeda
HCV,KNN,seed=7,V1,accuracy,-0.0006504065040650442,-0.004011368568715987,0.0027105555605858984,-0.38888888888889095,0.699043161871434,corrected resampled t-test (berpasangan),1.0,0.9999999999999998,tidak berbeda
HCV,KNN,seed=7,V1,balanced_accuracy,-0.0015185185185185145,-0.008571588299257995,0.005534551262220965,-0.4326594380593392,0.6671605792560078,corrected resampled t-test (berpasangan),1.0,0.9950810015599162,tidak berbeda
HCV,KNN,seed=7,V1,recall,-0.0026666666666666683,-0.01644661113173554,0.011113277798402203,-0.38888888888888884,0.6990431618714357,corrected resampled t-test (berpasangan),1.0,0.9999999999999998,tidak berbeda
HCV,KNN,seed=7,V1,f1,-0.0023028737293443167,-0.012506575563111357,0.007900828104422724,-0.45354108636646,0.652161470002945,corrected resampled t-test (berpasangan),1.0,0.9829631681132539,tidak berbeda
HCV,KNN,seed=7,V1,average_precision,0.00014786898817489068,-0.0019433955285765897,0.002239133504926371,0.1420929080013415,0.8875892603739779,corrected resampled t-test (berpasangan),1.0,0.9037048352846989,tidak berbeda
HCV,KNN,seed=7,V1,roc_auc,-8.024691358025083e-05,-0.0008418295276031746,0.000681335700442673,-0.21174618118345573,0.8331833489209455,corrected resampled t-test (berpasangan),1.0,0.9812665546717477,tidak berbeda
HCV,KNN,seed=7,V2,accuracy,0.03898825654923199,,,,,deskriptif (tidak berpasangan),,,deskriptif
HCV,KNN,seed=7,V2,balanced_accuracy,0.08464814814814792,,,,,deskriptif (tidak berpasangan),,,deskriptif
HCV,KNN,seed=7,V2,recall,0.1513333333333332,,,,,deskriptif (tidak berpasangan),,,deskriptif
HCV,KNN,seed=7,V2,f1,0.26118396958036316,,,,,deskriptif (tidak berpasangan),,,deskriptif
HCV,KNN,seed=7,V2,average_precision,0.2402295232090743,,,,,deskriptif (tidak berpasangan),,,deskriptif
HCV,KNN,seed=7,V2,roc_auc,0.06323628257887504,,,,,deskriptif (tidak berpasangan),,,deskriptif
HCV,KNN,seed=7,V2b,accuracy,0.02764227642276423,-0.00849783469013397,0.06378238753566243,1.5370521122793879,0.13071343866504967,corrected resampled t-test (berpasangan),1.0,0.9999999999999998,tidak berbeda
HCV,KNN,seed=7,V2b,balanced_accuracy,0.07946296296296296,0.031166018071604337,0.12775990785432156,3.306354113882575,0.0017741928092612782,corrected resampled t-test (berpasangan),0.06387094113340601,0.06387094113340601,tidak berbeda
HCV,KNN,seed=7,V2b,recall,0.148,0.05654010607170737,0.23945989392829262,3.251885847774841,0.002077735711372525,corrected resampled t-test (berpasangan),0.0747984856094109,0.0747984856094109,tidak berbeda
HCV,KNN,seed=7,V2b,f1,0.10796419904105514,0.010208944429685451,0.20571945365242483,2.2194426424125298,0.031117014873856468,corrected resampled t-test (berpasangan),1.0,0.9829631681132539,tidak berbeda
HCV,KNN,seed=7,V2b,average_precision,0.1521321036594867,0.05587497234096353,0.24838923497800988,3.176085799536168,0.002582625410634331,corrected resampled t-test (berpasangan),0.09297451478283592,0.09297451478283592,tidak berbeda
HCV,KNN,seed=7,V2b,roc_auc,0.06181481481481483,0.017806960114591305,0.10582266951503835,2.8227124867270024,0.006862730635240142,corrected resampled t-test (berpasangan),0.24019557223340496,0.12352915143432255,tidak berbeda
HCV,KNN,seed=7,V3,accuracy,0.004227642276422758,-0.022576776473908537,0.031032061026754057,0.31695390592544564,0.7526251019332147,corrected resampled t-test (berpasangan),1.0,0.9999999999999998,tidak berbeda
HCV,KNN,seed=7,V3,balanced_accuracy,0.000685185185185182,-0.03801909385209919,0.039389464222469556,0.035575683449900385,0.971765232942307,corrected resampled t-test (berpasangan),1.0,0.9950810015599162,tidak berbeda
HCV,KNN,seed=7,V3,recall,-0.004000000000000001,-0.0734857485652628,0.06548574856526279,-0.1156827278101071,0.9083767901654354,corrected resampled t-test (berpasangan),1.0,0.9999999999999998,tidak berbeda
HCV,KNN,seed=7,V3,f1,0.007916473081965397,-0.06797945629026808,0.08381240245419888,0.2096126680522386,0.8348390775623341,corrected resampled t-test (berpasangan),1.0,0.9829631681132539,tidak berbeda
HCV,KNN,seed=7,V3,average_precision,0.007579660724773213,-0.06330945840220309,0.07846877985174952,0.2148693433621521,0.8307609727274853,corrected resampled t-test (berpasangan),1.0,0.9037048352846989,tidak berbeda
HCV,KNN,seed=7,V3,roc_auc,-0.0006913580246913576,-0.03727974221047313,0.03589702616109042,-0.03797205029690889,0.969864251036751,corrected resampled t-test (berpasangan),1.0,0.9812665546717477,tidak berbeda
HCV,KNN,utama,V1,accuracy,2.220446049250313e-18,-0.0029706988340317763,0.0029706988340317806,1.5020551188074767e-15,0.9999999999999989,corrected resampled t-test (berpasangan),1.0,0.9999999999999988,tidak berbeda
HCV,KNN,utama,V1,balanced_accuracy,0.0,-0.0016916479471569704,0.0016916479471569704,0.0,1.0,corrected resampled t-test (berpasangan),1.0,1.0,tidak berbeda
HCV,KNN,utama,V1,recall,0.0,0.0,0.0,,,corrected resampled t-test (berpasangan),,,tidak berbeda
HCV,KNN,utama,V1,f1,0.00011316910161583093,-0.006198983298071298,0.0064253215013029595,0.036029203592714124,0.9714054529694702,corrected resampled t-test (berpasangan),1.0,0.9714054529694702,tidak berbeda
HCV,KNN,utama,V1,average_precision,0.0015480855423771268,-0.012887791698605386,0.01598396278335964,0.21550435175494279,0.8302686516390256,corrected resampled t-test (berpasangan),1.0,0.9648759115401204,tidak berbeda
HCV,KNN,utama,V1,roc_auc,0.0001851851851851838,-0.0018132200145409701,0.0021835903849113376,0.18622027304244354,0.8530408407029009,corrected resampled t-test (berpasangan),1.0,0.9995549423256764,tidak berbeda
HCV,KNN,utama,V2,accuracy,0.05285004516711822,,,,,deskriptif (tidak berpasangan),,,deskriptif
HCV,KNN,utama,V2,balanced_accuracy,0.10129629629629622,,,,,deskriptif (tidak berpasangan),,,deskriptif
HCV,KNN,utama,V2,recall,0.17481481481481487,,,,,deskriptif (tidak berpasangan),,,deskriptif
HCV,KNN,utama,V2,f1,0.2839846506608015,,,,,deskriptif (tidak berpasangan),,,deskriptif
HCV,KNN,utama,V2,average_precision,0.2443363839574333,,,,,deskriptif (tidak berpasangan),,,deskriptif
HCV,KNN,utama,V2,roc_auc,0.06595799039780537,,,,,deskriptif (tidak berpasangan),,,deskriptif
HCV,KNN,utama,V2b,accuracy,0.03691056910569107,0.0028138995321455237,0.07100723867923661,2.175419666888781,0.03445187138757707,corrected resampled t-test (berpasangan),1.0,0.9743161451399626,tidak berbeda
HCV,KNN,utama,V2b,balanced_accuracy,0.09622222222222222,0.0369656385888494,0.15547880585559504,3.2631951241345774,0.002010930050018173,corrected resampled t-test (berpasangan),0.07038255175063605,0.03619674090032711,tidak berbeda
HCV,KNN,utama,V2b,recall,0.17466666666666664,0.05964161188599364,0.2896917214473396,3.0515595779841576,0.0036703184577731077,corrected resampled t-test (berpasangan),0.12112050910651255,0.06239541378214283,tidak berbeda
HCV,KNN,utama,V2b,f1,0.13442207957952743,0.0343261878716109,0.23451797128744395,2.6987249674522995,0.009523020816871147,corrected resampled t-test (berpasangan),0.3428287494073613,0.3428287494073613,tidak berbeda
HCV,KNN,utama,V2b,average_precision,0.15561902273515468,0.044952843182633845,0.2662852022876755,2.825869071910655,0.006804997095737731,corrected resampled t-test (berpasangan),0.2381748983508206,0.12248994772327916,tidak berbeda
HCV,KNN,utama,V2b,roc_auc,0.06568518518518517,0.018390042608166728,0.1129803277622036,2.790969943816734,0.00746903593597489,corrected resampled t-test (berpasangan),0.26888529369509606,0.1340739170378235,tidak berbeda
HCV,KNN,utama,V3,accuracy,0.007317073170731716,-0.02134414132338374,0.035978287664847175,0.5130350996070618,0.6102321261748869,corrected resampled t-test (berpasangan),1.0,0.9743161451399626,tidak berbeda
HCV,KNN,utama,V3,balanced_accuracy,0.014500000000000013,-0.03070662776820298,0.059706627768203006,0.6445701070538368,0.5222121010727578,corrected resampled t-test (berpasangan),1.0,1.0,tidak berbeda
HCV,KNN,utama,V3,recall,0.024,-0.06010282924729244,0.10810282924729245,0.5734623443633282,0.5689544686260504,corrected resampled t-test (berpasangan),1.0,0.9461611727988325,tidak berbeda
HCV,KNN,utama,V3,f1,0.02290649117404827,-0.05703425009316392,0.10284723244126046,0.5758305044801137,0.5673651482806262,corrected resampled t-test (berpasangan),1.0,0.9557473895288231,tidak berbeda
HCV,KNN,utama,V3,average_precision,0.026040359391691102,-0.05537295941778229,0.1074536782011645,0.6427702751340448,0.5233696508320966,corrected resampled t-test (berpasangan),1.0,0.9648759115401204,tidak berbeda
HCV,KNN,utama,V3,roc_auc,0.0049999999999999845,-0.03939281129247586,0.04939281129247583,0.22634016364151802,0.8218784056461749,corrected resampled t-test (berpasangan),1.0,0.9995549423256764,tidak berbeda
HCV,NB,imputasi=KNN,V1,accuracy,-0.0003252032520325221,-0.0027263905321459093,0.0020759840280808652,-0.2721655269759087,0.7866383272810354,corrected resampled t-test (berpasangan),1.0,0.9770702541898557,tidak berbeda
HCV,NB,imputasi=KNN,V1,balanced_accuracy,-0.00018518518518517935,-0.007282046525053645,0.0069116761546832856,-0.05243776708047275,0.9583930802313538,corrected resampled t-test (berpasangan),1.0,0.9792755177649853,tidak berbeda
HCV,NB,imputasi=KNN,V1,recall,2.220446049250313e-18,-0.014064096926378342,0.014064096926378345,3.172726562857874e-16,0.9999999999999998,corrected resampled t-test (berpasangan),1.0,0.9999999999999998,tidak berbeda
HCV,NB,imputasi=KNN,V1,f1,-0.000988777948455366,-0.011079253124429669,0.009101697227518937,-0.1969207240463867,0.8447041105293213,corrected resampled t-test (berpasangan),1.0,0.9816767222466434,tidak berbeda
HCV,NB,imputasi=KNN,V1,average_precision,6.55570659466953e-05,-0.0020552278400436533,0.0021863419719370435,0.06211938598777178,0.9507204592186971,corrected resampled t-test (berpasangan),1.0,0.9667708397699344,tidak berbeda
HCV,NB,imputasi=KNN,V1,roc_auc,-0.0004938271604938382,-0.003672978666362476,0.0026853243453747993,-0.3121533623089778,0.7562484718989875,corrected resampled t-test (berpasangan),1.0,0.9353435842342349,tidak berbeda
HCV,NB,imputasi=KNN,V2,accuracy,-0.09640243902439005,,,,,deskriptif (tidak berpasangan),,,deskriptif
HCV,NB,imputasi=KNN,V2,balanced_accuracy,0.011481481481481426,,,,,deskriptif (tidak berpasangan),,,deskriptif
HCV,NB,imputasi=KNN,V2,recall,0.020740740740740726,,,,,deskriptif (tidak berpasangan),,,deskriptif
HCV,NB,imputasi=KNN,V2,f1,0.1178027026808427,,,,,deskriptif (tidak berpasangan),,,deskriptif
HCV,NB,imputasi=KNN,V2,average_precision,0.22505181995933066,,,,,deskriptif (tidak berpasangan),,,deskriptif
HCV,NB,imputasi=KNN,V2,roc_auc,0.028066015089163177,,,,,deskriptif (tidak berpasangan),,,deskriptif
HCV,NB,imputasi=KNN,V2b,accuracy,0.006829268292682913,-0.007142493964201247,0.020801030549567074,0.9822618062296283,0.3307961772025897,corrected resampled t-test (berpasangan),1.0,0.9770702541898557,tidak berbeda
HCV,NB,imputasi=KNN,V2b,balanced_accuracy,0.025703703703703715,-0.014437720272790715,0.06584512768019815,1.286788590954278,0.20421409470424007,corrected resampled t-test (berpasangan),1.0,0.9201535756818399,tidak berbeda
HCV,NB,imputasi=KNN,V2b,recall,0.05066666666666667,-0.028343021558955732,0.12967635489228907,1.2886834619154222,0.2035595361186059,corrected resampled t-test (berpasangan),1.0,0.9160179125337264,tidak berbeda
HCV,NB,imputasi=KNN,V2b,f1,0.03744553412818807,-0.025077359763980393,0.09996842802035652,1.203553024209151,0.23454485973714828,corrected resampled t-test (berpasangan),1.0,0.9816767222466434,tidak berbeda
HCV,NB,imputasi=KNN,V2b,average_precision,0.031605052239385145,-0.008329094020294844,0.07153919849906513,1.5904366616980246,0.11816834554087481,corrected resampled t-test (berpasangan),1.0,0.8508120878942986,tidak berbeda
HCV,NB,imputasi=KNN,V2b,roc_auc,0.030185185185185183,0.006350707602216291,0.05401966276815408,2.5450274874060317,0.01412626706039599,corrected resampled t-test (berpasangan),0.49441934711385965,0.24858518563237877,tidak berbeda
HCV,NB,imputasi=KNN,V3,accuracy,0.00260162601626017,-0.006382794107403665,0.011586046139924004,0.5819143739626481,0.56329221748721,corrected resampled t-test (berpasangan),1.0,0.9770702541898557,tidak berbeda
HCV,NB,imputasi=KNN,V3,balanced_accuracy,0.01525925925925926,-0.009970874507638543,0.04048939302615706,1.215397024342767,0.23003839392045997,corrected resampled t-test (berpasangan),1.0,0.9201535756818399,tidak berbeda
HCV,NB,imputasi=KNN,V3,recall,0.032,-0.017204243573292227,0.08120424357329223,1.3069280784261426,0.19733754751872853,corrected resampled t-test (berpasangan),1.0,0.9160179125337264,tidak berbeda
HCV,NB,imputasi=KNN,V3,f1,0.01794154216703782,-0.02291067113719461,0.05879375547127025,0.8825685536036219,0.38177879654009506,corrected resampled t-test (berpasangan),1.0,0.9816767222466434,tidak berbeda
HCV,NB,imputasi=KNN,V3,average_precision,0.008962621267170803,-0.0102037758705225,0.028129018404864106,0.9397207834743002,0.35197035483590444,corrected resampled t-test (berpasangan),1.0,0.8674136569094228,tidak berbeda
HCV,NB,imputasi=KNN,V3,roc_auc,0.0006728395061728309,-0.012006320682738263,0.013351999695083924,0.10664125921947142,0.9155090016744309,corrected resampled t-test (berpasangan),1.0,0.9353435842342349,tidak berbeda
HCV,NB,seed=2024,V1,accuracy,0.0,0.0,0.0,,,corrected resampled t-test (berpasangan),,,tidak berbeda
HCV,NB,seed=2024,V1,balanced_accuracy,0.0,0.0,0.0,,,corrected resampled t-test (berpasangan),,,tidak berbeda
HCV,NB,seed=2024,V1,recall,0.0,0.0,0.0,,,corrected resampled t-test (berpasangan),,,tidak berbeda
HCV,NB,seed=2024,V1,f1,0.0,0.0,0.0,,,corrected resampled t-test (berpasangan),,,tidak berbeda
HCV,NB,seed=2024,V1,average_precision,-7.027455055867993e-05,-0.0005972789246762822,0.0004567298235589223,-0.26797120356740906,0.7898463451691354,corrected resampled t-test (berpasangan),1.0,0.9590559947529717,tidak berbeda
HCV,NB,seed=2024,V1,roc_auc,-7.407407407407529e-05,-0.0005370534362430329,0.0003889052880948823,-0.32152064852224993,0.7491834065397384,corrected resampled t-test (berpasangan),1.0,0.9290455377808227,tidak berbeda
HCV,NB,seed=2024,V2,accuracy,-0.09571815718157184,,,,,deskriptif (tidak berpasangan),,,deskriptif
HCV,NB,seed=2024,V2,balanced_accuracy,0.00653703703703723,,,,,deskriptif (tidak berpasangan),,,deskriptif
HCV,NB,seed=2024,V2,recall,0.011592592592592488,,,,,deskriptif (tidak berpasangan),,,deskriptif
HCV,NB,seed=2024,V2,f1,0.11040942033969614,,,,,deskriptif (tidak berpasangan),,,deskriptif
HCV,NB,seed=2024,V2,average_precision,0.21481753878814158,,,,,deskriptif (tidak berpasangan),,,deskriptif
HCV,NB,seed=2024,V2,roc_auc,0.02976406035665302,,,,,deskriptif (tidak berpasangan),,,deskriptif
HCV,NB,seed=2024,V2b,accuracy,0.003252032520325194,-0.007595425899364797,0.014099490940015186,0.6024640760767077,0.5496433451745053,corrected resampled t-test (berpasangan),1.0,0.9999999999999994,tidak berbeda
HCV,NB,seed=2024,V2b,balanced_accuracy,0.01620370370370371,-0.01589380234130926,0.048301209748716684,1.0144888398587382,0.315332870188858,corrected resampled t-test (berpasangan),1.0,0.7883321754721451,tidak berbeda
HCV,NB,seed=2024,V2b,recall,0.03333333333333334,-0.031498950098877335,0.09816561676554401,1.0332173664634445,0.3065749147171938,corrected resampled t-test (berpasangan),1.0,0.9051404198383778,tidak berbeda
HCV,NB,seed=2024,V2b,f1,0.021274853647277246,-0.02437251496529595,0.06692222225985044,0.9366020497219787,0.35355675092349503,corrected resampled t-test (berpasangan),1.0,0.9518835601786405,tidak berbeda
HCV,NB,seed=2024,V2b,average_precision,0.021765385462756272,-0.009119483540314013,0.05265025446582656,1.416200910248909,0.16304252608952566,corrected resampled t-test (berpasangan),1.0,0.8997349423134563,tidak berbeda
HCV,NB,seed=2024,V2b,roc_auc,0.028253086419753073,0.005851188596797025,0.05065498424270912,2.5344595005177637,0.01450736006364349,corrected resampled t-test (berpasangan),0.5077576022275222,0.26022952137892297,tidak berbeda
HCV,NB,seed=2024,V3,accuracy,-2.220446049250313e-18,-0.006642684533574415,0.00664268453357441,-6.717394703210091e-16,0.9999999999999994,corrected resampled t-test (berpasangan),1.0,0.9999999999999994,tidak berbeda
HCV,NB,seed=2024,V3,balanced_accuracy,0.007462962962962965,-0.010513569900846483,0.025439495826772414,0.8342757560593612,0.40817452868674964,corrected resampled t-test (berpasangan),1.0,0.8210404718862765,tidak berbeda
HCV,NB,seed=2024,V3,recall,0.017333333333333333,-0.01936830123836638,0.054034967905033045,0.9490759145826183,0.34723963016128356,corrected resampled t-test (berpasangan),1.0,0.9051404198383778,tidak berbeda
HCV,NB,seed=2024,V3,f1,0.006399776792955483,-0.02122211828621797,0.034021671872128935,0.46560284558748505,0.6435627320921213,corrected resampled t-test (berpasangan),1.0,0.980218239695997,tidak berbeda
HCV,NB,seed=2024,V3,average_precision,0.0018699936401727667,-0.017004497953441715,0.020744485233787247,0.19909902681642921,0.843009154569815,corrected resampled t-test (berpasangan),1.0,0.9590559947529717,tidak berbeda
HCV,NB,seed=2024,V3,roc_auc,0.0023456790123456608,-0.01034071986599953,0.015032077890690852,0.37156473609836677,0.7118188625842881,corrected resampled t-test (berpasangan),1.0,0.9290455377808227,tidak berbeda
HCV,NB,seed=7,V1,accuracy,0.0003252032520325199,-0.0013552777802929487,0.0020056842843579883,0.3888888888888889,0.6990431618714356,corrected resampled t-test (berpasangan),1.0,0.9999999999999998,tidak berbeda
HCV,NB,seed=7,V1,balanced_accuracy,0.0007592592592592595,-0.004196585976291252,0.005715104494809772,0.3078765642274017,0.7594811908449945,corrected resampled t-test (berpasangan),1.0,0.9950810015599162,tidak berbeda
HCV,NB,seed=7,V1,recall,0.001333333333333333,-0.008511534515131498,0.011178201181798166,0.2721655269759087,0.7866383272810354,corrected resampled t-test (berpasangan),1.0,0.9999999999999998,tidak berbeda
HCV,NB,seed=7,V1,f1,0.00154516923565867,-0.007533837971402757,0.010624176442720097,0.3420124864158261,0.7338040953548364,corrected resampled t-test (berpasangan),1.0,0.9829631681132539,tidak berbeda
HCV,NB,seed=7,V1,average_precision,3.8469614174638787e-05,-0.00036009908072701807,0.00043703830907629564,0.1939630104285638,0.8470067180999308,corrected resampled t-test (berpasangan),1.0,0.9037048352846989,tidak berbeda
HCV,NB,seed=7,V1,roc_auc,4.938271604938205e-05,-0.0004350752933550657,0.0005338407254538298,0.2048439312762033,0.8385426100591635,corrected resampled t-test (berpasangan),1.0,0.9812665546717477,tidak berbeda
HCV,NB,seed=7,V2,accuracy,-0.09198283649503147,,,,,deskriptif (tidak berpasangan),,,deskriptif
HCV,NB,seed=7,V2,balanced_accuracy,0.009796296296296414,,,,,deskriptif (tidak berpasangan),,,deskriptif
HCV,NB,seed=7,V2,recall,0.016444444444444373,,,,,deskriptif (tidak berpasangan),,,deskriptif
HCV,NB,seed=7,V2,f1,0.119582645901528,,,,,deskriptif (tidak berpasangan),,,deskriptif
HCV,NB,seed=7,V2,average_precision,0.21942129671454835,,,,,deskriptif (tidak berpasangan),,,deskriptif
HCV,NB,seed=7,V2,roc_auc,0.023535836762688556,,,,,deskriptif (tidak berpasangan),,,deskriptif
HCV,NB,seed=7,V2b,accuracy,0.007154471544715438,-0.0033681222548691487,0.017677065344300025,1.3663407621688766,0.1780697952624928,corrected resampled t-test (berpasangan),1.0,0.9999999999999998,tidak berbeda
HCV,NB,seed=7,V2b,balanced_accuracy,0.01842592592592594,-0.015830258270708938,0.05268211012256081,1.0809226211748024,0.28502296650178266,corrected resampled t-test (berpasangan),1.0,0.932802435824016,tidak berbeda
HCV,NB,seed=7,V2b,recall,0.03333333333333334,-0.03592431203595563,0.1025909787026223,0.9671977843379578,0.3381949325606244,corrected resampled t-test (berpasangan),1.0,0.9999999999999998,tidak berbeda
HCV,NB,seed=7,V2b,f1,0.031036075629460428,-0.019881741479684693,0.08195389273860555,1.2249018615037186,0.22646810506275922,corrected resampled t-test (berpasangan),1.0,0.9829631681132539,tidak berbeda
HCV,NB,seed=7,V2b,average_precision,0.02579230203884041,-0.008912116654508171,0.060496720732188994,1.4935150441708223,0.14171424758870144,corrected resampled t-test (berpasangan),1.0,0.708052374539456,tidak berbeda
HCV,NB,seed=7,V2b,roc_auc,0.025098765432098748,-6.77107601340203e-05,0.05026524162433152,2.0041684438986467,0.05059570571048793,corrected resampled t-test (berpasangan),1.0,0.3541688393423874,tidak berbeda
HCV,NB,seed=7,V3,accuracy,0.0026016260162601656,-0.005152599798048291,0.010355851830568624,0.6742340675753857,0.5033311074317615,corrected resampled t-test (berpasangan),1.0,0.9999999999999998,tidak berbeda
HCV,NB,seed=7,V3,balanced_accuracy,0.012962962962962971,-0.013195114925674229,0.039121040851600175,0.9958701647297684,0.32420586832185727,corrected resampled t-test (berpasangan),1.0,0.9726176049655718,tidak berbeda
HCV,NB,seed=7,V3,recall,0.02666666666666667,-0.02595636548622152,0.07928969881955486,1.018350154434631,0.31351348580372745,corrected resampled t-test (berpasangan),1.0,0.9999999999999998,tidak berbeda
HCV,NB,seed=7,V3,f1,0.01729444923220033,-0.02192378339856552,0.05651268186296618,0.8861821285617177,0.3798480341766838,corrected resampled t-test (berpasangan),1.0,0.9829631681132539,tidak berbeda
HCV,NB,seed=7,V3,average_precision,0.007473317017848029,-0.013737169284577286,0.028683803320273343,0.7080550905066656,0.4822657233264752,corrected resampled t-test (berpasangan),1.0,0.9037048352846989,tidak berbeda
HCV,NB,seed=7,V3,roc_auc,0.00022222222222221922,-0.015535722308882742,0.015980166753327182,0.02833950033581031,0.9775064863498498,corrected resampled t-test (berpasangan),1.0,0.9812665546717477,tidak berbeda
HCV,NB,utama,V1,accuracy,0.00016260162601626106,-0.0010379920140404326,0.0013631952660729547,0.2721655269759087,0.7866383272810354,corrected resampled t-test (berpasangan),1.0,0.9743161451399626,tidak berbeda
HCV,NB,utama,V1,balanced_accuracy,0.0006666666666666687,-0.004255767257565763,0.0055891005908991,0.27216552697590873,0.7866383272810354,corrected resampled t-test (berpasangan),1.0,1.0,tidak berbeda
HCV,NB,utama,V1,recall,0.0013333333333333352,-0.008511534515131512,0.011178201181798183,0.27216552697590873,0.7866383272810354,corrected resampled t-test (berpasangan),1.0,0.9461611727988325,tidak berbeda
HCV,NB,utama,V1,f1,0.0008172043010752694,-0.005216746960887053,0.006851155563037591,0.2721655269759087,0.7866383272810354,corrected resampled t-test (berpasangan),1.0,0.9557473895288231,tidak berbeda
HCV,NB,utama,V1,average_precision,-0.00020475447690832427,-0.001533412178513307,0.0011239032246966583,-0.3096881352124907,0.7581113393641349,corrected resampled t-test (berpasangan),1.0,0.9648759115401204,tidak berbeda
HCV,NB,utama,V1,roc_auc,-0.000530864197530867,-0.0032964120722140944,0.0022346836771523606,-0.38575052487826234,0.7013511728949005,corrected resampled t-test (berpasangan),1.0,0.9995549423256764,tidak berbeda
HCV,NB,utama,V2,accuracy,-0.09825429087624193,,,,,deskriptif (tidak berpasangan),,,deskriptif
HCV,NB,utama,V2,balanced_accuracy,0.010203703703703715,,,,,deskriptif (tidak berpasangan),,,deskriptif
HCV,NB,utama,V2,recall,0.018185185185185082,,,,,deskriptif (tidak berpasangan),,,deskriptif
HCV,NB,utama,V2,f1,0.11582720088569076,,,,,deskriptif (tidak berpasangan),,,deskriptif
HCV,NB,utama,V2,average_precision,0.22234765223429842,,,,,deskriptif (tidak berpasangan),,,deskriptif
HCV,NB,utama,V2,roc_auc,0.026156550068587192,,,,,deskriptif (tidak berpasangan),,,deskriptif
HCV,NB,utama,V2b,accuracy,0.007317073170731701,-0.005885001225351871,0.020519147566815273,1.1137801978460216,0.270807216008143,corrected resampled t-test (berpasangan),1.0,0.9743161451399626,tidak berbeda
HCV,NB,utama,V2b,balanced_accuracy,0.027129629629629635,-0.013048700727683722,0.067307959986943,1.3569262669633229,0.18102295628038576,corrected resampled t-test (berpasangan),1.0,0.9162788504026079,tidak berbeda
HCV,NB,utama,V2b,recall,0.05333333333333333,-0.026225213129922667,0.13289187979658934,1.3471506281091268,0.18412891603790327,corrected resampled t-test (berpasangan),1.0,0.7928427767023715,tidak berbeda
HCV,NB,utama,V2b,f1,0.03961883221229193,-0.02225081498504034,0.10148847940962419,1.2868511077696616,0.20419247393022844,corrected resampled t-test (berpasangan),1.0,0.9557473895288231,tidak berbeda
HCV,NB,utama,V2b,average_precision,0.03145452422183233,-0.0052237825009001995,0.06813283094456485,1.7233683486718507,0.09112754820570754,corrected resampled t-test (berpasangan),1.0,0.6561183470810943,tidak berbeda
HCV,NB,utama,V2b,roc_auc,0.03037654320987656,0.00785668727427961,0.052896399145473505,2.71067226711107,0.009230449941572556,corrected resampled t-test (berpasangan),0.32306574795503945,0.1340739170378235,tidak berbeda
HCV,NB,utama,V3,accuracy,0.002764227642276431,-0.006568685028591663,0.012097140313144525,0.5951971917350561,0.5544506721476131,corrected resampled t-test (berpasangan),1.0,0.9743161451399626,tidak berbeda
HCV,NB,utama,V3,balanced_accuracy,0.015925925925925923,-0.009490111036760708,0.041341962888612555,1.2592185939151743,0.21391703214892135,corrected resampled t-test (berpasangan),1.0,0.9162788504026079,tidak berbeda
HCV,NB,utama,V3,recall,0.03333333333333333,-0.01589100590899084,0.0825576725756575,1.3608276348795434,0.17979464896571834,corrected resampled t-test (berpasangan),1.0,0.7928427767023715,tidak berbeda
HCV,NB,utama,V3,f1,0.01912842201771077,-0.02286325469031608,0.06112009872573762,0.9154195825264992,0.3644545933959674,corrected resampled t-test (berpasangan),1.0,0.9557473895288231,tidak berbeda
HCV,NB,utama,V3,average_precision,0.0053558793946591994,-0.018871274604531828,0.029583033393850225,0.44425534219898766,0.6588139134737636,corrected resampled t-test (berpasangan),1.0,0.9648759115401204,tidak berbeda
HCV,NB,utama,V3,roc_auc,-0.0017716049382716025,-0.019930822095168534,0.01638761221862533,-0.19605324274109637,0.8453793120054227,corrected resampled t-test (berpasangan),1.0,0.9995549423256764,tidak berbeda
HCV,RF,imputasi=KNN,V1,accuracy,-0.00016260162601625883,-0.011473385454644838,0.011148182202612322,-0.028889262289930027,0.9770702541898557,corrected resampled t-test (berpasangan),1.0,0.9770702541898557,tidak berbeda
HCV,RF,imputasi=KNN,V1,balanced_accuracy,-0.002962962962962965,-0.01656083842345342,0.010634912497527488,-0.43788435983104523,0.6633943731177447,corrected resampled t-test (berpasangan),1.0,0.9748281474863134,tidak berbeda
HCV,RF,imputasi=KNN,V1,recall,-0.006666666666666667,-0.03566054524485795,0.022327211911524616,-0.46206885338911463,0.6460770656978332,corrected resampled t-test (berpasangan),1.0,0.9806440096217867,tidak berbeda
HCV,RF,imputasi=KNN,V1,f1,-0.0006329344404562143,-0.03621063688616838,0.03494476800525595,-0.0357507452466028,0.9716263547697206,corrected resampled t-test (berpasangan),1.0,0.9816767222466434,tidak berbeda
HCV,RF,imputasi=KNN,V1,average_precision,-0.002634849072931431,-0.014072296923004879,0.008802598777142016,-0.46294658677248984,0.6454521930463071,corrected resampled t-test (berpasangan),1.0,0.9475779540892387,tidak berbeda
HCV,RF,imputasi=KNN,V1,roc_auc,-0.0008518518518518614,-0.004577780860349843,0.0028740771566461197,-0.45944525003855796,0.6479463854048069,corrected resampled t-test (berpasangan),1.0,0.9353435842342349,tidak berbeda
HCV,RF,imputasi=KNN,V2,accuracy,0.02247289972899713,,,,,deskriptif (tidak berpasangan),,,deskriptif
HCV,RF,imputasi=KNN,V2,balanced_accuracy,0.06487037037037036,,,,,deskriptif (tidak berpasangan),,,deskriptif
HCV,RF,imputasi=KNN,V2,recall,0.1265925925925926,,,,,deskriptif (tidak berpasangan),,,deskriptif
HCV,RF,imputasi=KNN,V2,f1,0.15495107298679267,,,,,deskriptif (tidak berpasangan),,,deskriptif
HCV,RF,imputasi=KNN,V2,average_precision,0.08693132837656559,,,,,deskriptif (tidak berpasangan),,,deskriptif
HCV,RF,imputasi=KNN,V2,roc_auc,0.02240380658436214,,,,,deskriptif (tidak berpasangan),,,deskriptif
HCV,RF,imputasi=KNN,V2b,accuracy,0.011707317073170725,-0.004120310576648974,0.027534944722990423,1.486434668105462,0.14357072297447823,corrected resampled t-test (berpasangan),1.0,0.9770702541898557,tidak berbeda
HCV,RF,imputasi=KNN,V2b,balanced_accuracy,0.05833333333333332,0.018944445143342287,0.09772222152332435,2.9760987780725974,0.004524840074964363,corrected resampled t-test (berpasangan),0.1583694026237527,0.08144712134935854,tidak berbeda
HCV,RF,imputasi=KNN,V2b,recall,0.12,0.03561541844172998,0.20438458155827,2.8577380332470406,0.006246800122700772,corrected resampled t-test (berpasangan),0.218638004294527,0.11244240220861389,tidak berbeda
HCV,RF,imputasi=KNN,V2b,f1,0.05629236185661195,-0.0017388175396511607,0.11432354125287505,1.9493613167068755,0.05698801732139075,corrected resampled t-test (berpasangan),1.0,0.9816767222466434,tidak berbeda
HCV,RF,imputasi=KNN,V2b,average_precision,0.0677641048635077,0.023268137572449804,0.1122600721545656,3.0604361521184766,0.0035803928529883644,corrected resampled t-test (berpasangan),0.12889414270758112,0.12889414270758112,tidak berbeda
HCV,RF,imputasi=KNN,V2b,roc_auc,0.021401234567901228,0.0034099774121165646,0.03939249172368589,2.3904605777546046,0.020715432136031567,corrected resampled t-test (berpasangan),0.7043246926250732,0.24858518563237877,tidak berbeda
HCV,RF,imputasi=KNN,V3,accuracy,0.007804878048780477,-0.00925703961040774,0.024866795707968695,0.9192688622894194,0.3624583025295819,corrected resampled t-test (berpasangan),1.0,0.9770702541898557,tidak berbeda
HCV,RF,imputasi=KNN,V3,balanced_accuracy,0.01592592592592594,-0.01808250934535633,0.04993436119720821,0.9410708276271627,0.3512850753954383,corrected resampled t-test (berpasangan),1.0,0.9748281474863134,tidak berbeda
HCV,RF,imputasi=KNN,V3,recall,0.026666666666666675,-0.04223305565867763,0.09556638899201098,0.777777777777778,0.4404393739434973,corrected resampled t-test (berpasangan),1.0,0.9806440096217867,tidak berbeda
HCV,RF,imputasi=KNN,V3,f1,0.030410081396449982,-0.027106132005660706,0.08792629479856068,1.0625064279851266,0.2932144617354301,corrected resampled t-test (berpasangan),1.0,0.9816767222466434,tidak berbeda
HCV,RF,imputasi=KNN,V3,average_precision,0.02202839216794211,-0.01147109925526239,0.055527883591146604,1.3214442809615032,0.1924904181563533,corrected resampled t-test (berpasangan),1.0,0.8674136569094228,tidak berbeda
HCV,RF,imputasi=KNN,V3,roc_auc,0.005438271604938274,-0.009021170518026114,0.019897713727902663,0.7558117279195082,0.45338031485775565,corrected resampled t-test (berpasangan),1.0,0.9353435842342349,tidak berbeda
HCV,RF,seed=2024,V1,accuracy,4.440892098500626e-18,-0.007276696322858772,0.0072766963228587805,1.226422868871296e-15,0.999999999999999,corrected resampled t-test (berpasangan),1.0,0.9999999999999994,tidak berbeda
HCV,RF,seed=2024,V1,balanced_accuracy,0.0011481481481481449,-0.014919907343728507,0.017216203640024796,0.14359485410102238,0.8864093242490769,corrected resampled t-test (berpasangan),1.0,0.9401311014762938,tidak berbeda
HCV,RF,seed=2024,V1,recall,0.0026666666666666683,-0.028655564398163965,0.033988897731497304,0.1710883008582455,0.8648588947509369,corrected resampled t-test (berpasangan),1.0,0.976453590847832,tidak berbeda
HCV,RF,seed=2024,V1,f1,0.00018348155899683638,-0.027196077940730357,0.027563041058724033,0.013466980611911851,0.9893099123284912,corrected resampled t-test (berpasangan),1.0,0.9893099123284912,tidak berbeda
HCV,RF,seed=2024,V1,average_precision,-0.0008602735443864274,-0.009112414211132902,0.007391867122360048,-0.2094952666829437,0.834930209747882,corrected resampled t-test (berpasangan),1.0,0.9590559947529717,tidak berbeda
HCV,RF,seed=2024,V1,roc_auc,-0.0006913580246913531,-0.003898761657734495,0.002516045608351789,-0.4331653023872579,0.6667955640860307,corrected resampled t-test (berpasangan),1.0,0.9290455377808227,tidak berbeda
HCV,RF,seed=2024,V2,accuracy,0.023116531165311538,,,,,deskriptif (tidak berpasangan),,,deskriptif
HCV,RF,seed=2024,V2,balanced_accuracy,0.07927777777777767,,,,,deskriptif (tidak berpasangan),,,deskriptif
HCV,RF,seed=2024,V2,recall,0.15818518518518498,,,,,deskriptif (tidak berpasangan),,,deskriptif
HCV,RF,seed=2024,V2,f1,0.1589852460885659,,,,,deskriptif (tidak berpasangan),,,deskriptif
HCV,RF,seed=2024,V2,average_precision,0.08954001023775238,,,,,deskriptif (tidak berpasangan),,,deskriptif
HCV,RF,seed=2024,V2,roc_auc,0.02272942386831278,,,,,deskriptif (tidak berpasangan),,,deskriptif
HCV,RF,seed=2024,V2b,accuracy,0.014471544715447149,-0.0032109770747275855,0.03215406650562189,1.6446555649729186,0.10644215374749237,corrected resampled t-test (berpasangan),1.0,0.9999999999999994,tidak berbeda
HCV,RF,seed=2024,V2b,balanced_accuracy,0.07196296296296296,0.017575305476706916,0.12635062044921902,2.658967031396402,0.010559073568557053,corrected resampled t-test (berpasangan),0.3590085013309398,0.1847837874497484,tidak berbeda
HCV,RF,seed=2024,V2b,recall,0.14800000000000002,0.039706453666886826,0.2562935463331132,2.74639759039326,0.00840421379296183,corrected resampled t-test (berpasangan),0.28574326896070223,0.14707374137683205,tidak berbeda
HCV,RF,seed=2024,V2b,f1,0.0713545982446689,-0.004042877862714067,0.14675207435205187,1.9018200727991308,0.06308208601548003,corrected resampled t-test (berpasangan),1.0,0.895048952706137,tidak berbeda
HCV,RF,seed=2024,V2b,average_precision,0.06667627238729824,0.01941832302025711,0.11393422175433937,2.8353110431621875,0.006634978903274789,corrected resampled t-test (berpasangan),0.23222426161461762,0.1194296202589462,tidak berbeda
HCV,RF,seed=2024,V2b,roc_auc,0.020425925925925917,0.0031179199434420296,0.037733931908409804,2.371586589685303,0.02168579344824358,corrected resampled t-test (berpasangan),0.7373169772402817,0.26022952137892297,tidak berbeda
HCV,RF,seed=2024,V3,accuracy,0.009430894308943094,-0.007665471028478426,0.026527259646364612,1.10854507775719,0.27303802142552064,corrected resampled t-test (berpasangan),1.0,0.9999999999999994,tidak berbeda
HCV,RF,seed=2024,V3,balanced_accuracy,0.028907407407407416,-0.016429300415401568,0.0742441152302164,1.2813371947133279,0.2061060104211646,corrected resampled t-test (berpasangan),1.0,0.7883321754721451,tidak berbeda
HCV,RF,seed=2024,V3,recall,0.05466666666666667,-0.03393714396951686,0.1432704773028502,1.239865178445806,0.22093030152584445,corrected resampled t-test (berpasangan),1.0,0.8591733948227284,tidak berbeda
HCV,RF,seed=2024,V3,f1,0.04131721119691086,-0.02777385476567413,0.11040827715949586,1.2017479137524918,0.23523730048037125,corrected resampled t-test (berpasangan),1.0,0.895048952706137,tidak berbeda
HCV,RF,seed=2024,V3,average_precision,0.025579293956932016,-0.015552035172193043,0.06671062308605707,1.2497411763718393,0.2173304934862622,corrected resampled t-test (berpasangan),1.0,0.8997349423134563,tidak berbeda
HCV,RF,seed=2024,V3,roc_auc,0.008283950617283953,-0.007517024585606833,0.02408492582017474,1.0535566185294576,0.2972535860322252,corrected resampled t-test (berpasangan),1.0,0.822168123963908,tidak berbeda
HCV,RF,seed=7,V1,accuracy,0.0001626016260162677,-0.005651170599006246,0.005976373851038781,0.056204506830107616,0.955407450347556,corrected resampled t-test (berpasangan),1.0,0.9999999999999998,tidak berbeda
HCV,RF,seed=7,V1,balanced_accuracy,9.259259259258856e-05,-0.019582225743572088,0.019767410928757265,0.009457357002844224,0.9924926337372009,corrected resampled t-test (berpasangan),1.0,0.9950810015599162,tidak berbeda
HCV,RF,seed=7,V1,recall,2.220446049250313e-18,-0.03977927323162802,0.03977927323162802,1.1217282337237452e-16,0.9999999999999999,corrected resampled t-test (berpasangan),1.0,0.9999999999999998,tidak berbeda
HCV,RF,seed=7,V1,f1,0.0006199361664747993,-0.024673872052313316,0.025913744385262918,0.04925349146067122,0.9609175028590091,corrected resampled t-test (berpasangan),1.0,0.9829631681132539,tidak berbeda
HCV,RF,seed=7,V1,average_precision,0.0007711348536543006,-0.00940372311709554,0.01094599282440414,0.15230222464136672,0.8795739691461801,corrected resampled t-test (berpasangan),1.0,0.9037048352846989,tidak berbeda
HCV,RF,seed=7,V1,roc_auc,-4.938271604937539e-05,-0.004254178158784658,0.004155412726685907,-0.02360121545415336,0.9812665546717476,corrected resampled t-test (berpasangan),1.0,0.9812665546717477,tidak berbeda
HCV,RF,seed=7,V2,accuracy,0.019293134598012518,,,,,deskriptif (tidak berpasangan),,,deskriptif
HCV,RF,seed=7,V2,balanced_accuracy,0.06446296296296272,,,,,deskriptif (tidak berpasangan),,,deskriptif
HCV,RF,seed=7,V2,recall,0.12855555555555553,,,,,deskriptif (tidak berpasangan),,,deskriptif
HCV,RF,seed=7,V2,f1,0.14722073449494277,,,,,deskriptif (tidak berpasangan),,,deskriptif
HCV,RF,seed=7,V2,average_precision,0.09034333159993768,,,,,deskriptif (tidak berpasangan),,,deskriptif
HCV,RF,seed=7,V2,roc_auc,0.022462620027434932,,,,,deskriptif (tidak berpasangan),,,deskriptif
HCV,RF,seed=7,V2b,accuracy,0.013333333333333334,-0.007795555461613533,0.0344622221282802,1.2681375116264604,0.21074128742206907,corrected resampled t-test (berpasangan),1.0,0.9999999999999998,tidak berbeda
HCV,RF,seed=7,V2b,balanced_accuracy,0.05696296296296297,0.010969530498780203,0.10295639542714574,2.4888631598139717,0.016260991616884393,corrected resampled t-test (berpasangan),0.5691347065909538,0.29269784910391905,tidak berbeda
HCV,RF,seed=7,V2b,recall,0.11466666666666665,0.025673044158776998,0.2036602891745563,2.589301200030754,0.012626736675935016,corrected resampled t-test (berpasangan),0.44193578365772557,0.22728126016683028,tidak berbeda
HCV,RF,seed=7,V2b,f1,0.060158139474356824,-0.014963274263131425,0.13527955321184507,1.6092922274209756,0.11397708668403451,corrected resampled t-test (berpasangan),1.0,0.9829631681132539,tidak berbeda
HCV,RF,seed=7,V2b,average_precision,0.06970646027525389,0.016975620846989614,0.12243729970351816,2.656517092689625,0.010626179209130789,corrected resampled t-test (berpasangan),0.3719162723195776,0.19127122576435418,tidak berbeda
HCV,RF,seed=7,V2b,roc_auc,0.021024691358024684,0.0003952529109366616,0.04165412980511271,2.0480780014557136,0.04593057842077731,corrected resampled t-test (berpasangan),1.0,0.3541688393423874,tidak berbeda
HCV,RF,seed=7,V3,accuracy,0.007154471544715452,-0.01120947784103338,0.025518420930464285,0.7829170365322073,0.4374434719932546,corrected resampled t-test (berpasangan),1.0,0.9999999999999998,tidak berbeda
HCV,RF,seed=7,V3,balanced_accuracy,0.008092592592592594,-0.03300519730856272,0.04919038249374791,0.39570676905007324,0.694039060859362,corrected resampled t-test (berpasangan),1.0,0.9950810015599162,tidak berbeda
HCV,RF,seed=7,V3,recall,0.009333333333333334,-0.06898487324224555,0.08765153990891221,0.23948499770355794,0.8117284787853712,corrected resampled t-test (berpasangan),1.0,0.9999999999999998,tidak berbeda
HCV,RF,seed=7,V3,f1,0.02395390073639108,-0.04319798036876626,0.09110578184154841,0.7168401673496433,0.47687585035853897,corrected resampled t-test (berpasangan),1.0,0.9829631681132539,tidak berbeda
HCV,RF,seed=7,V3,average_precision,0.020310454973277742,-0.01690238855204812,0.0575232984986036,1.0968091510590825,0.27808595785591445,corrected resampled t-test (berpasangan),1.0,0.9037048352846989,tidak berbeda
HCV,RF,seed=7,V3,roc_auc,0.006851851851851847,-0.009507872967875546,0.02321157667157924,0.8416591320207755,0.4040678271585203,corrected resampled t-test (berpasangan),1.0,0.9812665546717477,tidak berbeda
HCV,RF,utama,V1,accuracy,-0.0006504065040650398,-0.009861169901001107,0.008560356892871025,-0.14190363454071486,0.8877379728010564,corrected resampled t-test (berpasangan),1.0,0.9743161451399626,tidak berbeda
HCV,RF,utama,V1,balanced_accuracy,0.0013518518518518552,-0.011104023582686317,0.013807727286390029,0.21810173170542696,0.8282556237499628,corrected resampled t-test (berpasangan),1.0,1.0,tidak berbeda
HCV,RF,utama,V1,recall,0.004000000000000001,-0.025534603545394503,0.033534603545394503,0.27216552697590873,0.7866383272810354,corrected resampled t-test (berpasangan),1.0,0.9461611727988325,tidak berbeda
HCV,RF,utama,V1,f1,-0.0009243978643569606,-0.02633198763068566,0.024483191901971738,-0.07311386369628424,0.9420131534352763,corrected resampled t-test (berpasangan),1.0,0.9714054529694702,tidak berbeda
HCV,RF,utama,V1,average_precision,0.0012007907370913263,-0.00641185579361018,0.008813437267792833,0.316982972653586,0.7526031798628733,corrected resampled t-test (berpasangan),1.0,0.9648759115401204,tidak berbeda
HCV,RF,utama,V1,roc_auc,-0.0005246913580246715,-0.0038173347201368025,0.0027679520040874597,-0.3202310857500585,0.7501547588433293,corrected resampled t-test (berpasangan),1.0,0.9995549423256764,tidak berbeda
HCV,RF,utama,V2,accuracy,0.022752935862692003,,,,,deskriptif (tidak berpasangan),,,deskriptif
HCV,RF,utama,V2,balanced_accuracy,0.07003703703703679,,,,,deskriptif (tidak berpasangan),,,deskriptif
HCV,RF,utama,V2,recall,0.13729629629629636,,,,,deskriptif (tidak berpasangan),,,deskriptif
HCV,RF,utama,V2,f1,0.15863037839735472,,,,,deskriptif (tidak berpasangan),,,deskriptif
HCV,RF,utama,V2,average_precision,0.09145813644041967,,,,,deskriptif (tidak berpasangan),,,deskriptif
HCV,RF,utama,V2,roc_auc,0.022961762688614717,,,,,deskriptif (tidak berpasangan),,,deskriptif
HCV,RF,utama,V2b,accuracy,0.016422764227642273,-0.0026368406778055943,0.035482369133090136,1.7315563694760494,0.08964489707537165,corrected resampled t-test (berpasangan),1.0,0.9743161451399626,tidak berbeda
HCV,RF,utama,V2b,balanced_accuracy,0.06905555555555554,0.028228229005505215,0.10988288210560586,3.39900615530671,0.0013521126814339767,corrected resampled t-test (berpasangan),0.04867605653162316,0.03619674090032711,lebih tinggi
HCV,RF,utama,V2b,recall,0.13866666666666666,0.05565274632294942,0.2216805870103839,3.356799655150771,0.0015309586763337566,corrected resampled t-test (berpasangan),0.05205259499534772,0.05205259499534772,tidak berbeda
HCV,RF,utama,V2b,f1,0.07467284260727008,0.006652164493616733,0.14269352072092345,2.2061040753188235,0.0320959629374015,corrected resampled t-test (berpasangan),1.0,0.5777273328732271,tidak berbeda
HCV,RF,utama,V2b,average_precision,0.08143268156040859,0.03542749842911092,0.12743786469170626,3.55710137431263,0.000843360849352014,corrected resampled t-test (berpasangan),0.030360990576672502,0.030360990576672502,lebih tinggi
HCV,RF,utama,V2b,roc_auc,0.022672839506172836,0.005395046956864043,0.03995063205548163,2.637071641942838,0.011172826419818626,corrected resampled t-test (berpasangan),0.3798760982738333,0.1340739170378235,tidak berbeda
HCV,RF,utama,V3,accuracy,0.007804878048780482,-0.008096918834109054,0.023706674931670016,0.9863344218611141,0.32881457005764547,corrected resampled t-test (berpasangan),1.0,0.9743161451399626,tidak berbeda
HCV,RF,utama,V3,balanced_accuracy,0.020518518518518523,-0.019157681562950554,0.060194718599987596,1.0392503964229503,0.3037894194820023,corrected resampled t-test (berpasangan),1.0,0.9162788504026079,tidak berbeda
HCV,RF,utama,V3,recall,0.03733333333333334,-0.04117406316259073,0.11584072982925742,0.9556315129045482,0.3439495461799018,corrected resampled t-test (berpasangan),1.0,0.8059203467804219,tidak berbeda
HCV,RF,utama,V3,f1,0.03199159494772956,-0.028982081540939807,0.09296527143639893,1.0543815072511533,0.2968797102039188,corrected resampled t-test (berpasangan),1.0,0.9557473895288231,tidak berbeda
HCV,RF,utama,V3,average_precision,0.024992785513275155,-0.011521539903310472,0.06150711092986078,1.3754843403341404,0.17523713697571663,corrected resampled t-test (berpasangan),1.0,0.7885671163907249,tidak berbeda
HCV,RF,utama,V3,roc_auc,0.007913580246913575,-0.007062610724057053,0.0228897712178842,1.0618811492966578,0.2934954157529191,corrected resampled t-test (berpasangan),1.0,0.8127565359311606,tidak berbeda
HCV,XGB,imputasi=KNN,V1,accuracy,0.0004878048780487787,-0.006022929668730628,0.006998539424828185,0.15056374901273759,0.8809379646343951,corrected resampled t-test (berpasangan),1.0,0.9770702541898557,tidak berbeda
HCV,XGB,imputasi=KNN,V1,balanced_accuracy,0.0014259259259259349,-0.017992158886875883,0.020844010738727752,0.14756890056776878,0.8832885529846748,corrected resampled t-test (berpasangan),1.0,0.9792755177649853,tidak berbeda
HCV,XGB,imputasi=KNN,V1,recall,0.002666666666666664,-0.03943175905564389,0.04476509238897722,0.12729376930432873,0.8992288507915231,corrected resampled t-test (berpasangan),1.0,0.9856082835288494,tidak berbeda
HCV,XGB,imputasi=KNN,V1,f1,0.0013991235823664016,-0.02218338490230786,0.02498163206704066,0.11922582803015071,0.9055839166115024,corrected resampled t-test (berpasangan),1.0,0.9816767222466434,tidak berbeda
HCV,XGB,imputasi=KNN,V1,average_precision,-0.0029643708831077874,-0.02315679759980034,0.017228055833584763,-0.29501784981642226,0.7692266635839359,corrected resampled t-test (berpasangan),1.0,0.9475779540892387,tidak berbeda
HCV,XGB,imputasi=KNN,V1,roc_auc,-0.0011358024691358027,-0.00621343552717918,0.003941830588907576,-0.44951663248516366,0.6550411866390468,corrected resampled t-test (berpasangan),1.0,0.9353435842342349,tidak berbeda
HCV,XGB,imputasi=KNN,V2,accuracy,0.020343270099367428,,,,,deskriptif (tidak berpasangan),,,deskriptif
HCV,XGB,imputasi=KNN,V2,balanced_accuracy,0.05585185185185204,,,,,deskriptif (tidak berpasangan),,,deskriptif
HCV,XGB,imputasi=KNN,V2,recall,0.1118888888888886,,,,,deskriptif (tidak berpasangan),,,deskriptif
HCV,XGB,imputasi=KNN,V2,f1,0.14774387969293823,,,,,deskriptif (tidak berpasangan),,,deskriptif
HCV,XGB,imputasi=KNN,V2,average_precision,0.07397848725196932,,,,,deskriptif (tidak berpasangan),,,deskriptif
HCV,XGB,imputasi=KNN,V2,roc_auc,0.021104252400548806,,,,,deskriptif (tidak berpasangan),,,deskriptif
HCV,XGB,imputasi=KNN,V2b,accuracy,0.01447154471544715,-0.010518254511483383,0.039461343942377686,1.163741156976788,0.2501644059537378,corrected resampled t-test (berpasangan),1.0,0.9770702541898557,tidak berbeda
HCV,XGB,imputasi=KNN,V2b,balanced_accuracy,0.05416666666666666,0.008915057730568547,0.09941827560276478,2.4054833502578967,0.01997115167581769,corrected resampled t-test (berpasangan),0.6790191569778015,0.2396538201098123,tidak berbeda
HCV,XGB,imputasi=KNN,V2b,recall,0.10666666666666665,0.021118104860410145,0.19221522847292316,2.5056492727990234,0.015594205118321732,corrected resampled t-test (berpasangan),0.5302029740229389,0.18713046141986078,tidak berbeda
HCV,XGB,imputasi=KNN,V2b,f1,0.06108493011244004,-0.024688968660057375,0.14685882888493745,1.431143558952036,0.15873635956670223,corrected resampled t-test (berpasangan),1.0,0.9816767222466434,tidak berbeda
HCV,XGB,imputasi=KNN,V2b,average_precision,0.04547237492335261,-0.007840527155484278,0.0987852770021895,1.7140345945573996,0.09284239228201,corrected resampled t-test (berpasangan),1.0,0.8508120878942986,tidak berbeda
HCV,XGB,imputasi=KNN,V2b,roc_auc,0.019444444444444438,0.0003743145144487932,0.038514574374440086,2.049019809901513,0.04583474834489199,corrected resampled t-test (berpasangan),1.0,0.4125127351040279,tidak berbeda
HCV,XGB,imputasi=KNN,V3,accuracy,0.0053658536585365875,-0.013933021769238753,0.024664729086311926,0.5587417082639542,0.5788826539992445,corrected resampled t-test (berpasangan),1.0,0.9770702541898557,tidak berbeda
HCV,XGB,imputasi=KNN,V3,balanced_accuracy,0.015111111111111115,-0.02385384418813543,0.054076066410357664,0.7793391374708135,0.4395279076664541,corrected resampled t-test (berpasangan),1.0,0.9748281474863134,tidak berbeda
HCV,XGB,imputasi=KNN,V3,recall,0.028000000000000004,-0.046539713709805176,0.10253971370980519,0.7548741974614825,0.4539375261424834,corrected resampled t-test (berpasangan),1.0,0.9806440096217867,tidak berbeda
HCV,XGB,imputasi=KNN,V3,f1,0.019679235303245637,-0.048125449910396606,0.08748392051688789,0.5832473637254105,0.5624017736738055,corrected resampled t-test (berpasangan),1.0,0.9816767222466434,tidak berbeda
HCV,XGB,imputasi=KNN,V3,average_precision,0.016569780862519323,-0.022683989460339987,0.05582355118537863,0.8482808399895527,0.4004065368374947,corrected resampled t-test (berpasangan),1.0,0.8674136569094228,tidak berbeda
HCV,XGB,imputasi=KNN,V3,roc_auc,0.004740740740740741,-0.013391368575146733,0.022872850056628213,0.5254146122635114,0.6016646427179613,corrected resampled t-test (berpasangan),1.0,0.9353435842342349,tidak berbeda
HCV,XGB,seed=2024,V1,accuracy,0.00016260162601625883,-0.005651170599006228,0.005976373851038746,0.05620450683010481,0.9554074503475583,corrected resampled t-test (berpasangan),1.0,0.9999999999999994,tidak berbeda
HCV,XGB,seed=2024,V1,balanced_accuracy,0.0012407407407407423,-0.011711303704630523,0.014192785186112007,0.19250720421249456,0.848140572786666,corrected resampled t-test (berpasangan),1.0,0.927653751485416,tidak berbeda
HCV,XGB,seed=2024,V1,recall,0.0026666666666666683,-0.025320532845325882,0.030653866178659218,0.19147565263451763,0.8489441930412142,corrected resampled t-test (berpasangan),1.0,0.976453590847832,tidak berbeda
HCV,XGB,seed=2024,V1,f1,0.0009435320313518326,-0.019664576196810987,0.02155164025951465,0.0920074070923575,0.9270672880496225,corrected resampled t-test (berpasangan),1.0,0.9893099123284912,tidak berbeda
HCV,XGB,seed=2024,V1,average_precision,0.0014008917374037089,-0.015503298898758757,0.018305082373566175,0.1665384283861904,0.868418571596079,corrected resampled t-test (berpasangan),1.0,0.9590559947529717,tidak berbeda
HCV,XGB,seed=2024,V1,roc_auc,0.00020987654320988146,-0.0037477281148114746,0.004167481201231237,0.10657019585823072,0.9155650873905693,corrected resampled t-test (berpasangan),1.0,0.9417240898874427,tidak berbeda
HCV,XGB,seed=2024,V2,accuracy,0.021194670280035965,,,,,deskriptif (tidak berpasangan),,,deskriptif
HCV,XGB,seed=2024,V2,balanced_accuracy,0.0625,,,,,deskriptif (tidak berpasangan),,,deskriptif
HCV,XGB,seed=2024,V2,recall,0.12462962962962976,,,,,deskriptif (tidak berpasangan),,,deskriptif
HCV,XGB,seed=2024,V2,f1,0.1504634379014922,,,,,deskriptif (tidak berpasangan),,,deskriptif
HCV,XGB,seed=2024,V2,average_precision,0.07682658326135516,,,,,deskriptif (tidak berpasangan),,,deskriptif
HCV,XGB,seed=2024,V2,roc_auc,0.022046639231824594,,,,,deskriptif (tidak berpasangan),,,deskriptif
HCV,XGB,seed=2024,V2b,accuracy,0.010569105691056915,-0.010938562384972119,0.03207677376708595,0.9875274703127355,0.3282355753486099,corrected resampled t-test (berpasangan),1.0,0.9999999999999994,tidak berbeda
HCV,XGB,seed=2024,V2b,balanced_accuracy,0.05768518518518517,0.009772311751051942,0.1055980586193184,2.4194482867831577,0.019300949425007877,corrected resampled t-test (berpasangan),0.63693133102526,0.22517774329175858,tidak berbeda
HCV,XGB,seed=2024,V2b,recall,0.12,0.02670933496002484,0.21329066503997515,2.5849213105659867,0.012768331605389096,corrected resampled t-test (berpasangan),0.42135494297784015,0.14896386872953946,tidak berbeda
HCV,XGB,seed=2024,V2b,f1,0.05385222024984678,-0.025146352869796808,0.13285079336949038,1.3698992761863014,0.17696322788695398,corrected resampled t-test (berpasangan),1.0,0.895048952706137,tidak berbeda
HCV,XGB,seed=2024,V2b,average_precision,0.04066424204372124,-0.010377217001659833,0.09170570108910231,1.6010093611877656,0.11580312717252286,corrected resampled t-test (berpasangan),1.0,0.8997349423134563,tidak berbeda
HCV,XGB,seed=2024,V2b,roc_auc,0.018419753086419754,-0.001653354095092565,0.03849286026793207,1.844053304411565,0.07122598110941807,corrected resampled t-test (berpasangan),1.0,0.4499487772603627,tidak berbeda
HCV,XGB,seed=2024,V3,accuracy,0.005853658536585374,-0.015294712870887097,0.027002029944057846,0.5562304065703091,0.5805847187424765,corrected resampled t-test (berpasangan),1.0,0.9999999999999994,tidak berbeda
HCV,XGB,seed=2024,V3,balanced_accuracy,0.020555555555555553,-0.018802322335329347,0.059913433446440456,1.0495468147478102,0.2990756265304454,corrected resampled t-test (berpasangan),1.0,0.7883321754721451,tidak berbeda
HCV,XGB,seed=2024,V3,recall,0.04,-0.03032048463189168,0.11032048463189167,1.1430952132988164,0.25855340608381905,corrected resampled t-test (berpasangan),1.0,0.9049369212933666,tidak berbeda
HCV,XGB,seed=2024,V3,f1,0.025997986623969745,-0.050834135059113876,0.10283010830705336,0.6799878608274103,0.499712333930872,corrected resampled t-test (berpasangan),1.0,0.980218239695997,tidak berbeda
HCV,XGB,seed=2024,V3,average_precision,0.022635022649759026,-0.01832016889462584,0.06359021419414389,1.1106474962951183,0.2721405803459,corrected resampled t-test (berpasangan),1.0,0.8997349423134563,tidak berbeda
HCV,XGB,seed=2024,V3,roc_auc,0.005617283950617296,-0.010621622617647755,0.021856190518882344,0.6951425371406801,0.490249513831877,corrected resampled t-test (berpasangan),1.0,0.8404277379975034,tidak berbeda
HCV,XGB,seed=7,V1,accuracy,-0.0011382113821138161,-0.006829251641542667,0.004552828877315034,-0.40191622284169415,0.6894934519882485,corrected resampled t-test (berpasangan),1.0,0.9999999999999998,tidak berbeda
HCV,XGB,seed=7,V1,balanced_accuracy,-0.0006481481481481488,-0.012406014105144266,0.011109717808847968,-0.11077711478957224,0.9122455946354973,corrected resampled t-test (berpasangan),1.0,0.9950810015599162,tidak berbeda
HCV,XGB,seed=7,V1,recall,-2.220446049250313e-18,-0.024359730439060565,0.02435973043906056,-1.8317745351310706e-16,0.9999999999999998,corrected resampled t-test (berpasangan),1.0,0.9999999999999998,tidak berbeda
HCV,XGB,seed=7,V1,f1,-0.003612870349653048,-0.0229320776479943,0.015706336948688206,-0.3758091451664534,0.7086809294122866,corrected resampled t-test (berpasangan),1.0,0.9829631681132539,tidak berbeda
HCV,XGB,seed=7,V1,average_precision,-0.000746192828107215,-0.013041074323581165,0.011548688667366736,-0.12196381299565487,0.9034265031577321,corrected resampled t-test (berpasangan),1.0,0.9037048352846989,tidak berbeda
HCV,XGB,seed=7,V1,roc_auc,0.00016049382716049943,-0.00286228184998009,0.0031832695043010886,0.10669809962716945,0.915464141527982,corrected resampled t-test (berpasangan),1.0,0.9812665546717477,tidak berbeda
HCV,XGB,seed=7,V2,accuracy,0.025584914182475105,,,,,deskriptif (tidak berpasangan),,,deskriptif
HCV,XGB,seed=7,V2,balanced_accuracy,0.05581481481481465,,,,,deskriptif (tidak berpasangan),,,deskriptif
HCV,XGB,seed=7,V2,recall,0.10440740740740728,,,,,deskriptif (tidak berpasangan),,,deskriptif
HCV,XGB,seed=7,V2,f1,0.15996122615651687,,,,,deskriptif (tidak berpasangan),,,deskriptif
HCV,XGB,seed=7,V2,average_precision,0.08126193600573006,,,,,deskriptif (tidak berpasangan),,,deskriptif
HCV,XGB,seed=7,V2,roc_auc,0.020784293552812083,,,,,deskriptif (tidak berpasangan),,,deskriptif
HCV,XGB,seed=7,V2b,accuracy,0.01544715447154471,-0.009124793173461421,0.04001910211655084,1.2633194371816245,0.21245245850310282,corrected resampled t-test (berpasangan),1.0,0.9999999999999998,tidak berbeda
HCV,XGB,seed=7,V2b,balanced_accuracy,0.04783333333333335,-0.003121547765551007,0.09878821443221772,1.8864666147133544,0.06516524414592481,corrected resampled t-test (berpasangan),1.0,0.5864871973133233,tidak berbeda
HCV,XGB,seed=7,V2b,recall,0.09066666666666665,-0.006528352524925687,0.18786168585825896,1.8745969643553766,0.06681554343197345,corrected resampled t-test (berpasangan),1.0,0.5271495952765568,tidak berbeda
HCV,XGB,seed=7,V2b,f1,0.062448639400933315,-0.02555419331327509,0.1504514721151417,1.4260363592523415,0.16019805944786128,corrected resampled t-test (berpasangan),1.0,0.9829631681132539,tidak berbeda
HCV,XGB,seed=7,V2b,average_precision,0.05533431506965042,-0.003435925961811602,0.11410455610111245,1.892088023288242,0.0643958411085621,corrected resampled t-test (berpasangan),1.0,0.5795625699770589,tidak berbeda
HCV,XGB,seed=7,V2b,roc_auc,0.019487654320987643,-0.0007721933458731817,0.03974750198784847,1.9329813405162368,0.0590281398903979,corrected resampled t-test (berpasangan),1.0,0.3541688393423874,tidak berbeda
HCV,XGB,seed=7,V3,accuracy,0.008617886178861793,-0.009727632340817206,0.02696340469854079,0.9440066041257104,0.34979789197719835,corrected resampled t-test (berpasangan),1.0,0.9999999999999998,tidak berbeda
HCV,XGB,seed=7,V3,balanced_accuracy,0.011222222222222227,-0.026184057799606714,0.04862850224405117,0.6028907402861705,0.5493617497499224,corrected resampled t-test (berpasangan),1.0,0.9950810015599162,tidak berbeda
HCV,XGB,seed=7,V3,recall,0.014666666666666668,-0.0560605007963877,0.08539383412972104,0.4167248762116466,0.6786996126576754,corrected resampled t-test (berpasangan),1.0,0.9999999999999998,tidak berbeda
HCV,XGB,seed=7,V3,f1,0.029099088802953088,-0.03641640781597069,0.09461458542187687,0.8925645262944717,0.3764530149728198,corrected resampled t-test (berpasangan),1.0,0.9829631681132539,tidak berbeda
HCV,XGB,seed=7,V3,average_precision,0.016831560709618842,-0.02217136660760523,0.05583448802684292,0.8672243312597335,0.39004628166790445,corrected resampled t-test (berpasangan),1.0,0.9037048352846989,tidak berbeda
HCV,XGB,seed=7,V3,roc_auc,0.005586419753086418,-0.010996492399391239,0.022169331905564076,0.6769818643456095,0.5016011383875902,corrected resampled t-test (berpasangan),1.0,0.9812665546717477,tidak berbeda
HCV,XGB,utama,V1,accuracy,6.661338147750939e-18,-0.005941397668063536,0.00594139766806355,2.2530826782112203e-15,0.9999999999999982,corrected resampled t-test (berpasangan),1.0,0.9999999999999988,tidak berbeda
HCV,XGB,utama,V1,balanced_accuracy,0.0034444444444444388,-0.01397437158519156,0.020863260474080436,0.3973789171636445,0.692813845361153,corrected resampled t-test (berpasangan),1.0,1.0,tidak berbeda
HCV,XGB,utama,V1,recall,0.008,-0.030873937320380525,0.046873937320380525,0.41355733388717364,0.6810027844595744,corrected resampled t-test (berpasangan),1.0,0.9461611727988325,tidak berbeda
HCV,XGB,utama,V1,f1,0.0017814892826343498,-0.020154400336450582,0.023717378901719283,0.16320453854651001,0.8710286530074611,corrected resampled t-test (berpasangan),1.0,0.9557473895288231,tidak berbeda
HCV,XGB,utama,V1,average_precision,-0.00034062768125745044,-0.00827239140847566,0.007591136045960759,-0.08630072402276752,0.931579053560599,corrected resampled t-test (berpasangan),1.0,0.9648759115401204,tidak berbeda
HCV,XGB,utama,V1,roc_auc,-0.00033333333333334547,-0.003883460153965248,0.003216793487298557,-0.18868576964729286,0.8511184328094009,corrected resampled t-test (berpasangan),1.0,0.9995549423256764,tidak berbeda
HCV,XGB,utama,V2,accuracy,0.01995031616982834,,,,,deskriptif (tidak berpasangan),,,deskriptif
HCV,XGB,utama,V2,balanced_accuracy,0.059407407407407575,,,,,deskriptif (tidak berpasangan),,,deskriptif
HCV,XGB,utama,V2,recall,0.11788888888888893,,,,,deskriptif (tidak berpasangan),,,deskriptif
HCV,XGB,utama,V2,f1,0.15140175305013137,,,,,deskriptif (tidak berpasangan),,,deskriptif
HCV,XGB,utama,V2,average_precision,0.07828951552399843,,,,,deskriptif (tidak berpasangan),,,deskriptif
HCV,XGB,utama,V2,roc_auc,0.021164609053497818,,,,,deskriptif (tidak berpasangan),,,deskriptif
HCV,XGB,utama,V2b,accuracy,0.01252032520325204,-0.013161476465323214,0.038202126871827294,0.9797028954940216,0.3320453291334916,corrected resampled t-test (berpasangan),1.0,0.9743161451399626,tidak berbeda
HCV,XGB,utama,V2b,balanced_accuracy,0.0582222222222222,0.010722290134233828,0.10572215431021058,2.4632021716993586,0.01733030838785956,corrected resampled t-test (berpasangan),0.589230485187225,0.20796370065431471,tidak berbeda
HCV,XGB,utama,V2b,recall,0.11866666666666664,0.02613174882626923,0.21120158450706406,2.577076849022847,0.013025555419627851,corrected resampled t-test (berpasangan),0.41681777342809123,0.147622961422449,tidak berbeda
HCV,XGB,utama,V2b,f1,0.05980839327115204,-0.02654739065977204,0.1461641772020761,1.3917940462266851,0.17027065259501106,corrected resampled t-test (berpasangan),1.0,0.9557473895288231,tidak berbeda
HCV,XGB,utama,V2b,average_precision,0.05500270343149366,0.006267044727684579,0.10373836213530274,2.267991724860904,0.027773312629339554,corrected resampled t-test (berpasangan),0.9442926293975449,0.3332797515520746,tidak berbeda
HCV,XGB,utama,V2b,roc_auc,0.01979012345679012,0.0017913237688816606,0.037788923144698575,2.2095774538213564,0.03183845790869582,corrected resampled t-test (berpasangan),1.0,0.2797072726995075,tidak berbeda
HCV,XGB,utama,V3,accuracy,0.005365853658536586,-0.015259298514281362,0.025991005831354535,0.5228124638178211,0.6034608637959951,corrected resampled t-test (berpasangan),1.0,0.9743161451399626,tidak berbeda
HCV,XGB,utama,V3,balanced_accuracy,0.01970370370370371,-0.022819197949350438,0.06222660535675786,0.931170579885212,0.35633066404545866,corrected resampled t-test (berpasangan),1.0,0.9162788504026079,tidak berbeda
HCV,XGB,utama,V3,recall,0.03866666666666667,-0.044644561126600604,0.12197789445993394,0.9326903202819236,0.3555530941678332,corrected resampled t-test (berpasangan),1.0,0.8059203467804219,tidak berbeda
HCV,XGB,utama,V3,f1,0.02388460057526393,-0.04930432026991653,0.09707352142044438,0.6558083005930507,0.515015128350859,corrected resampled t-test (berpasangan),1.0,0.9557473895288231,tidak berbeda
HCV,XGB,utama,V3,average_precision,0.01975748683999614,-0.018590487692774833,0.05810546137276711,1.0353651459602586,0.3055812754789722,corrected resampled t-test (berpasangan),1.0,0.9648759115401204,tidak berbeda
HCV,XGB,utama,V3,roc_auc,0.005543209876543203,-0.0071930439671996,0.018279463720286007,0.8746290254688927,0.38604270217084957,corrected resampled t-test (berpasangan),1.0,0.926502485210039,tidak berbeda
Hepatitis,DT,imputasi=KNN,V1,accuracy,-0.01225806451612904,-0.08195416160409982,0.05743803257184174,-0.3534416402584398,0.7252735380620763,corrected resampled t-test (berpasangan),1.0,0.9770702541898557,tidak berbeda
Hepatitis,DT,imputasi=KNN,V1,balanced_accuracy,-0.003833333333333333,-0.0889646771344918,0.08129801046782514,-0.0904880786353076,0.9282682557163656,corrected resampled t-test (berpasangan),1.0,0.9792755177649853,tidak berbeda
Hepatitis,DT,imputasi=KNN,V1,recall,0.009999999999999995,-0.16400459937017664,0.18400459937017666,0.11548977680837309,0.9085289189986014,corrected resampled t-test (berpasangan),1.0,0.9856082835288494,tidak berbeda
Hepatitis,DT,imputasi=KNN,V1,f1,-0.005667027674767615,-0.14032094221413416,0.12898688686459892,-0.08457473002055615,0.9329440965764241,corrected resampled t-test (berpasangan),1.0,0.9816767222466434,tidak berbeda
Hepatitis,DT,imputasi=KNN,V1,average_precision,-0.007271922627135618,-0.1429959427378248,0.12845209748355357,-0.10767051850288167,0.9146967226371598,corrected resampled t-test (berpasangan),1.0,0.9667708397699344,tidak berbeda
Hepatitis,DT,imputasi=KNN,V1,roc_auc,0.004000000000000015,-0.09116581611753219,0.09916581611753222,0.08446626389489854,0.9330298863998827,corrected resampled t-test (berpasangan),1.0,0.9353435842342349,tidak berbeda
Hepatitis,DT,imputasi=KNN,V2,accuracy,0.05767136273864382,,,,,deskriptif (tidak berpasangan),,,deskriptif
Hepatitis,DT,imputasi=KNN,V2,balanced_accuracy,0.14806190476190462,,,,,deskriptif (tidak berpasangan),,,deskriptif
Hepatitis,DT,imputasi=KNN,V2,recall,0.2967238095238093,,,,,deskriptif (tidak berpasangan),,,deskriptif
Hepatitis,DT,imputasi=KNN,V2,f1,0.34941966037706407,,,,,deskriptif (tidak berpasangan),,,deskriptif
Hepatitis,DT,imputasi=KNN,V2,average_precision,0.4060303480376424,,,,,deskriptif (tidak berpasangan),,,deskriptif
Hepatitis,DT,imputasi=KNN,V2,roc_auc,0.13794438095238104,,,,,deskriptif (tidak berpasangan),,,deskriptif
Hepatitis,DT,imputasi=KNN,V2b,accuracy,0.02451612903225804,-0.0630465669929489,0.11207882505746498,0.5626483421043249,0.5762396990905123,corrected resampled t-test (berpasangan),1.0,0.9770702541898557,tidak berbeda
Hepatitis,DT,imputasi=KNN,V2b,balanced_accuracy,0.06400238095238095,-0.050232141861509455,0.17823690376627135,1.1259083203751896,0.2656887025182795,corrected resampled t-test (berpasangan),1.0,0.9224813172102074,tidak berbeda
Hepatitis,DT,imputasi=KNN,V2b,recall,0.13190476190476189,-0.11376599857394323,0.37757552238346703,1.0789747315410854,0.285881765173839,corrected resampled t-test (berpasangan),1.0,0.9331736362152121,tidak berbeda
Hepatitis,DT,imputasi=KNN,V2b,f1,0.08858991528953837,-0.09185283335667328,0.26903266393575004,0.9866181995509681,0.3286767889456338,corrected resampled t-test (berpasangan),1.0,0.9816767222466434,tidak berbeda
Hepatitis,DT,imputasi=KNN,V2b,average_precision,0.0775589003602683,-0.10717575732628026,0.26229355804681687,0.843698996875129,0.4029377446959854,corrected resampled t-test (berpasangan),1.0,0.8674136569094228,tidak berbeda
Hepatitis,DT,imputasi=KNN,V2b,roc_auc,0.058988095238095256,-0.060403298094545574,0.1783794885707361,0.9928773926768364,0.3256476078322683,corrected resampled t-test (berpasangan),1.0,0.9353435842342349,tidak berbeda
Hepatitis,DT,imputasi=KNN,V3,accuracy,0.017419354838709676,-0.0687169478574533,0.10355565753487264,0.4063966410089493,0.6862207260231865,corrected resampled t-test (berpasangan),1.0,0.9770702541898557,tidak berbeda
Hepatitis,DT,imputasi=KNN,V3,balanced_accuracy,0.03472142857142859,-0.08181380516870321,0.15125666231156037,0.5987487279497348,0.5520985451199862,corrected resampled t-test (berpasangan),1.0,0.9748281474863134,tidak berbeda
Hepatitis,DT,imputasi=KNN,V3,recall,0.06380952380952382,-0.14307265027385754,0.27069169789290515,0.6198215933311249,0.5382470472910337,corrected resampled t-test (berpasangan),1.0,0.9806440096217867,tidak berbeda
Hepatitis,DT,imputasi=KNN,V3,f1,0.04685353793093732,-0.1334557596528969,0.22716283551477157,0.5221899854079073,0.6038909187214092,corrected resampled t-test (berpasangan),1.0,0.9816767222466434,tidak berbeda
Hepatitis,DT,imputasi=KNN,V3,average_precision,0.04029663096659117,-0.15618115583911124,0.23677441777229358,0.412154029930585,0.6820241321620154,corrected resampled t-test (berpasangan),1.0,0.9475779540892387,tidak berbeda
Hepatitis,DT,imputasi=KNN,V3,roc_auc,0.02094047619047619,-0.10384062388501403,0.1457215762659664,0.3372422772786375,0.7373746288864922,corrected resampled t-test (berpasangan),1.0,0.9353435842342349,tidak berbeda
Hepatitis,DT,seed=2024,V1,accuracy,-0.0006451612903225823,-0.03068844061188979,0.029398118031244622,-0.04315441524895865,0.9657538201409906,corrected resampled t-test (berpasangan),1.0,0.9999999999999994,tidak berbeda
Hepatitis,DT,seed=2024,V1,balanced_accuracy,0.004223809523809527,-0.02738179883289122,0.03582941788051027,0.2685619247840777,0.7893943098824817,corrected resampled t-test (berpasangan),1.0,0.8995778727649727,tidak berbeda
Hepatitis,DT,seed=2024,V1,recall,0.01238095238095238,-0.049185851255578096,0.07394775601748285,0.4041212766385904,0.6878820150405001,corrected resampled t-test (berpasangan),1.0,0.9533034272888417,tidak berbeda
Hepatitis,DT,seed=2024,V1,f1,0.005018626540298365,-0.03719727801875085,0.04723453109934758,0.2388982946563918,0.8121808271766832,corrected resampled t-test (berpasangan),1.0,0.980218239695997,tidak berbeda
Hepatitis,DT,seed=2024,V1,average_precision,0.004848687285572046,-0.03522668936031177,0.04492406393145586,0.24313687616630514,0.8089143405734636,corrected resampled t-test (berpasangan),1.0,0.9590559947529717,tidak berbeda
Hepatitis,DT,seed=2024,V1,roc_auc,0.0034999999999999897,-0.05337582716943882,0.060375827169438796,0.12366436974637163,0.9020869070453286,corrected resampled t-test (berpasangan),1.0,0.9417240898874427,tidak berbeda
Hepatitis,DT,seed=2024,V2,accuracy,0.07714917709019087,,,,,deskriptif (tidak berpasangan),,,deskriptif
Hepatitis,DT,seed=2024,V2,balanced_accuracy,0.17389999999999983,,,,,deskriptif (tidak berpasangan),,,deskriptif
Hepatitis,DT,seed=2024,V2,recall,0.32820000000000005,,,,,deskriptif (tidak berpasangan),,,deskriptif
Hepatitis,DT,seed=2024,V2,f1,0.3915570631103842,,,,,deskriptif (tidak berpasangan),,,deskriptif
Hepatitis,DT,seed=2024,V2,average_precision,0.4098272748118893,,,,,deskriptif (tidak berpasangan),,,deskriptif
Hepatitis,DT,seed=2024,V2,roc_auc,0.15482666666666645,,,,,deskriptif (tidak berpasangan),,,deskriptif
Hepatitis,DT,seed=2024,V2b,accuracy,0.03483870967741935,-0.04150104690535139,0.1111784662601901,0.9170976081564082,0.3635834761776964,corrected resampled t-test (berpasangan),1.0,0.9999999999999994,tidak berbeda
Hepatitis,DT,seed=2024,V2b,balanced_accuracy,0.054802380952380936,-0.06654737986722352,0.1761521417719854,0.9075379037348386,0.3685641970374399,corrected resampled t-test (berpasangan),1.0,0.8210404718862765,tidak berbeda
Hepatitis,DT,seed=2024,V2b,recall,0.08857142857142856,-0.16813912965907635,0.3452819868019335,0.6933526636666482,0.4913619421979766,corrected resampled t-test (berpasangan),1.0,0.9051404198383778,tidak berbeda
Hepatitis,DT,seed=2024,V2b,f1,0.08814673974116698,-0.08340305003346928,0.25969652951580324,1.0325719746874606,0.3068739266421041,corrected resampled t-test (berpasangan),1.0,0.895048952706137,tidak berbeda
Hepatitis,DT,seed=2024,V2b,average_precision,0.07604054621368363,-0.10131039260014767,0.2533914850275149,0.8616204656714987,0.3930934207528525,corrected resampled t-test (berpasangan),1.0,0.8997349423134563,tidak berbeda
Hepatitis,DT,seed=2024,V2b,roc_auc,0.05537857142857143,-0.08034717573774557,0.1911043185948884,0.8199432162851044,0.4162192431285128,corrected resampled t-test (berpasangan),1.0,0.8282971396313126,tidak berbeda
Hepatitis,DT,seed=2024,V3,accuracy,0.0006451612903225823,-0.07405420511983453,0.07534452770047968,0.017356240268017516,0.986222899333531,corrected resampled t-test (berpasangan),1.0,0.9999999999999994,tidak berbeda
Hepatitis,DT,seed=2024,V3,balanced_accuracy,0.004880952380952387,-0.10452627226201087,0.11428817702391565,0.08965258973977562,0.9289287478512077,corrected resampled t-test (berpasangan),1.0,0.9493289110232348,tidak berbeda
Hepatitis,DT,seed=2024,V3,recall,0.011428571428571429,-0.20896364757584704,0.2318207904329899,0.10420773570044986,0.9174298693453548,corrected resampled t-test (berpasangan),1.0,0.9876242621622717,tidak berbeda
Hepatitis,DT,seed=2024,V3,f1,0.0018406766951658598,-0.16591975919188853,0.16960111258222024,0.02204916958964694,0.9824982789277108,corrected resampled t-test (berpasangan),1.0,0.9893099123284912,tidak berbeda
Hepatitis,DT,seed=2024,V3,average_precision,-0.004985400237208971,-0.1449565800239012,0.13498577954948324,-0.07157571198570614,0.9432309196644835,corrected resampled t-test (berpasangan),1.0,0.9590559947529717,tidak berbeda
Hepatitis,DT,seed=2024,V3,roc_auc,-0.0021619047619047716,-0.1182699573784517,0.11394614785464216,-0.03741782047793099,0.9703038933365493,corrected resampled t-test (berpasangan),1.0,0.9703038933365493,tidak berbeda
Hepatitis,DT,seed=7,V1,accuracy,0.0006451612903225801,-0.010093276105044546,0.011383598685689706,0.12073452622098511,0.9043950379211323,corrected resampled t-test (berpasangan),1.0,0.9999999999999998,tidak berbeda
Hepatitis,DT,seed=7,V1,balanced_accuracy,0.0011404761904761896,-0.012720978111432527,0.015001930492384907,0.16534143229040246,0.869355523809017,corrected resampled t-test (berpasangan),1.0,0.9950810015599162,tidak berbeda
Hepatitis,DT,seed=7,V1,recall,0.0023809523809523786,-0.03660717219587456,0.04136907695777932,0.12272205937558386,0.9028291671122394,corrected resampled t-test (berpasangan),1.0,0.9999999999999998,tidak berbeda
Hepatitis,DT,seed=7,V1,f1,-0.0007081807081807068,-0.023640315010986096,0.02222395359462468,-0.06205887310405637,0.9507684014353845,corrected resampled t-test (berpasangan),1.0,0.9829631681132539,tidak berbeda
Hepatitis,DT,seed=7,V1,average_precision,0.0010356091154410463,-0.014176686211210952,0.016247904442093043,0.13680607602689962,0.8917446468994426,corrected resampled t-test (berpasangan),1.0,0.9037048352846989,tidak berbeda
Hepatitis,DT,seed=7,V1,roc_auc,0.0006976190476190491,-0.016935682445326627,0.018330920540564722,0.07950399769232303,0.936955565361999,corrected resampled t-test (berpasangan),1.0,0.9812665546717477,tidak berbeda
Hepatitis,DT,seed=7,V2,accuracy,0.06409769585253444,,,,,deskriptif (tidak berpasangan),,,deskriptif
Hepatitis,DT,seed=7,V2,balanced_accuracy,0.1565238095238094,,,,,deskriptif (tidak berpasangan),,,deskriptif
Hepatitis,DT,seed=7,V2,recall,0.2988809523809526,,,,,deskriptif (tidak berpasangan),,,deskriptif
Hepatitis,DT,seed=7,V2,f1,0.3613878824374128,,,,,deskriptif (tidak berpasangan),,,deskriptif
Hepatitis,DT,seed=7,V2,average_precision,0.4110705320730366,,,,,deskriptif (tidak berpasangan),,,deskriptif
Hepatitis,DT,seed=7,V2,roc_auc,0.14474180952380933,,,,,deskriptif (tidak berpasangan),,,deskriptif
Hepatitis,DT,seed=7,V2b,accuracy,0.02129032258064516,-0.050603730848652495,0.09318437600994281,0.5951049210826067,0.5545118488482479,corrected resampled t-test (berpasangan),1.0,0.9999999999999998,tidak berbeda
Hepatitis,DT,seed=7,V2b,balanced_accuracy,0.07055714285714286,-0.045113738606896686,0.1862280243211824,1.2258044990010035,0.2261311787547709,corrected resampled t-test (berpasangan),1.0,0.8140722435171753,tidak berbeda
Hepatitis,DT,seed=7,V2b,recall,0.15238095238095237,-0.10091427074238093,0.4056761755042857,1.2089489266188715,0.2324838663416006,corrected resampled t-test (berpasangan),1.0,0.8369419188297622,tidak berbeda
Hepatitis,DT,seed=7,V2b,f1,0.09424376517874972,-0.07277782003843405,0.26126535039593346,1.1339249131300115,0.262343325900768,corrected resampled t-test (berpasangan),1.0,0.9829631681132539,tidak berbeda
Hepatitis,DT,seed=7,V2b,average_precision,0.06645307452472443,-0.08072511992915707,0.21363126897860593,0.9073521612088922,0.36866140267266834,corrected resampled t-test (berpasangan),1.0,0.9037048352846989,tidak berbeda
Hepatitis,DT,seed=7,V2b,roc_auc,0.05885952380952382,-0.03201726972275788,0.14973631734180554,1.3015714657607287,0.19914926082727558,corrected resampled t-test (berpasangan),1.0,0.6517612172529019,tidak berbeda
Hepatitis,DT,seed=7,V3,accuracy,0.012258064516129034,-0.06318158952938654,0.0876977185616446,0.32653255354964295,0.7454121379863616,corrected resampled t-test (berpasangan),1.0,0.9999999999999998,tidak berbeda
Hepatitis,DT,seed=7,V3,balanced_accuracy,-0.000552380952380962,-0.09541263330694268,0.09430787140218076,-0.011701962142787438,0.9907109136101588,corrected resampled t-test (berpasangan),1.0,0.9950810015599162,tidak berbeda
Hepatitis,DT,seed=7,V3,recall,-0.021904761904761906,-0.20124661804432378,0.15743709423479998,-0.2454489319377674,0.8071339836427857,corrected resampled t-test (berpasangan),1.0,0.9999999999999998,tidak berbeda
Hepatitis,DT,seed=7,V3,f1,-0.00940220666846054,-0.16031598477520792,0.14151157143828685,-0.12520024286399348,0.9008772856163352,corrected resampled t-test (berpasangan),1.0,0.9829631681132539,tidak berbeda
Hepatitis,DT,seed=7,V3,average_precision,0.019479356013054144,-0.10888319439058183,0.14784190641669012,0.30495834886841916,0.7616894860474617,corrected resampled t-test (berpasangan),1.0,0.9037048352846989,tidak berbeda
Hepatitis,DT,seed=7,V3,roc_auc,0.016259523809523824,-0.08673574771898072,0.11925479533802837,0.31724501413799167,0.7524055579677613,corrected resampled t-test (berpasangan),1.0,0.9812665546717477,tidak berbeda
Hepatitis,DT,utama,V1,accuracy,-0.0045161290322580675,-0.03088137104254763,0.021849112978031493,-0.34422217916458475,0.7321521291344575,corrected resampled t-test (berpasangan),1.0,0.9743161451399626,tidak berbeda
Hepatitis,DT,utama,V1,balanced_accuracy,0.002504761904761904,-0.045454339939342704,0.050463863748866515,0.10495416508139396,0.9168406324036671,corrected resampled t-test (berpasangan),1.0,1.0,tidak berbeda
Hepatitis,DT,utama,V1,recall,0.01380952380952381,-0.09263431086494446,0.12025335848399209,0.26071286451280556,0.795406522072138,corrected resampled t-test (berpasangan),1.0,0.9461611727988325,tidak berbeda
Hepatitis,DT,utama,V1,f1,0.00957720710661887,-0.08826233702089092,0.10741675123412867,0.19671103732814568,0.8448673088005866,corrected resampled t-test (berpasangan),1.0,0.9557473895288231,tidak berbeda
Hepatitis,DT,utama,V1,average_precision,-0.0026292936170048287,-0.07097105297900344,0.06571246574499379,-0.07731383251265099,0.9386887268785483,corrected resampled t-test (berpasangan),1.0,0.9648759115401204,tidak berbeda
Hepatitis,DT,utama,V1,roc_auc,0.010492857142857139,-0.05876091309411219,0.07974662737982646,0.3044770816255516,0.7620538672479289,corrected resampled t-test (berpasangan),1.0,0.9995549423256764,tidak berbeda
Hepatitis,DT,utama,V2,accuracy,0.059477024358130404,,,,,deskriptif (tidak berpasangan),,,deskriptif
Hepatitis,DT,utama,V2,balanced_accuracy,0.15089523809523808,,,,,deskriptif (tidak berpasangan),,,deskriptif
Hepatitis,DT,utama,V2,recall,0.30399047619047614,,,,,deskriptif (tidak berpasangan),,,deskriptif
Hepatitis,DT,utama,V2,f1,0.3632655607935021,,,,,deskriptif (tidak berpasangan),,,deskriptif
Hepatitis,DT,utama,V2,average_precision,0.3955702169491998,,,,,deskriptif (tidak berpasangan),,,deskriptif
Hepatitis,DT,utama,V2,roc_auc,0.153413238095238,,,,,deskriptif (tidak berpasangan),,,deskriptif
Hepatitis,DT,utama,V2b,accuracy,0.009677419354838703,-0.060469061076269245,0.07982389978594666,0.2772413120334685,0.7827611174854595,corrected resampled t-test (berpasangan),1.0,0.9743161451399626,tidak berbeda
Hepatitis,DT,utama,V2b,balanced_accuracy,0.05933095238095239,-0.0641476930510992,0.182809597813004,0.9655921647523331,0.33898995194684134,corrected resampled t-test (berpasangan),1.0,0.9162788504026079,tidak berbeda
Hepatitis,DT,utama,V2b,recall,0.14476190476190479,-0.12716355689562311,0.4166873664194327,1.0698150034710288,0.28994432439431966,corrected resampled t-test (berpasangan),1.0,0.7928427767023715,tidak berbeda
Hepatitis,DT,utama,V2b,f1,0.08677971959241308,-0.09906436265218564,0.2726238018370118,0.9383692676278355,0.35265725471284115,corrected resampled t-test (berpasangan),1.0,0.9557473895288231,tidak berbeda
Hepatitis,DT,utama,V2b,average_precision,0.06221172792025142,-0.12372954196506902,0.24815299780557187,0.6723582548426384,0.5045139524833395,corrected resampled t-test (berpasangan),1.0,0.9648759115401204,tidak berbeda
Hepatitis,DT,utama,V2b,roc_auc,0.07372857142857142,-0.05027522907568607,0.19773237193282892,1.1948271796076027,0.23790591675347175,corrected resampled t-test (berpasangan),1.0,0.7137177502604152,tidak berbeda
Hepatitis,DT,utama,V3,accuracy,-0.008387096774193551,-0.06101648445433713,0.04424229090595003,-0.3202488706332164,0.7501413597480677,corrected resampled t-test (berpasangan),1.0,0.9743161451399626,tidak berbeda
Hepatitis,DT,utama,V3,balanced_accuracy,-0.01058809523809524,-0.10086730688141814,0.07969111640522765,-0.23568630677628455,0.8146584131279478,corrected resampled t-test (berpasangan),1.0,1.0,tidak berbeda
Hepatitis,DT,utama,V3,recall,-0.013809523809523813,-0.23407864760628705,0.20645959998723945,-0.12598804848070097,0.900256918325608,corrected resampled t-test (berpasangan),1.0,0.9461611727988325,tidak berbeda
Hepatitis,DT,utama,V3,f1,-0.01856269444349939,-0.16414855679770257,0.12702316791070378,-0.2562277025793216,0.7988477172121317,corrected resampled t-test (berpasangan),1.0,0.9557473895288231,tidak berbeda
Hepatitis,DT,utama,V3,average_precision,-0.008396528544230635,-0.1171357396588137,0.10034268257035243,-0.15517360890532253,0.8773219101409242,corrected resampled t-test (berpasangan),1.0,0.9648759115401204,tidak berbeda
Hepatitis,DT,utama,V3,roc_auc,0.002347619047619072,-0.08902620991812639,0.09372144801336453,0.05163094456596565,0.9590326714601668,corrected resampled t-test (berpasangan),1.0,0.9995549423256764,tidak berbeda
Hepatitis,GB,imputasi=KNN,V1,accuracy,-0.002580645161290327,-0.058631770408122605,0.05347048008554195,-0.09252268500045031,0.9266600204656074,corrected resampled t-test (berpasangan),1.0,0.9770702541898557,tidak berbeda
Hepatitis,GB,imputasi=KNN,V1,balanced_accuracy,0.0011047619047619083,-0.08392350895580263,0.08613303276532645,0.026110164788101357,0.9792755177649852,corrected resampled t-test (berpasangan),1.0,0.9792755177649853,tidak berbeda
Hepatitis,GB,imputasi=KNN,V1,recall,0.007142857142857141,-0.1517941694711175,0.1660798837568318,0.0903131833002214,0.9284065142672098,corrected resampled t-test (berpasangan),1.0,0.9856082835288494,tidak berbeda
Hepatitis,GB,imputasi=KNN,V1,f1,0.003105299928829346,-0.1288441900269611,0.1350547898846198,0.04729335319694964,0.9624716592721818,corrected resampled t-test (berpasangan),1.0,0.9816767222466434,tidak berbeda
Hepatitis,GB,imputasi=KNN,V1,average_precision,0.0019252207561147527,-0.09047231470050264,0.09432275621273216,0.04187206870067779,0.9667708397699344,corrected resampled t-test (berpasangan),1.0,0.9667708397699344,tidak berbeda
Hepatitis,GB,imputasi=KNN,V1,roc_auc,-0.009247619047619043,-0.07074154168266172,0.052246303587423645,-0.3022052492305285,0.7637746695685664,corrected resampled t-test (berpasangan),1.0,0.9353435842342349,tidak berbeda
Hepatitis,GB,imputasi=KNN,V2,accuracy,0.05821777485187629,,,,,deskriptif (tidak berpasangan),,,deskriptif
Hepatitis,GB,imputasi=KNN,V2,balanced_accuracy,0.1408142857142859,,,,,deskriptif (tidak berpasangan),,,deskriptif
Hepatitis,GB,imputasi=KNN,V2,recall,0.29296190476190487,,,,,deskriptif (tidak berpasangan),,,deskriptif
Hepatitis,GB,imputasi=KNN,V2,f1,0.31639502947142606,,,,,deskriptif (tidak berpasangan),,,deskriptif
Hepatitis,GB,imputasi=KNN,V2,average_precision,0.3355763240325039,,,,,deskriptif (tidak berpasangan),,,deskriptif
Hepatitis,GB,imputasi=KNN,V2,roc_auc,0.12052742857142862,,,,,deskriptif (tidak berpasangan),,,deskriptif
Hepatitis,GB,imputasi=KNN,V2b,accuracy,0.0025806451612903313,-0.05179292569247225,0.05695421601505292,0.09537723058655057,0.924404194191381,corrected resampled t-test (berpasangan),1.0,0.9770702541898557,tidak berbeda
Hepatitis,GB,imputasi=KNN,V2b,balanced_accuracy,0.026869047619047626,-0.05182704089562366,0.10556513613371891,0.6861252406399209,0.4958680543787962,corrected resampled t-test (berpasangan),1.0,0.9748281474863134,tidak berbeda
Hepatitis,GB,imputasi=KNN,V2b,recall,0.06857142857142856,-0.08408151592762414,0.22122437307048126,0.902697587019317,0.3711026732733492,corrected resampled t-test (berpasangan),1.0,0.9806440096217867,tidak berbeda
Hepatitis,GB,imputasi=KNN,V2b,f1,0.04061378525155614,-0.08658944902662616,0.16781701952973846,0.6416224987007978,0.5241085436532571,corrected resampled t-test (berpasangan),1.0,0.9816767222466434,tidak berbeda
Hepatitis,GB,imputasi=KNN,V2b,average_precision,0.07742222171009622,-0.043149580546972544,0.19799402396716498,1.2903993838959191,0.20296815262264956,corrected resampled t-test (berpasangan),1.0,0.8674136569094228,tidak berbeda
Hepatitis,GB,imputasi=KNN,V2b,roc_auc,0.05243333333333334,-0.020331780081498114,0.1251984467481648,1.4480665690394878,0.1539672240139227,corrected resampled t-test (berpasangan),1.0,0.6542097517782339,tidak berbeda
Hepatitis,GB,imputasi=KNN,V3,accuracy,0.013548387096774193,-0.04885578016993779,0.07595255436348618,0.436293029287387,0.664540506693178,corrected resampled t-test (berpasangan),1.0,0.9770702541898557,tidak berbeda
Hepatitis,GB,imputasi=KNN,V3,balanced_accuracy,0.011109523809523812,-0.07754674770143102,0.09976579532047863,0.25182001830325806,0.8022333972507374,corrected resampled t-test (berpasangan),1.0,0.9792755177649853,tidak berbeda
Hepatitis,GB,imputasi=KNN,V3,recall,0.007619047619047614,-0.16792652817455964,0.18316462341265485,0.08721979654806904,0.9308522677772466,corrected resampled t-test (berpasangan),1.0,0.9856082835288494,tidak berbeda
Hepatitis,GB,imputasi=KNN,V3,f1,0.022366179572061932,-0.11465443193443994,0.15938679107856382,0.32802744101037173,0.7442885036590089,corrected resampled t-test (berpasangan),1.0,0.9816767222466434,tidak berbeda
Hepatitis,GB,imputasi=KNN,V3,average_precision,0.04547998411601245,-0.07030479454360658,0.16126476277563148,0.7893563454759722,0.4337068284547114,corrected resampled t-test (berpasangan),1.0,0.8674136569094228,tidak berbeda
Hepatitis,GB,imputasi=KNN,V3,roc_auc,0.007819047619047621,-0.06546290521936063,0.08110100045745586,0.21441792752409428,0.8311109964321901,corrected resampled t-test (berpasangan),1.0,0.9353435842342349,tidak berbeda
Hepatitis,GB,seed=2024,V1,accuracy,0.007096774193548379,-0.018628352980727906,0.03282190136782466,0.5543802200666151,0.5818402486509426,corrected resampled t-test (berpasangan),1.0,0.9999999999999994,tidak berbeda
Hepatitis,GB,seed=2024,V1,balanced_accuracy,0.00593809523809523,-0.03664193942780961,0.04851812990400007,0.280249868844509,0.7804656050453243,corrected resampled t-test (berpasangan),1.0,0.8995778727649727,tidak berbeda
Hepatitis,GB,seed=2024,V1,recall,0.0038095238095238104,-0.08439337081450682,0.09201241843355443,0.08679448373489446,0.9311885900387133,corrected resampled t-test (berpasangan),1.0,0.9876242621622717,tidak berbeda
Hepatitis,GB,seed=2024,V1,f1,0.009005096210978565,-0.05071134561724089,0.06872153803919802,0.3030391258379286,0.7631429084182315,corrected resampled t-test (berpasangan),1.0,0.980218239695997,tidak berbeda
Hepatitis,GB,seed=2024,V1,average_precision,0.006007605748137478,-0.03577091469630457,0.04778612619257952,0.2889699204663475,0.773823457511548,corrected resampled t-test (berpasangan),1.0,0.9590559947529717,tidak berbeda
Hepatitis,GB,seed=2024,V1,roc_auc,-0.0029476190476190435,-0.027576332511816563,0.021681094416578478,-0.24051042079054463,0.8109380326160658,corrected resampled t-test (berpasangan),1.0,0.9290455377808227,tidak berbeda
Hepatitis,GB,seed=2024,V2,accuracy,0.09534930875576053,,,,,deskriptif (tidak berpasangan),,,deskriptif
Hepatitis,GB,seed=2024,V2,balanced_accuracy,0.18441190476190472,,,,,deskriptif (tidak berpasangan),,,deskriptif
Hepatitis,GB,seed=2024,V2,recall,0.35005714285714284,,,,,deskriptif (tidak berpasangan),,,deskriptif
Hepatitis,GB,seed=2024,V2,f1,0.3835980144318324,,,,,deskriptif (tidak berpasangan),,,deskriptif
Hepatitis,GB,seed=2024,V2,average_precision,0.38921073660549776,,,,,deskriptif (tidak berpasangan),,,deskriptif
Hepatitis,GB,seed=2024,V2,roc_auc,0.1561111428571429,,,,,deskriptif (tidak berpasangan),,,deskriptif
Hepatitis,GB,seed=2024,V2b,accuracy,0.03741935483870966,-0.02204741870716266,0.09688612838458198,1.2645214174336925,0.21202460173546012,corrected resampled t-test (berpasangan),1.0,0.9999999999999994,tidak berbeda
Hepatitis,GB,seed=2024,V2b,balanced_accuracy,0.06384047619047618,-0.030896431655030157,0.15857738403598254,1.354194926011238,0.1818867067870048,corrected resampled t-test (berpasangan),1.0,0.7883321754721451,tidak berbeda
Hepatitis,GB,seed=2024,V2b,recall,0.10904761904761907,-0.06379314447749947,0.28188838257273763,1.2678687026643574,0.2108364852143096,corrected resampled t-test (berpasangan),1.0,0.8591733948227284,tidak berbeda
Hepatitis,GB,seed=2024,V2b,f1,0.09525220651381644,-0.04528911660842344,0.23579352963605632,1.3619942589705607,0.17942859169854844,corrected resampled t-test (berpasangan),1.0,0.895048952706137,tidak berbeda
Hepatitis,GB,seed=2024,V2b,average_precision,0.0745954789846956,-0.06226532991328265,0.21145628788267384,1.0953115678590655,0.27873479074612195,corrected resampled t-test (berpasangan),1.0,0.8997349423134563,tidak berbeda
Hepatitis,GB,seed=2024,V2b,roc_auc,0.057564285714285714,-0.02270999207276917,0.1378385635013406,1.441056414974613,0.15592898645611233,corrected resampled t-test (berpasangan),1.0,0.6060449648187805,tidak berbeda
Hepatitis,GB,seed=2024,V3,accuracy,0.01806451612903226,-0.03601869590206997,0.07214772816013448,0.6712250044442165,0.5052292860313756,corrected resampled t-test (berpasangan),1.0,0.9999999999999994,tidak berbeda
Hepatitis,GB,seed=2024,V3,balanced_accuracy,0.032061904761904764,-0.04749362283993401,0.11161743236374354,0.8098847650478814,0.42192214709834,corrected resampled t-test (berpasangan),1.0,0.8210404718862765,tidak berbeda
Hepatitis,GB,seed=2024,V3,recall,0.05619047619047619,-0.09778880833590357,0.21016976071685595,0.7333388365445431,0.46684597492784596,corrected resampled t-test (berpasangan),1.0,0.9051404198383778,tidak berbeda
Hepatitis,GB,seed=2024,V3,f1,0.04236209679553332,-0.0703026784860115,0.15502687207707816,0.7556028083187702,0.4535044495408357,corrected resampled t-test (berpasangan),1.0,0.980218239695997,tidak berbeda
Hepatitis,GB,seed=2024,V3,average_precision,0.044779261671374006,-0.07038844490973206,0.15994696825248006,0.7813587501643278,0.43835058684329,corrected resampled t-test (berpasangan),1.0,0.8997349423134563,tidak berbeda
Hepatitis,GB,seed=2024,V3,roc_auc,0.028364285714285717,-0.03410363221377109,0.09083220364234253,0.9124710412319282,0.3659885305318523,corrected resampled t-test (berpasangan),1.0,0.822168123963908,tidak berbeda
Hepatitis,GB,seed=7,V1,accuracy,-0.0006451612903225757,-0.030688440611889786,0.029398118031244633,-0.043154415248958196,0.965753820140991,corrected resampled t-test (berpasangan),1.0,0.9999999999999998,tidak berbeda
Hepatitis,GB,seed=7,V1,balanced_accuracy,-0.00014523809523808828,-0.04724619395339335,0.046955717762917175,-0.006196623273926875,0.9950810015599163,corrected resampled t-test (berpasangan),1.0,0.9950810015599162,tidak berbeda
Hepatitis,GB,seed=7,V1,recall,0.00047619047619047895,-0.08615813637854941,0.08711051733093036,0.011045743905375011,0.991231801248224,corrected resampled t-test (berpasangan),1.0,0.9999999999999998,tidak berbeda
Hepatitis,GB,seed=7,V1,f1,0.001940814087872913,-0.0648577461804814,0.06873937435622723,0.05838766449559074,0.9536773071213624,corrected resampled t-test (berpasangan),1.0,0.9829631681132539,tidak berbeda
Hepatitis,GB,seed=7,V1,average_precision,0.011731581706228768,-0.03208727787716928,0.055550441289626815,0.5380216710878574,0.5929976086073435,corrected resampled t-test (berpasangan),1.0,0.9037048352846989,tidak berbeda
Hepatitis,GB,seed=7,V1,roc_auc,0.00715476190476191,-0.025611669791639532,0.03992119360116335,0.43880372649962474,0.6627325818155061,corrected resampled t-test (berpasangan),1.0,0.9812665546717477,tidak berbeda
Hepatitis,GB,seed=7,V2,accuracy,0.07464568795260029,,,,,deskriptif (tidak berpasangan),,,deskriptif
Hepatitis,GB,seed=7,V2,balanced_accuracy,0.1588785714285713,,,,,deskriptif (tidak berpasangan),,,deskriptif
Hepatitis,GB,seed=7,V2,recall,0.3181571428571429,,,,,deskriptif (tidak berpasangan),,,deskriptif
Hepatitis,GB,seed=7,V2,f1,0.3431389785128933,,,,,deskriptif (tidak berpasangan),,,deskriptif
Hepatitis,GB,seed=7,V2,average_precision,0.3577899779589695,,,,,deskriptif (tidak berpasangan),,,deskriptif
Hepatitis,GB,seed=7,V2,roc_auc,0.13830152380952387,,,,,deskriptif (tidak berpasangan),,,deskriptif
Hepatitis,GB,seed=7,V2b,accuracy,0.030322580645161298,-0.032200211734702236,0.09284537302502484,0.9746126938812671,0.33453947975002707,corrected resampled t-test (berpasangan),1.0,0.9999999999999998,tidak berbeda
Hepatitis,GB,seed=7,V2b,balanced_accuracy,0.07325000000000002,-0.026779231839768422,0.17327923183976846,1.4715836882775302,0.14752707638240564,corrected resampled t-test (berpasangan),1.0,0.7587106785380862,tidak berbeda
Hepatitis,GB,seed=7,V2b,recall,0.14666666666666667,-0.04303379816904418,0.3363671315023775,1.5537004683339781,0.1266916234325361,corrected resampled t-test (berpasangan),1.0,0.6410381531607051,tidak berbeda
Hepatitis,GB,seed=7,V2b,f1,0.10259494976987237,-0.048876829400758784,0.25406672894050353,1.361126616258658,0.17970078165628295,corrected resampled t-test (berpasangan),1.0,0.9829631681132539,tidak berbeda
Hepatitis,GB,seed=7,V2b,average_precision,0.10736700933384874,-0.028401270089081998,0.24313528875677948,1.5891936163259117,0.11844897553424703,corrected resampled t-test (berpasangan),1.0,0.708052374539456,tidak berbeda
Hepatitis,GB,seed=7,V2b,roc_auc,0.06248333333333334,-0.008740262314894602,0.13370692898156128,1.7629685512532085,0.08414149827950625,corrected resampled t-test (berpasangan),1.0,0.3786367422577781,tidak berbeda
Hepatitis,GB,seed=7,V3,accuracy,0.005161290322580658,-0.05312562570855668,0.06344820635371799,0.17794733220618678,0.8594979668942071,corrected resampled t-test (berpasangan),1.0,0.9999999999999998,tidak berbeda
Hepatitis,GB,seed=7,V3,balanced_accuracy,0.008028571428571428,-0.08322722652763322,0.09928436938477607,0.17679992584063323,0.8603943067644291,corrected resampled t-test (berpasangan),1.0,0.9950810015599162,tidak berbeda
Hepatitis,GB,seed=7,V3,recall,0.012857142857142852,-0.15405181957086028,0.17976610528514597,0.15479933190016187,0.8776154022118146,corrected resampled t-test (berpasangan),1.0,0.9999999999999998,tidak berbeda
Hepatitis,GB,seed=7,V3,f1,0.018174430145018385,-0.1179486791010847,0.15429753939112145,0.26830774673499197,0.7895888046103504,corrected resampled t-test (berpasangan),1.0,0.9829631681132539,tidak berbeda
Hepatitis,GB,seed=7,V3,average_precision,0.02278185600912034,-0.09295908119897567,0.13852279321721636,0.3955545439321445,0.6941506401778028,corrected resampled t-test (berpasangan),1.0,0.9037048352846989,tidak berbeda
Hepatitis,GB,seed=7,V3,roc_auc,0.007845238095238096,-0.05722105752286688,0.07291153371334308,0.24230050343414547,0.8095586261211781,corrected resampled t-test (berpasangan),1.0,0.9812665546717477,tidak berbeda
Hepatitis,GB,utama,V1,accuracy,0.0012903225806451578,-0.03270848664045694,0.03528913180174726,0.07626738588707137,0.939516926374775,corrected resampled t-test (berpasangan),1.0,0.9947826279262323,tidak berbeda
Hepatitis,GB,utama,V1,balanced_accuracy,-0.0016333333333333289,-0.0415533327364042,0.038286666069737546,-0.08222210083700231,0.9348050554211627,corrected resampled t-test (berpasangan),1.0,1.0,tidak berbeda
Hepatitis,GB,utama,V1,recall,-0.00666666666666667,-0.07425023058664888,0.06091689725331555,-0.19823115936576063,0.8436843602724828,corrected resampled t-test (berpasangan),1.0,0.9461611727988325,tidak berbeda
Hepatitis,GB,utama,V1,f1,-0.005480475664686194,-0.06983648881814618,0.05887553748877379,-0.17113285347108306,0.8648240520370378,corrected resampled t-test (berpasangan),1.0,0.9557473895288231,tidak berbeda
Hepatitis,GB,utama,V1,average_precision,-0.0029553727141000343,-0.052362664863404754,0.046451919435204686,-0.12020581490265224,0.9048116460298097,corrected resampled t-test (berpasangan),1.0,0.9648759115401204,tidak berbeda
Hepatitis,GB,utama,V1,roc_auc,-0.0014261904761904809,-0.02831689827335712,0.02546451732097616,-0.10658094544163482,0.9155566034116231,corrected resampled t-test (berpasangan),1.0,0.9995549423256764,tidak berbeda
Hepatitis,GB,utama,V2,accuracy,0.07227834101382469,,,,,deskriptif (tidak berpasangan),,,deskriptif
Hepatitis,GB,utama,V2,balanced_accuracy,0.14966904761904753,,,,,deskriptif (tidak berpasangan),,,deskriptif
Hepatitis,GB,utama,V2,recall,0.29053809523809504,,,,,deskriptif (tidak berpasangan),,,deskriptif
Hepatitis,GB,utama,V2,f1,0.32950270859278097,,,,,deskriptif (tidak berpasangan),,,deskriptif
Hepatitis,GB,utama,V2,average_precision,0.3348283425327854,,,,,deskriptif (tidak berpasangan),,,deskriptif
Hepatitis,GB,utama,V2,roc_auc,0.1324149523809527,,,,,deskriptif (tidak berpasangan),,,deskriptif
Hepatitis,GB,utama,V2b,accuracy,0.02516129032258063,-0.044998392909402954,0.09532097355456422,0.7206917644263355,0.47452355766610066,corrected resampled t-test (berpasangan),1.0,0.9743161451399626,tidak berbeda
Hepatitis,GB,utama,V2b,balanced_accuracy,0.05506904761904762,-0.045978018708904354,0.1561161139469996,1.095186612572961,0.2787889759873238,corrected resampled t-test (berpasangan),1.0,0.9162788504026079,tidak berbeda
Hepatitis,GB,utama,V2b,recall,0.10523809523809524,-0.07794877114011209,0.2884249616163026,1.1544707003102703,0.25390669468500926,corrected resampled t-test (berpasangan),1.0,0.7928427767023715,tidak berbeda
Hepatitis,GB,utama,V2b,f1,0.07801050067923132,-0.07165260232923326,0.2276736036876959,1.0474724033098555,0.3000212411998262,corrected resampled t-test (berpasangan),1.0,0.9557473895288231,tidak berbeda
Hepatitis,GB,utama,V2b,average_precision,0.0828343253086663,-0.0352834782641091,0.2009521288814417,1.4092863537151459,0.16506564737097865,corrected resampled t-test (berpasangan),1.0,0.7885671163907249,tidak berbeda
Hepatitis,GB,utama,V2b,roc_auc,0.05675952380952383,-0.02989376757204605,0.14341281519109372,1.3163093005521935,0.1941946344082228,corrected resampled t-test (berpasangan),1.0,0.7137177502604152,tidak berbeda
Hepatitis,GB,utama,V3,accuracy,0.008387096774193543,-0.043800464857627466,0.060574658406014545,0.32296013532095663,0.7480996095750841,corrected resampled t-test (berpasangan),1.0,0.9743161451399626,tidak berbeda
Hepatitis,GB,utama,V3,balanced_accuracy,0.01427142857142857,-0.05976075070539963,0.08830360784825678,0.38739247848808284,0.7001432937933179,corrected resampled t-test (berpasangan),1.0,1.0,tidak berbeda
Hepatitis,GB,utama,V3,recall,0.023809523809523805,-0.1171002720186479,0.1647193196376955,0.3395578647416809,0.73564066071154,corrected resampled t-test (berpasangan),1.0,0.9461611727988325,tidak berbeda
Hepatitis,GB,utama,V3,f1,0.019392920804685514,-0.09303603534650012,0.13182187695587114,0.3466325287330845,0.7303516101413533,corrected resampled t-test (berpasangan),1.0,0.9557473895288231,tidak berbeda
Hepatitis,GB,utama,V3,average_precision,0.019628473176464514,-0.0833307424889445,0.12258768884187353,0.38311183055671855,0.7032939194311487,corrected resampled t-test (berpasangan),1.0,0.9648759115401204,tidak berbeda
Hepatitis,GB,utama,V3,roc_auc,0.015995238095238107,-0.058995668552765085,0.09098614474324129,0.42863376084818605,0.6700682650571383,corrected resampled t-test (berpasangan),1.0,0.9995549423256764,tidak berbeda
Hepatitis,KNN,imputasi=KNN,V1,accuracy,-0.010967741935483877,-0.04607232774698805,0.024136843876020293,-0.6278525173367584,0.5330158937770568,corrected resampled t-test (berpasangan),1.0,0.9770702541898557,tidak berbeda
Hepatitis,KNN,imputasi=KNN,V1,balanced_accuracy,-0.00974761904761905,-0.061607630359825874,0.04211239226458778,-0.37772019977789256,0.7072697264865351,corrected resampled t-test (berpasangan),1.0,0.9792755177649853,tidak berbeda
Hepatitis,KNN,imputasi=KNN,V1,recall,-0.008095238095238093,-0.11268844142997575,0.09649796523949955,-0.15553582331177265,0.8770378935980874,corrected resampled t-test (berpasangan),1.0,0.9856082835288494,tidak berbeda
Hepatitis,KNN,imputasi=KNN,V1,f1,-0.014534222758142529,-0.07914320885926798,0.05007476334298292,-0.4520673650813395,0.6532153808189108,corrected resampled t-test (berpasangan),1.0,0.9816767222466434,tidak berbeda
Hepatitis,KNN,imputasi=KNN,V1,average_precision,-0.014649937904580095,-0.0943393831600981,0.06503950735093791,-0.3694360314022934,0.7133945354512723,corrected resampled t-test (berpasangan),1.0,0.9475779540892387,tidak berbeda
Hepatitis,KNN,imputasi=KNN,V1,roc_auc,-0.01195238095238095,-0.039700937219300445,0.015796175314538544,-0.8656021064317446,0.3909268513089056,corrected resampled t-test (berpasangan),1.0,0.9353435842342349,tidak berbeda
Hepatitis,KNN,imputasi=KNN,V2,accuracy,0.06857248189598408,,,,,deskriptif (tidak berpasangan),,,deskriptif
Hepatitis,KNN,imputasi=KNN,V2,balanced_accuracy,0.05597857142857143,,,,,deskriptif (tidak berpasangan),,,deskriptif
Hepatitis,KNN,imputasi=KNN,V2,recall,0.09095714285714296,,,,,deskriptif (tidak berpasangan),,,deskriptif
Hepatitis,KNN,imputasi=KNN,V2,f1,0.25405460540044755,,,,,deskriptif (tidak berpasangan),,,deskriptif
Hepatitis,KNN,imputasi=KNN,V2,average_precision,0.27743793005320394,,,,,deskriptif (tidak berpasangan),,,deskriptif
Hepatitis,KNN,imputasi=KNN,V2,roc_auc,0.0665793333333331,,,,,deskriptif (tidak berpasangan),,,deskriptif
Hepatitis,KNN,imputasi=KNN,V2b,accuracy,0.02258064516129032,-0.031967248101226725,0.07712853842380737,0.8318837370406581,0.4095104699353499,corrected resampled t-test (berpasangan),1.0,0.9770702541898557,tidak berbeda
Hepatitis,KNN,imputasi=KNN,V2b,balanced_accuracy,0.05031904761904762,-0.021126610673571224,0.12176470591166647,1.4153401946996707,0.163293306542577,corrected resampled t-test (berpasangan),1.0,0.9201535756818399,tidak berbeda
Hepatitis,KNN,imputasi=KNN,V2b,recall,0.09857142857142856,-0.03365661437646003,0.23079947151931715,1.4980687702035438,0.14053033921861371,corrected resampled t-test (berpasangan),1.0,0.9160179125337264,tidak berbeda
Hepatitis,KNN,imputasi=KNN,V2b,f1,0.05702028449706468,-0.03544300175104658,0.14948357074517593,1.239265401852087,0.22115033166650158,corrected resampled t-test (berpasangan),1.0,0.9816767222466434,tidak berbeda
Hepatitis,KNN,imputasi=KNN,V2b,average_precision,0.06914922057798283,-0.06921565374169471,0.20751409489766037,1.0043051883001177,0.32016546618101843,corrected resampled t-test (berpasangan),1.0,0.8674136569094228,tidak berbeda
Hepatitis,KNN,imputasi=KNN,V2b,roc_auc,0.0504142857142857,-0.012282733306557561,0.11311130473512897,1.6158870328780912,0.1125399654331392,corrected resampled t-test (berpasangan),1.0,0.5787769650847159,tidak berbeda
Hepatitis,KNN,imputasi=KNN,V3,accuracy,-0.008387096774193555,-0.06605496260714828,0.04928076905876117,-0.29226852291544436,0.7713152937516632,corrected resampled t-test (berpasangan),1.0,0.9770702541898557,tidak berbeda
Hepatitis,KNN,imputasi=KNN,V3,balanced_accuracy,0.0038738095238095393,-0.06233240168736249,0.07008002073498157,0.11758279985764307,0.906878897592714,corrected resampled t-test (berpasangan),1.0,0.9792755177649853,tidak berbeda
Hepatitis,KNN,imputasi=KNN,V3,recall,0.02571428571428572,-0.09565274934641191,0.14708132077498334,0.4257728774387941,0.6721377432725244,corrected resampled t-test (berpasangan),1.0,0.9806440096217867,tidak berbeda
Hepatitis,KNN,imputasi=KNN,V3,f1,0.0009308952141769422,-0.080106779752568,0.08196857018092188,0.023084373645741726,0.9816767222466434,corrected resampled t-test (berpasangan),1.0,0.9816767222466434,tidak berbeda
Hepatitis,KNN,imputasi=KNN,V3,average_precision,0.038144909283823344,-0.0961727078141824,0.17246252638182907,0.5707000070041224,0.5708110950804921,corrected resampled t-test (berpasangan),1.0,0.9475779540892387,tidak berbeda
Hepatitis,KNN,imputasi=KNN,V3,roc_auc,0.012345238095238086,-0.04398461888837593,0.06867509507885211,0.44041803172480753,0.6615712068845934,corrected resampled t-test (berpasangan),1.0,0.9353435842342349,tidak berbeda
Hepatitis,KNN,seed=2024,V1,accuracy,-0.004516129032258072,-0.031745466974501035,0.02271320890998489,-0.3332986309925669,0.7403308969005261,corrected resampled t-test (berpasangan),1.0,0.9999999999999994,tidak berbeda
Hepatitis,KNN,seed=2024,V1,balanced_accuracy,-0.007423809523809522,-0.04281277119927939,0.02796515215166035,-0.4215637605144475,0.675187151490586,corrected resampled t-test (berpasangan),1.0,0.8995778727649727,tidak berbeda
Hepatitis,KNN,seed=2024,V1,recall,-0.012380952380952381,-0.07655613489856003,0.05179423013665527,-0.3876959021865765,0.699920170049631,corrected resampled t-test (berpasangan),1.0,0.9533034272888417,tidak berbeda
Hepatitis,KNN,seed=2024,V1,f1,-0.008210942136638732,-0.04801718584239808,0.03159530156912061,-0.41452054837381547,0.6803020897440122,corrected resampled t-test (berpasangan),1.0,0.980218239695997,tidak berbeda
Hepatitis,KNN,seed=2024,V1,average_precision,0.005457248552688766,-0.02073513705674332,0.03164963416212085,0.4186999879837676,0.6772650390659747,corrected resampled t-test (berpasangan),1.0,0.9590559947529717,tidak berbeda
Hepatitis,KNN,seed=2024,V1,roc_auc,0.0016595238095238152,-0.01009104837812918,0.013410095997176812,0.28381068559099254,0.7777512696600744,corrected resampled t-test (berpasangan),1.0,0.9290455377808227,tidak berbeda
Hepatitis,KNN,seed=2024,V2,accuracy,0.08332402896642532,,,,,deskriptif (tidak berpasangan),,,deskriptif
Hepatitis,KNN,seed=2024,V2,balanced_accuracy,0.07872619047619056,,,,,deskriptif (tidak berpasangan),,,deskriptif
Hepatitis,KNN,seed=2024,V2,recall,0.13631904761904778,,,,,deskriptif (tidak berpasangan),,,deskriptif
Hepatitis,KNN,seed=2024,V2,f1,0.27694655863010476,,,,,deskriptif (tidak berpasangan),,,deskriptif
Hepatitis,KNN,seed=2024,V2,average_precision,0.3173420593769902,,,,,deskriptif (tidak berpasangan),,,deskriptif
Hepatitis,KNN,seed=2024,V2,roc_auc,0.09108123809523805,,,,,deskriptif (tidak berpasangan),,,deskriptif
Hepatitis,KNN,seed=2024,V2b,accuracy,0.02774193548387096,-0.030405771091210294,0.08588964205895222,0.9587567556632663,0.34238831293459027,corrected resampled t-test (berpasangan),1.0,0.9999999999999994,tidak berbeda
Hepatitis,KNN,seed=2024,V2b,balanced_accuracy,0.05456666666666666,-0.013382940652027435,0.12251627398536075,1.6137815403061642,0.1129971797402444,corrected resampled t-test (berpasangan),1.0,0.6591502151514256,tidak berbeda
Hepatitis,KNN,seed=2024,V2b,recall,0.10000000000000002,-0.019814658058528195,0.21981465805852823,1.677236547724864,0.09986511023761409,corrected resampled t-test (berpasangan),1.0,0.5825464763860821,tidak berbeda
Hepatitis,KNN,seed=2024,V2b,f1,0.056077180600467715,-0.025277881374086812,0.13743224257502223,1.3851788766373891,0.17227178161499798,corrected resampled t-test (berpasangan),1.0,0.895048952706137,tidak berbeda
Hepatitis,KNN,seed=2024,V2b,average_precision,0.062081169493410054,-0.0848838646976312,0.20904620368445131,0.8488875019068229,0.4000721305809487,corrected resampled t-test (berpasangan),1.0,0.8997349423134563,tidak berbeda
Hepatitis,KNN,seed=2024,V2b,roc_auc,0.054661904761904766,-0.005719706711293404,0.11504351623510294,1.8192162713028932,0.07499146287672712,corrected resampled t-test (berpasangan),1.0,0.4499487772603627,tidak berbeda
Hepatitis,KNN,seed=2024,V3,accuracy,0.01612903225806452,-0.032588844324627386,0.06484690884075643,0.6653102732642348,0.5089717210734443,corrected resampled t-test (berpasangan),1.0,0.9999999999999994,tidak berbeda
Hepatitis,KNN,seed=2024,V3,balanced_accuracy,0.01798095238095238,-0.04863085896274298,0.08459276372464773,0.5424574991791103,0.5899621732467792,corrected resampled t-test (berpasangan),1.0,0.8995778727649727,tidak berbeda
Hepatitis,KNN,seed=2024,V3,recall,0.021428571428571422,-0.09914698885408604,0.1420041317112289,0.35713975827598854,0.7225207630384226,corrected resampled t-test (berpasangan),1.0,0.9533034272888417,tidak berbeda
Hepatitis,KNN,seed=2024,V3,f1,0.020626667950735797,-0.059277504981920984,0.10053084088339258,0.5187569004533179,0.6062652978726035,corrected resampled t-test (berpasangan),1.0,0.980218239695997,tidak berbeda
Hepatitis,KNN,seed=2024,V3,average_precision,0.03780297823950215,-0.08835414161588986,0.16396009809489417,0.602169175605122,0.5498380203026678,corrected resampled t-test (berpasangan),1.0,0.8997349423134563,tidak berbeda
Hepatitis,KNN,seed=2024,V3,roc_auc,0.026202380952380963,-0.026559291123985487,0.07896405302874741,0.9979906582631337,0.3231869381665964,corrected resampled t-test (berpasangan),1.0,0.822168123963908,tidak berbeda
Hepatitis,KNN,seed=7,V1,accuracy,-0.0019354838709677448,-0.02046015557040559,0.016589187828470103,-0.20996325964406262,0.8345669463258495,corrected resampled t-test (berpasangan),1.0,0.9999999999999998,tidak berbeda
Hepatitis,KNN,seed=7,V1,balanced_accuracy,-0.004319047619047618,-0.029421800852726557,0.02078370561463132,-0.34575693952856734,0.731005494337025,corrected resampled t-test (berpasangan),1.0,0.9950810015599162,tidak berbeda
Hepatitis,KNN,seed=7,V1,recall,-0.00857142857142857,-0.058740035256240206,0.041597178113383065,-0.3433408204766998,0.732810879976254,corrected resampled t-test (berpasangan),1.0,0.9999999999999998,tidak berbeda
Hepatitis,KNN,seed=7,V1,f1,-0.004412919725613227,-0.03375001300853789,0.02492417355731143,-0.30228264630234636,0.7637160252065529,corrected resampled t-test (berpasangan),1.0,0.9829631681132539,tidak berbeda
Hepatitis,KNN,seed=7,V1,average_precision,0.0034508355012556747,-0.027578864659687407,0.034480535662198754,0.22348632199637705,0.8240861620805315,corrected resampled t-test (berpasangan),1.0,0.9037048352846989,tidak berbeda
Hepatitis,KNN,seed=7,V1,roc_auc,0.0011857142857142967,-0.006367350534423893,0.008738779105852487,0.31547221167736744,0.7537428649607529,corrected resampled t-test (berpasangan),1.0,0.9812665546717477,tidak berbeda
Hepatitis,KNN,seed=7,V2,accuracy,0.06579986833443052,,,,,deskriptif (tidak berpasangan),,,deskriptif
Hepatitis,KNN,seed=7,V2,balanced_accuracy,0.056116666666666815,,,,,deskriptif (tidak berpasangan),,,deskriptif
Hepatitis,KNN,seed=7,V2,recall,0.10120000000000029,,,,,deskriptif (tidak berpasangan),,,deskriptif
Hepatitis,KNN,seed=7,V2,f1,0.2572008116832364,,,,,deskriptif (tidak berpasangan),,,deskriptif
Hepatitis,KNN,seed=7,V2,average_precision,0.3210328570360077,,,,,deskriptif (tidak berpasangan),,,deskriptif
Hepatitis,KNN,seed=7,V2,roc_auc,0.07852504761904766,,,,,deskriptif (tidak berpasangan),,,deskriptif
Hepatitis,KNN,seed=7,V2b,accuracy,0.023870967741935485,-0.03298816549718624,0.0807301009810572,0.843672825537875,0.4029522312080632,corrected resampled t-test (berpasangan),1.0,0.9999999999999998,tidak berbeda
Hepatitis,KNN,seed=7,V2b,balanced_accuracy,0.04286904761904761,-0.024116846146611068,0.10985494138470629,1.2860704183892224,0.20446259018787052,corrected resampled t-test (berpasangan),1.0,0.8140722435171753,tidak berbeda
Hepatitis,KNN,seed=7,V2b,recall,0.07523809523809524,-0.04783402823062656,0.19831021870681703,1.2285203880393156,0.225119646552304,corrected resampled t-test (berpasangan),1.0,0.8369419188297622,tidak berbeda
Hepatitis,KNN,seed=7,V2b,f1,0.04977678341610231,-0.03443431849391572,0.13398788532612033,1.187850401392651,0.2406183809493858,corrected resampled t-test (berpasangan),1.0,0.9829631681132539,tidak berbeda
Hepatitis,KNN,seed=7,V2b,average_precision,0.09335723227377578,-0.04587641744798042,0.23259088199553196,1.34743564011108,0.18403778866385662,corrected resampled t-test (berpasangan),1.0,0.7156513743299526,tidak berbeda
Hepatitis,KNN,seed=7,V2b,roc_auc,0.053790476190476194,0.0012036038720776784,0.1063773485088747,2.055570221960947,0.045173027007264555,corrected resampled t-test (berpasangan),1.0,0.3541688393423874,tidak berbeda
Hepatitis,KNN,seed=7,V3,accuracy,0.009677419354838717,-0.03710065312233228,0.05645549183200972,0.4157397096415494,0.6794156132876468,corrected resampled t-test (berpasangan),1.0,0.9999999999999998,tidak berbeda
Hepatitis,KNN,seed=7,V3,balanced_accuracy,0.018538095238095253,-0.05185272869545286,0.08892891917164338,0.5292408158234886,0.599028001357044,corrected resampled t-test (berpasangan),1.0,0.9950810015599162,tidak berbeda
Hepatitis,KNN,seed=7,V3,recall,0.03380952380952382,-0.10485231365634853,0.17247136127539617,0.48998904802638643,0.6263284269544145,corrected resampled t-test (berpasangan),1.0,0.9999999999999998,tidak berbeda
Hepatitis,KNN,seed=7,V3,f1,0.024083094751825414,-0.05937035800784229,0.10753654751149311,0.5799255654825958,0.5646220529146161,corrected resampled t-test (berpasangan),1.0,0.9829631681132539,tidak berbeda
Hepatitis,KNN,seed=7,V3,average_precision,0.024165012013466467,-0.07326800021668077,0.1215980242436137,0.4984081736967052,0.6204263050243055,corrected resampled t-test (berpasangan),1.0,0.9037048352846989,tidak berbeda
Hepatitis,KNN,seed=7,V3,roc_auc,0.01399285714285715,-0.028224848466519254,0.05621056275223356,0.6660641256588296,0.5084939038870622,corrected resampled t-test (berpasangan),1.0,0.9812665546717477,tidak berbeda
Hepatitis,KNN,utama,V1,accuracy,0.0012903225806451602,-0.017909532464469316,0.020490177625759637,0.13505311870708755,0.8931231330449656,corrected resampled t-test (berpasangan),1.0,0.9743161451399626,tidak berbeda
Hepatitis,KNN,utama,V1,balanced_accuracy,0.0018285714285714283,-0.024903676142319503,0.028560818999462362,0.13746138807097794,0.8912294106233525,corrected resampled t-test (berpasangan),1.0,1.0,tidak berbeda
Hepatitis,KNN,utama,V1,recall,0.002857142857142856,-0.05115704629468861,0.056871332008974325,0.10629880069054669,0.9157792860332711,corrected resampled t-test (berpasangan),1.0,0.9461611727988325,tidak berbeda
Hepatitis,KNN,utama,V1,f1,0.0023122965785504503,-0.02733575382451351,0.03196034698161441,0.1567298313338304,0.8761017737347545,corrected resampled t-test (berpasangan),1.0,0.9557473895288231,tidak berbeda
Hepatitis,KNN,utama,V1,average_precision,-0.0021844608485297014,-0.03188443025128084,0.027515508554221437,-0.14780615974338127,0.8831022947302795,corrected resampled t-test (berpasangan),1.0,0.9648759115401204,tidak berbeda
Hepatitis,KNN,utama,V1,roc_auc,-2.3809523809492637e-06,-0.008536586313694503,0.008531824408932603,-0.0005606500824251682,0.9995549423256764,corrected resampled t-test (berpasangan),1.0,0.9995549423256764,tidak berbeda
Hepatitis,KNN,utama,V2,accuracy,0.07981171823568134,,,,,deskriptif (tidak berpasangan),,,deskriptif
Hepatitis,KNN,utama,V2,balanced_accuracy,0.06737380952380945,,,,,deskriptif (tidak berpasangan),,,deskriptif
Hepatitis,KNN,utama,V2,recall,0.11038095238095236,,,,,deskriptif (tidak berpasangan),,,deskriptif
Hepatitis,KNN,utama,V2,f1,0.2711778212223145,,,,,deskriptif (tidak berpasangan),,,deskriptif
Hepatitis,KNN,utama,V2,average_precision,0.2604515396242528,,,,,deskriptif (tidak berpasangan),,,deskriptif
Hepatitis,KNN,utama,V2,roc_auc,0.0632760952380953,,,,,deskriptif (tidak berpasangan),,,deskriptif
Hepatitis,KNN,utama,V2b,accuracy,0.010322580645161292,-0.06311062958771893,0.08375579087804153,0.2824880235352356,0.7787591826626479,corrected resampled t-test (berpasangan),1.0,0.9743161451399626,tidak berbeda
Hepatitis,KNN,utama,V2b,balanced_accuracy,0.03661428571428571,-0.03896152292751909,0.11219009435609051,0.973580873592403,0.33504657551955064,corrected resampled t-test (berpasangan),1.0,0.9162788504026079,tidak berbeda
Hepatitis,KNN,utama,V2b,recall,0.08142857142857142,-0.04654087127388422,0.20939801413102704,1.2787180835284877,0.2070196310572111,corrected resampled t-test (berpasangan),1.0,0.7928427767023715,tidak berbeda
Hepatitis,KNN,utama,V2b,f1,0.03984412967717584,-0.05416830021783455,0.13385655957218623,0.8516935082780868,0.3985276470619119,corrected resampled t-test (berpasangan),1.0,0.9557473895288231,tidak berbeda
Hepatitis,KNN,utama,V2b,average_precision,0.06286407958940808,-0.0832542985716342,0.20898245775045038,0.8645736359227867,0.39148576576269234,corrected resampled t-test (berpasangan),1.0,0.9648759115401204,tidak berbeda
Hepatitis,KNN,utama,V2b,roc_auc,0.06025714285714285,0.0032137843095302807,0.11730050140475543,2.122793346498365,0.03884823231937604,corrected resampled t-test (berpasangan),1.0,0.2797072726995075,tidak berbeda
Hepatitis,KNN,utama,V3,accuracy,0.0038709677419354804,-0.03618159945227179,0.043923534936142754,0.19421978296625186,0.8468067646018216,corrected resampled t-test (berpasangan),1.0,0.9743161451399626,tidak berbeda
Hepatitis,KNN,utama,V3,balanced_accuracy,0.004285714285714284,-0.055322166717864184,0.06389359528929275,0.14448534565674293,0.8857098721568564,corrected resampled t-test (berpasangan),1.0,1.0,tidak berbeda
Hepatitis,KNN,utama,V3,recall,0.00523809523809524,-0.12016229818873636,0.13063848866492683,0.08394189347192074,0.933444641425232,corrected resampled t-test (berpasangan),1.0,0.9461611727988325,tidak berbeda
Hepatitis,KNN,utama,V3,f1,0.005668277611621264,-0.05980299233881785,0.07113954756206038,0.17398211947234937,0.8625963272773967,corrected resampled t-test (berpasangan),1.0,0.9557473895288231,tidak berbeda
Hepatitis,KNN,utama,V3,average_precision,0.004919685736209965,-0.11810520486227807,0.127944576334698,0.08036161275057342,0.9362769851664836,corrected resampled t-test (berpasangan),1.0,0.9648759115401204,tidak berbeda
Hepatitis,KNN,utama,V3,roc_auc,0.011130952380952373,-0.031855180454129134,0.05411708521603388,0.52036516815454,0.6051524569425533,corrected resampled t-test (berpasangan),1.0,0.9995549423256764,tidak berbeda
Hepatitis,NB,imputasi=KNN,V1,accuracy,-0.003225806451612896,-0.030658477681656977,0.024206864778431182,-0.2363058523195217,0.8141803733656783,corrected resampled t-test (berpasangan),1.0,0.9770702541898557,tidak berbeda
Hepatitis,NB,imputasi=KNN,V1,balanced_accuracy,-0.003571428571428572,-0.02995073365020762,0.022807876507350475,-0.27207139791804624,0.7867102809517104,corrected resampled t-test (berpasangan),1.0,0.9792755177649853,tidak berbeda
Hepatitis,NB,imputasi=KNN,V1,recall,-0.003809523809523814,-0.044726827561827415,0.03710777994277979,-0.1870974869008822,0.8523567518806664,corrected resampled t-test (berpasangan),1.0,0.9856082835288494,tidak berbeda
Hepatitis,NB,imputasi=KNN,V1,f1,-0.004365546218487393,-0.04559649633158178,0.036865403894607,-0.2127744701886976,0.8323856094575861,corrected resampled t-test (berpasangan),1.0,0.9816767222466434,tidak berbeda
Hepatitis,NB,imputasi=KNN,V1,average_precision,-0.008218791616108206,-0.03812773812222144,0.02169015489000503,-0.5522187177600103,0.5833086909757564,corrected resampled t-test (berpasangan),1.0,0.9475779540892387,tidak berbeda
Hepatitis,NB,imputasi=KNN,V1,roc_auc,-0.0020190476190476204,-0.015407503182595544,0.011369407944500304,-0.3030542300591755,0.7631314666640379,corrected resampled t-test (berpasangan),1.0,0.9353435842342349,tidak berbeda
Hepatitis,NB,imputasi=KNN,V2,accuracy,0.001402501645819565,,,,,deskriptif (tidak berpasangan),,,deskriptif
Hepatitis,NB,imputasi=KNN,V2,balanced_accuracy,0.025285714285714356,,,,,deskriptif (tidak berpasangan),,,deskriptif
Hepatitis,NB,imputasi=KNN,V2,recall,0.06843809523809552,,,,,deskriptif (tidak berpasangan),,,deskriptif
Hepatitis,NB,imputasi=KNN,V2,f1,0.18327416911896555,,,,,deskriptif (tidak berpasangan),,,deskriptif
Hepatitis,NB,imputasi=KNN,V2,average_precision,0.15010724351553795,,,,,deskriptif (tidak berpasangan),,,deskriptif
Hepatitis,NB,imputasi=KNN,V2,roc_auc,0.023426857142857305,,,,,deskriptif (tidak berpasangan),,,deskriptif
Hepatitis,NB,imputasi=KNN,V2b,accuracy,-0.018064516129032263,-0.06577868388282292,0.029649651624758393,-0.7608223289831999,0.45040907161440513,corrected resampled t-test (berpasangan),1.0,0.9770702541898557,tidak berbeda
Hepatitis,NB,imputasi=KNN,V2b,balanced_accuracy,-0.002607142857142852,-0.047730936482108584,0.042516650767822885,-0.11610836096881232,0.9080412194233274,corrected resampled t-test (berpasangan),1.0,0.9792755177649853,tidak berbeda
Hepatitis,NB,imputasi=KNN,V2b,recall,0.02428571428571429,-0.06191067928555602,0.11048210785698459,0.5661950339035858,0.5738453502299671,corrected resampled t-test (berpasangan),1.0,0.9806440096217867,tidak berbeda
Hepatitis,NB,imputasi=KNN,V2b,f1,-0.01332039786838549,-0.08384482331984718,0.0572040275830762,-0.3795612867243221,0.7059111704243726,corrected resampled t-test (berpasangan),1.0,0.9816767222466434,tidak berbeda
Hepatitis,NB,imputasi=KNN,V2b,average_precision,0.0154310923690623,-0.03704635281873674,0.06790853755686134,0.5909194122352739,0.5572904717067109,corrected resampled t-test (berpasangan),1.0,0.9475779540892387,tidak berbeda
Hepatitis,NB,imputasi=KNN,V2b,roc_auc,0.00921904761904762,-0.01576048748826321,0.03419858272635845,0.7416619124906227,0.46183233094975973,corrected resampled t-test (berpasangan),1.0,0.9353435842342349,tidak berbeda
Hepatitis,NB,imputasi=KNN,V3,accuracy,0.020000000000000007,-0.021332887275121382,0.0613328872751214,0.9723856071863578,0.3356346359253761,corrected resampled t-test (berpasangan),1.0,0.9770702541898557,tidak berbeda
Hepatitis,NB,imputasi=KNN,V3,balanced_accuracy,0.02762142857142859,-0.01676796699379811,0.07201082413665529,1.2504639473360684,0.21706876041783893,corrected resampled t-test (berpasangan),1.0,0.9201535756818399,tidak berbeda
Hepatitis,NB,imputasi=KNN,V3,recall,0.040476190476190485,-0.03183426365850753,0.1127866446108885,1.1248712366804177,0.2661236868399427,corrected resampled t-test (berpasangan),1.0,0.9331736362152121,tidak berbeda
Hepatitis,NB,imputasi=KNN,V3,f1,0.03833585970273276,-0.03196115466573751,0.10863287407120303,1.095904213622167,0.27847789817359264,corrected resampled t-test (berpasangan),1.0,0.9816767222466434,tidak berbeda
Hepatitis,NB,imputasi=KNN,V3,average_precision,0.00984951011666976,-0.03801167819511597,0.0577106984284555,0.4135570448725443,0.6810029947471973,corrected resampled t-test (berpasangan),1.0,0.9475779540892387,tidak berbeda
Hepatitis,NB,imputasi=KNN,V3,roc_auc,0.00817857142857143,-0.035354227925445555,0.05171137078258842,0.37754187280036683,0.7074013668507595,corrected resampled t-test (berpasangan),1.0,0.9353435842342349,tidak berbeda
Hepatitis,NB,seed=2024,V1,accuracy,-0.0025806451612903226,-0.017552103179693065,0.01239081285711242,-0.3463924888784292,0.7305308502312,corrected resampled t-test (berpasangan),1.0,0.9999999999999994,tidak berbeda
Hepatitis,NB,seed=2024,V1,balanced_accuracy,-0.0013619047619047597,-0.011931486988345522,0.009207677464536,-0.2589364482552821,0.7967689730204044,corrected resampled t-test (berpasangan),1.0,0.8995778727649727,tidak berbeda
Hepatitis,NB,seed=2024,V1,recall,0.0004761904761904778,-0.03226520495413876,0.033217585906519714,0.02922723895162903,0.9768020756379445,corrected resampled t-test (berpasangan),1.0,0.9899288271272922,tidak berbeda
Hepatitis,NB,seed=2024,V1,f1,-0.00109157509157509,-0.015069319308374827,0.012886169125224646,-0.1569353564202526,0.8759406570273083,corrected resampled t-test (berpasangan),1.0,0.9893099123284912,tidak berbeda
Hepatitis,NB,seed=2024,V1,average_precision,0.0014042173293534455,-0.003009481964355524,0.005817916623062415,0.6393458595902546,0.5255757827124603,corrected resampled t-test (berpasangan),1.0,0.8997349423134563,tidak berbeda
Hepatitis,NB,seed=2024,V1,roc_auc,0.0014523809523809494,-0.0032568981778096384,0.0061616600825715375,0.6197697592902051,0.5382808968213927,corrected resampled t-test (berpasangan),1.0,0.8808232857077335,tidak berbeda
Hepatitis,NB,seed=2024,V2,accuracy,-0.004905595786701689,,,,,deskriptif (tidak berpasangan),,,deskriptif
Hepatitis,NB,seed=2024,V2,balanced_accuracy,0.02571190476190477,,,,,deskriptif (tidak berpasangan),,,deskriptif
Hepatitis,NB,seed=2024,V2,recall,0.06262380952380975,,,,,deskriptif (tidak berpasangan),,,deskriptif
Hepatitis,NB,seed=2024,V2,f1,0.17795196653084422,,,,,deskriptif (tidak berpasangan),,,deskriptif
Hepatitis,NB,seed=2024,V2,average_precision,0.15548003977477776,,,,,deskriptif (tidak berpasangan),,,deskriptif
Hepatitis,NB,seed=2024,V2,roc_auc,0.029277238095237967,,,,,deskriptif (tidak berpasangan),,,deskriptif
Hepatitis,NB,seed=2024,V2b,accuracy,-0.005161290322580641,-0.05099425381058004,0.040671673165418754,-0.22630003431880666,0.8219094400025742,corrected resampled t-test (berpasangan),1.0,0.9999999999999994,tidak berbeda
Hepatitis,NB,seed=2024,V2b,balanced_accuracy,0.014492857142857139,-0.048502144964061134,0.07748785924977541,0.46233011853613726,0.6458910398592774,corrected resampled t-test (berpasangan),1.0,0.8995778727649727,tidak berbeda
Hepatitis,NB,seed=2024,V2b,recall,0.047619047619047616,-0.062426997202616505,0.15766509244071175,0.869581991249918,0.38876872414454877,corrected resampled t-test (berpasangan),1.0,0.9051404198383778,tidak berbeda
Hepatitis,NB,seed=2024,V2b,f1,0.006667912754600071,-0.08200582526300834,0.09534165077220849,0.15111207260393353,0.8805077143706558,corrected resampled t-test (berpasangan),1.0,0.9893099123284912,tidak berbeda
Hepatitis,NB,seed=2024,V2b,average_precision,0.011417965125549328,-0.023984745505971634,0.046820675757070294,0.6481215572272023,0.5199319953616471,corrected resampled t-test (berpasangan),1.0,0.8997349423134563,tidak berbeda
Hepatitis,NB,seed=2024,V2b,roc_auc,0.0102547619047619,-0.01938623706708404,0.039895760876607844,0.6952436245136957,0.49018672846800115,corrected resampled t-test (berpasangan),1.0,0.8404277379975034,tidak berbeda
Hepatitis,NB,seed=2024,V3,accuracy,0.02903225806451613,-0.01079420178351596,0.06885871791254822,1.464918223471827,0.14933048478743643,corrected resampled t-test (berpasangan),1.0,0.9999999999999994,tidak berbeda
Hepatitis,NB,seed=2024,V3,balanced_accuracy,0.025059523809523813,-0.023854785504433342,0.07397383312348096,1.0295351021412122,0.30828359110927517,corrected resampled t-test (berpasangan),1.0,0.7883321754721451,tidak berbeda
Hepatitis,NB,seed=2024,V3,recall,0.017619047619047628,-0.07332303977562478,0.10856113501372004,0.38933350624408897,0.69871641317759,corrected resampled t-test (berpasangan),1.0,0.9533034272888417,tidak berbeda
Hepatitis,NB,seed=2024,V3,f1,0.045189840946806906,-0.02559094148778393,0.11597062338139774,1.2830090611265859,0.20552439634631964,corrected resampled t-test (berpasangan),1.0,0.895048952706137,tidak berbeda
Hepatitis,NB,seed=2024,V3,average_precision,0.012065381696508903,-0.015096388242667805,0.03922715163568561,0.8926624555858604,0.3764010737549567,corrected resampled t-test (berpasangan),1.0,0.8997349423134563,tidak berbeda
Hepatitis,NB,seed=2024,V3,roc_auc,0.009909523809523813,-0.012965647872501797,0.03278469549154942,0.8705479421099944,0.38824605853851213,corrected resampled t-test (berpasangan),1.0,0.822168123963908,tidak berbeda
Hepatitis,NB,seed=7,V1,accuracy,1.1102230246251566e-18,-0.006805208190183065,0.0068052081901830664,3.2784841149531383e-16,0.9999999999999998,corrected resampled t-test (berpasangan),1.0,0.9999999999999998,tidak berbeda
Hepatitis,NB,seed=7,V1,balanced_accuracy,-0.0010119047619047605,-0.012059590762609993,0.010035781238800471,-0.18406558161190473,0.854721643750987,corrected resampled t-test (berpasangan),1.0,0.9950810015599162,tidak berbeda
Hepatitis,NB,seed=7,V1,recall,-0.002857142857142856,-0.023953288246710346,0.018239002532424633,-0.2721655269759087,0.7866383272810354,corrected resampled t-test (berpasangan),1.0,0.9999999999999998,tidak berbeda
Hepatitis,NB,seed=7,V1,f1,-0.001420361247947456,-0.013896764173026549,0.011056041677131636,-0.22877770179783605,0.8199938551714514,corrected resampled t-test (berpasangan),1.0,0.9829631681132539,tidak berbeda
Hepatitis,NB,seed=7,V1,average_precision,0.00035330561899138413,-0.004813471269708342,0.0055200825076911104,0.1374153050200012,0.8912656416791016,corrected resampled t-test (berpasangan),1.0,0.9037048352846989,tidak berbeda
Hepatitis,NB,seed=7,V1,roc_auc,-0.00028095238095237506,-0.0035638223677631666,0.003001917605858416,-0.17198212207640837,0.8641599268665228,corrected resampled t-test (berpasangan),1.0,0.9812665546717477,tidak berbeda
Hepatitis,NB,seed=7,V2,accuracy,0.013860961158656648,,,,,deskriptif (tidak berpasangan),,,deskriptif
Hepatitis,NB,seed=7,V2,balanced_accuracy,0.04231904761904748,,,,,deskriptif (tidak berpasangan),,,deskriptif
Hepatitis,NB,seed=7,V2,recall,0.08870476190476195,,,,,deskriptif (tidak berpasangan),,,deskriptif
Hepatitis,NB,seed=7,V2,f1,0.19491610253969316,,,,,deskriptif (tidak berpasangan),,,deskriptif
Hepatitis,NB,seed=7,V2,average_precision,0.18933190386336218,,,,,deskriptif (tidak berpasangan),,,deskriptif
Hepatitis,NB,seed=7,V2,roc_auc,0.04314057142857153,,,,,deskriptif (tidak berpasangan),,,deskriptif
Hepatitis,NB,seed=7,V2b,accuracy,-0.008387096774193548,-0.08034553679478498,0.06357134324639788,-0.23422550519245064,0.8157858452589938,corrected resampled t-test (berpasangan),1.0,0.9999999999999998,tidak berbeda
Hepatitis,NB,seed=7,V2b,balanced_accuracy,0.009778571428571432,-0.06179307137863972,0.08135021423578258,0.2745609043021856,0.7848078984083211,corrected resampled t-test (berpasangan),1.0,0.9950810015599162,tidak berbeda
Hepatitis,NB,seed=7,V2b,recall,0.039523809523809524,-0.0856066974201175,0.16465431646773654,0.6347458404153068,0.5285469795478144,corrected resampled t-test (berpasangan),1.0,0.9999999999999998,tidak berbeda
Hepatitis,NB,seed=7,V2b,f1,-0.0009682467989289878,-0.09162327651751087,0.0896867829196529,-0.021463395842915,0.9829631681132538,corrected resampled t-test (berpasangan),1.0,0.9829631681132539,tidak berbeda
Hepatitis,NB,seed=7,V2b,average_precision,0.03672942691876273,-0.019933514049405077,0.09339236788693053,1.3026247041146748,0.19879204842498685,corrected resampled t-test (berpasangan),1.0,0.7156513743299526,tidak berbeda
Hepatitis,NB,seed=7,V2b,roc_auc,0.017676190476190484,-0.01875828757061724,0.05411066852299821,0.9749456153984539,0.3343759718566537,corrected resampled t-test (berpasangan),1.0,0.9812665546717477,tidak berbeda
Hepatitis,NB,seed=7,V3,accuracy,0.02387096774193548,-0.04936331742726646,0.09710525291113742,0.6550279761269238,0.5155131293218849,corrected resampled t-test (berpasangan),1.0,0.9999999999999998,tidak berbeda
Hepatitis,NB,seed=7,V3,balanced_accuracy,0.018457142857142853,-0.051278012396290706,0.08819229811057641,0.5318840554716828,0.5972097007007344,corrected resampled t-test (berpasangan),1.0,0.9950810015599162,tidak berbeda
Hepatitis,NB,seed=7,V3,recall,0.00904761904761905,-0.079658697238205,0.0977539353334431,0.20496704102336497,0.8384469528768212,corrected resampled t-test (berpasangan),1.0,0.9999999999999998,tidak berbeda
Hepatitis,NB,seed=7,V3,f1,0.030217317722548858,-0.05474131744380484,0.11517595288890256,0.7147475148232448,0.4781566542755479,corrected resampled t-test (berpasangan),1.0,0.9829631681132539,tidak berbeda
Hepatitis,NB,seed=7,V3,average_precision,0.019844594072376834,-0.026098296088461044,0.0657874842332147,0.8680168932936053,0.38961651865538927,corrected resampled t-test (berpasangan),1.0,0.9037048352846989,tidak berbeda
Hepatitis,NB,seed=7,V3,roc_auc,0.01630476190476191,-0.019248805872214798,0.05185832968173862,0.921585308500897,0.36126036967926456,corrected resampled t-test (berpasangan),1.0,0.9812665546717477,tidak berbeda
Hepatitis,NB,utama,V1,accuracy,0.0025806451612903204,-0.0066503883486473195,0.011811678671227961,0.5618006477335896,0.5768126908825982,corrected resampled t-test (berpasangan),1.0,0.9743161451399626,tidak berbeda
Hepatitis,NB,utama,V1,balanced_accuracy,0.0016166666666666662,-0.004167193194306422,0.007400526527639755,0.5617033216311307,0.5768784953482688,corrected resampled t-test (berpasangan),1.0,1.0,tidak berbeda
Hepatitis,NB,utama,V1,recall,0.0,0.0,0.0,,,corrected resampled t-test (berpasangan),,,tidak berbeda
Hepatitis,NB,utama,V1,f1,0.0031110751993104913,-0.008263104837881613,0.014485255236502596,0.5496606922630822,0.5850488135600329,corrected resampled t-test (berpasangan),1.0,0.9557473895288231,tidak berbeda
Hepatitis,NB,utama,V1,average_precision,0.00011649217793293421,-0.005172534094252714,0.005405518450118582,0.04426141670288869,0.9648759115401205,corrected resampled t-test (berpasangan),1.0,0.9648759115401204,tidak berbeda
Hepatitis,NB,utama,V1,roc_auc,0.0005190476190476234,-0.004953067342667563,0.005991162580762809,0.19061464316015647,0.849615078093982,corrected resampled t-test (berpasangan),1.0,0.9995549423256764,tidak berbeda
Hepatitis,NB,utama,V2,accuracy,-0.021929690585911654,,,,,deskriptif (tidak berpasangan),,,deskriptif
Hepatitis,NB,utama,V2,balanced_accuracy,0.004685714285714182,,,,,deskriptif (tidak berpasangan),,,deskriptif
Hepatitis,NB,utama,V2,recall,0.03940476190476205,,,,,deskriptif (tidak berpasangan),,,deskriptif
Hepatitis,NB,utama,V2,f1,0.15648345723388923,,,,,deskriptif (tidak berpasangan),,,deskriptif
Hepatitis,NB,utama,V2,average_precision,0.1464526721933339,,,,,deskriptif (tidak berpasangan),,,deskriptif
Hepatitis,NB,utama,V2,roc_auc,0.019501142857143106,,,,,deskriptif (tidak berpasangan),,,deskriptif
Hepatitis,NB,utama,V2b,accuracy,-0.03032258064516129,-0.08577980843166627,0.025134647141343686,-1.0987838653764452,0.27723202751547166,corrected resampled t-test (berpasangan),1.0,0.9743161451399626,tidak berbeda
Hepatitis,NB,utama,V2b,balanced_accuracy,0.0008476190476190504,-0.061038110477215385,0.06273334857245348,0.0275241846457191,0.9781534462202626,corrected resampled t-test (berpasangan),1.0,1.0,tidak berbeda
Hepatitis,NB,utama,V2b,recall,0.05476190476190476,-0.050987563327086996,0.1605113728508965,1.040649845258524,0.3031457675626714,corrected resampled t-test (berpasangan),1.0,0.7928427767023715,tidak berbeda
Hepatitis,NB,utama,V2b,f1,-0.019977330546989993,-0.10812607243185973,0.06817141133787974,-0.45543416570675627,0.6508087114409591,corrected resampled t-test (berpasangan),1.0,0.9557473895288231,tidak berbeda
Hepatitis,NB,utama,V2b,average_precision,0.015335177156337955,-0.02810375654052743,0.05877411085320334,0.7094371248828609,0.4814155525042173,corrected resampled t-test (berpasangan),1.0,0.9648759115401204,tidak berbeda
Hepatitis,NB,utama,V2b,roc_auc,0.01309047619047619,-0.013767520201606858,0.039948472582559236,0.9794586452400419,0.3321647258307475,corrected resampled t-test (berpasangan),1.0,0.8541378664219222,tidak berbeda
Hepatitis,NB,utama,V3,accuracy,0.017419354838709683,-0.024646520924590215,0.05948523060200958,0.832159165819414,0.40935650667878876,corrected resampled t-test (berpasangan),1.0,0.9743161451399626,tidak berbeda
Hepatitis,NB,utama,V3,balanced_accuracy,0.013245238095238105,-0.04315629441663246,0.06964677060710868,0.47192516347851887,0.6390750779480012,corrected resampled t-test (berpasangan),1.0,1.0,tidak berbeda
Hepatitis,NB,utama,V3,recall,0.006190476190476199,-0.08707990371309667,0.09946085609404907,0.13337811698566407,0.8944406277663385,corrected resampled t-test (berpasangan),1.0,0.9461611727988325,tidak berbeda
Hepatitis,NB,utama,V3,f1,0.02460281222045928,-0.05623071410329268,0.10543633854421124,0.6116422774753515,0.5436020259270669,corrected resampled t-test (berpasangan),1.0,0.9557473895288231,tidak berbeda
Hepatitis,NB,utama,V3,average_precision,0.00954890509528855,-0.028793354056943055,0.04789116424752016,0.5004724192122318,0.6189830098166302,corrected resampled t-test (berpasangan),1.0,0.9648759115401204,tidak berbeda
Hepatitis,NB,utama,V3,roc_auc,0.00922619047619047,-0.021902715178716788,0.04035509613109773,0.5956111690906728,0.55417624141277,corrected resampled t-test (berpasangan),1.0,0.9995549423256764,tidak berbeda
Hepatitis,RF,imputasi=KNN,V1,accuracy,-0.014838709677419362,-0.05745148666091477,0.027774067306076046,-0.699778460602717,0.48737473299999545,corrected resampled t-test (berpasangan),1.0,0.9770702541898557,tidak berbeda
Hepatitis,RF,imputasi=KNN,V1,balanced_accuracy,-0.021411904761904767,-0.09079522336798657,0.047971413844177024,-0.6201610761378843,0.5380253797865794,corrected resampled t-test (berpasangan),1.0,0.9748281474863134,tidak berbeda
Hepatitis,RF,imputasi=KNN,V1,recall,-0.032857142857142856,-0.16507373715919502,0.09935945144490929,-0.49939949603408773,0.6197329960406786,corrected resampled t-test (berpasangan),1.0,0.9806440096217867,tidak berbeda
Hepatitis,RF,imputasi=KNN,V1,f1,-0.03429317088140618,-0.1361000755256162,0.06751373376280385,-0.6769158453075477,0.5016426648410182,corrected resampled t-test (berpasangan),1.0,0.9816767222466434,tidak berbeda
Hepatitis,RF,imputasi=KNN,V1,average_precision,-0.014241956627010935,-0.09232219171799194,0.06383827846397008,-0.36654965619611135,0.7155330516529521,corrected resampled t-test (berpasangan),1.0,0.9475779540892387,tidak berbeda
Hepatitis,RF,imputasi=KNN,V1,roc_auc,-0.00800952380952381,-0.044933399010146036,0.028914351391098412,-0.4359168857606657,0.6648115371274149,corrected resampled t-test (berpasangan),1.0,0.9353435842342349,tidak berbeda
Hepatitis,RF,imputasi=KNN,V2,accuracy,0.055948650427913194,,,,,deskriptif (tidak berpasangan),,,deskriptif
Hepatitis,RF,imputasi=KNN,V2,balanced_accuracy,0.12492380952380955,,,,,deskriptif (tidak berpasangan),,,deskriptif
Hepatitis,RF,imputasi=KNN,V2,recall,0.2509476190476191,,,,,deskriptif (tidak berpasangan),,,deskriptif
Hepatitis,RF,imputasi=KNN,V2,f1,0.28494769754635807,,,,,deskriptif (tidak berpasangan),,,deskriptif
Hepatitis,RF,imputasi=KNN,V2,average_precision,0.2954426971147136,,,,,deskriptif (tidak berpasangan),,,deskriptif
Hepatitis,RF,imputasi=KNN,V2,roc_auc,0.09396438095238091,,,,,deskriptif (tidak berpasangan),,,deskriptif
Hepatitis,RF,imputasi=KNN,V2b,accuracy,0.007741935483870972,-0.044777344147126606,0.060261215114868545,0.2962341053554321,0.7683032385081147,corrected resampled t-test (berpasangan),1.0,0.9770702541898557,tidak berbeda
Hepatitis,RF,imputasi=KNN,V2b,balanced_accuracy,0.025688095238095246,-0.06385776836189454,0.11523395883808503,0.5764884935643445,0.5669239478828663,corrected resampled t-test (berpasangan),1.0,0.9748281474863134,tidak berbeda
Hepatitis,RF,imputasi=KNN,V2b,recall,0.057142857142857134,-0.12115211320078642,0.2354378274865007,0.6440611887195303,0.5225392708558008,corrected resampled t-test (berpasangan),1.0,0.9806440096217867,tidak berbeda
Hepatitis,RF,imputasi=KNN,V2b,f1,0.03562168550403844,-0.0990714124102508,0.17031478341832768,0.5314634387964782,0.5974988723143175,corrected resampled t-test (berpasangan),1.0,0.9816767222466434,tidak berbeda
Hepatitis,RF,imputasi=KNN,V2b,average_precision,0.05494115129387131,-0.04510108871880898,0.1549833913065516,1.1036176017299728,0.27514953982328366,corrected resampled t-test (berpasangan),1.0,0.8674136569094228,tidak berbeda
Hepatitis,RF,imputasi=KNN,V2b,roc_auc,0.032697619047619045,-0.007498812581578793,0.07289405067681688,1.6346805624688518,0.10852516586326273,corrected resampled t-test (berpasangan),1.0,0.5787769650847159,tidak berbeda
Hepatitis,RF,imputasi=KNN,V3,accuracy,0.012903225806451616,-0.03375093102926377,0.059557382642167006,0.5557919118970529,0.5808821613597701,corrected resampled t-test (berpasangan),1.0,0.9770702541898557,tidak berbeda
Hepatitis,RF,imputasi=KNN,V3,balanced_accuracy,0.007147619047619042,-0.05923266521250266,0.07352790330774074,0.21638470494299508,0.8295862287324257,corrected resampled t-test (berpasangan),1.0,0.9792755177649853,tidak berbeda
Hepatitis,RF,imputasi=KNN,V3,recall,-0.001904761904761908,-0.12705845357871276,0.12324892976918894,-0.030584494154435905,0.9757251449849818,corrected resampled t-test (berpasangan),1.0,0.9999999999999998,tidak berbeda
Hepatitis,RF,imputasi=KNN,V3,f1,0.02068521021462198,-0.07703738434055633,0.1184078047698003,0.4253723139128916,0.6724277040248704,corrected resampled t-test (berpasangan),1.0,0.9816767222466434,tidak berbeda
Hepatitis,RF,imputasi=KNN,V3,average_precision,0.026634286820508148,-0.039541417094978236,0.09280999073599452,0.8088104850555274,0.4225340178929714,corrected resampled t-test (berpasangan),1.0,0.8674136569094228,tidak berbeda
Hepatitis,RF,imputasi=KNN,V3,roc_auc,0.0043809523809523855,-0.04830275952122802,0.057064664283132796,0.16710769022093308,0.8679730469680488,corrected resampled t-test (berpasangan),1.0,0.9353435842342349,tidak berbeda
Hepatitis,RF,seed=2024,V1,accuracy,0.003225806451612905,-0.013787214023844755,0.020238826927070564,0.38103173776627236,0.7048268035827853,corrected resampled t-test (berpasangan),1.0,0.9999999999999994,tidak berbeda
Hepatitis,RF,seed=2024,V1,balanced_accuracy,0.005595238095238095,-0.023031378367528364,0.034221854558004555,0.392783126217021,0.6961832511579924,corrected resampled t-test (berpasangan),1.0,0.8995778727649727,tidak berbeda
Hepatitis,RF,seed=2024,V1,recall,0.009523809523809525,-0.04363348030748326,0.06268109935510231,0.36004114991154784,0.7203636356801335,corrected resampled t-test (berpasangan),1.0,0.9533034272888417,tidak berbeda
Hepatitis,RF,seed=2024,V1,f1,0.007859943977591037,-0.02808470437107649,0.043804592326258565,0.43942977571027153,0.6622820856151785,corrected resampled t-test (berpasangan),1.0,0.980218239695997,tidak berbeda
Hepatitis,RF,seed=2024,V1,average_precision,0.0009611876785107909,-0.019571431139374575,0.021493806496396158,0.09407367718475924,0.92543426053713,corrected resampled t-test (berpasangan),1.0,0.9590559947529717,tidak berbeda
Hepatitis,RF,seed=2024,V1,roc_auc,-0.0007714285714285563,-0.009167257881866498,0.007624400739009385,-0.18464450562291776,0.8542699772897147,corrected resampled t-test (berpasangan),1.0,0.9319308843160523,tidak berbeda
Hepatitis,RF,seed=2024,V2,accuracy,0.07623146807109948,,,,,deskriptif (tidak berpasangan),,,deskriptif
Hepatitis,RF,seed=2024,V2,balanced_accuracy,0.1489166666666666,,,,,deskriptif (tidak berpasangan),,,deskriptif
Hepatitis,RF,seed=2024,V2,recall,0.2766333333333334,,,,,deskriptif (tidak berpasangan),,,deskriptif
Hepatitis,RF,seed=2024,V2,f1,0.3303613063587043,,,,,deskriptif (tidak berpasangan),,,deskriptif
Hepatitis,RF,seed=2024,V2,average_precision,0.3353984522991884,,,,,deskriptif (tidak berpasangan),,,deskriptif
Hepatitis,RF,seed=2024,V2,roc_auc,0.12178171428571416,,,,,deskriptif (tidak berpasangan),,,deskriptif
Hepatitis,RF,seed=2024,V2b,accuracy,0.02387096774193548,-0.04513062183099713,0.09287255731486808,0.6952087030803973,0.49020841766495904,corrected resampled t-test (berpasangan),1.0,0.9999999999999994,tidak berbeda
Hepatitis,RF,seed=2024,V2b,balanced_accuracy,0.03825,-0.05806461172702867,0.13456461172702866,0.7980746777764494,0.4286781261477869,corrected resampled t-test (berpasangan),1.0,0.8210404718862765,tidak berbeda
Hepatitis,RF,seed=2024,V2b,recall,0.06333333333333332,-0.1020113830663125,0.22867804973297914,0.7697439685746691,0.4451468581657725,corrected resampled t-test (berpasangan),1.0,0.9051404198383778,tidak berbeda
Hepatitis,RF,seed=2024,V2b,f1,0.054813649370924915,-0.08839555037119387,0.19802284911304371,0.7691695260230493,0.4454845872804216,corrected resampled t-test (berpasangan),1.0,0.980218239695997,tidak berbeda
Hepatitis,RF,seed=2024,V2b,average_precision,0.035135618125800544,-0.07711000777436047,0.14738124402596156,0.6290460538469645,0.5322407206725577,corrected resampled t-test (berpasangan),1.0,0.8997349423134563,tidak berbeda
Hepatitis,RF,seed=2024,V2b,roc_auc,0.036442857142857166,-0.015934438854045337,0.08882015313975966,1.3982138977286054,0.16834582356077232,corrected resampled t-test (berpasangan),1.0,0.6060449648187805,tidak berbeda
Hepatitis,RF,seed=2024,V3,accuracy,0.012903225806451613,-0.029595285719926007,0.05540173733282923,0.6101390870965726,0.5445891261709119,corrected resampled t-test (berpasangan),1.0,0.9999999999999994,tidak berbeda
Hepatitis,RF,seed=2024,V3,balanced_accuracy,0.022197619047619046,-0.035825734365816486,0.08022097246105458,0.76879020047111,0.4457076847382644,corrected resampled t-test (berpasangan),1.0,0.8210404718862765,tidak berbeda
Hepatitis,RF,seed=2024,V3,recall,0.0380952380952381,-0.06951662791742659,0.14570710410790277,0.7114015383689254,0.4802085742786505,corrected resampled t-test (berpasangan),1.0,0.9051404198383778,tidak berbeda
Hepatitis,RF,seed=2024,V3,f1,0.0333249174286326,-0.046534589271146676,0.11318442412841187,0.8385843029025744,0.40577496930366097,corrected resampled t-test (berpasangan),1.0,0.980218239695997,tidak berbeda
Hepatitis,RF,seed=2024,V3,average_precision,0.03524095940911514,-0.03475604148218068,0.10523796030041097,1.0117484801695795,0.3166284097528827,corrected resampled t-test (berpasangan),1.0,0.8997349423134563,tidak berbeda
Hepatitis,RF,seed=2024,V3,roc_auc,0.02075238095238097,-0.02041441868502947,0.061919180589791414,1.0130365048025796,0.3160190321319325,corrected resampled t-test (berpasangan),1.0,0.822168123963908,tidak berbeda
Hepatitis,RF,seed=7,V1,accuracy,-0.0006451612903225845,-0.015065138915745194,0.013774816335100023,-0.0899099974328408,0.9287252499103731,corrected resampled t-test (berpasangan),1.0,0.9999999999999998,tidak berbeda
Hepatitis,RF,seed=7,V1,balanced_accuracy,0.0008166666666666655,-0.025095041679059772,0.026728375012393106,0.0633363530597494,0.9497563385414439,corrected resampled t-test (berpasangan),1.0,0.9950810015599162,tidak berbeda
Hepatitis,RF,seed=7,V1,recall,0.0033333333333333335,-0.04910960166980851,0.05577626833647518,0.12773091579566856,0.8988846995979594,corrected resampled t-test (berpasangan),1.0,0.9999999999999998,tidak berbeda
Hepatitis,RF,seed=7,V1,f1,0.0025243645243645195,-0.037793513610543825,0.04284224265927286,0.12582260440421866,0.900387194115802,corrected resampled t-test (berpasangan),1.0,0.9829631681132539,tidak berbeda
Hepatitis,RF,seed=7,V1,average_precision,0.005306721203218511,-0.02934775146810316,0.03996119387454018,0.3077309993278849,0.7595912961595013,corrected resampled t-test (berpasangan),1.0,0.9037048352846989,tidak berbeda
Hepatitis,RF,seed=7,V1,roc_auc,0.00205238095238095,-0.009167250470496843,0.013272012375258742,0.36760690063597806,0.7147494707652653,corrected resampled t-test (berpasangan),1.0,0.9812665546717477,tidak berbeda
Hepatitis,RF,seed=7,V2,accuracy,0.07326188281764334,,,,,deskriptif (tidak berpasangan),,,deskriptif
Hepatitis,RF,seed=7,V2,balanced_accuracy,0.1564738095238094,,,,,deskriptif (tidak berpasangan),,,deskriptif
Hepatitis,RF,seed=7,V2,recall,0.2971476190476189,,,,,deskriptif (tidak berpasangan),,,deskriptif
Hepatitis,RF,seed=7,V2,f1,0.3250860913222099,,,,,deskriptif (tidak berpasangan),,,deskriptif
Hepatitis,RF,seed=7,V2,average_precision,0.3291276340552892,,,,,deskriptif (tidak berpasangan),,,deskriptif
Hepatitis,RF,seed=7,V2,roc_auc,0.1097180000000001,,,,,deskriptif (tidak berpasangan),,,deskriptif
Hepatitis,RF,seed=7,V2b,accuracy,0.04,-0.008388810755724355,0.08838881075572436,1.6611900173648948,0.10306142285887258,corrected resampled t-test (berpasangan),1.0,0.9999999999999998,tidak berbeda
Hepatitis,RF,seed=7,V2b,balanced_accuracy,0.07322857142857143,-0.0030427277233498196,0.1494998705804927,1.929406280424874,0.05948162921467767,corrected resampled t-test (berpasangan),1.0,0.5864871973133233,tidak berbeda
Hepatitis,RF,seed=7,V2b,recall,0.12952380952380954,-0.012647986039773795,0.2716956050873929,1.8307980064817915,0.07321522156618844,corrected resampled t-test (berpasangan),1.0,0.5271495952765568,tidak berbeda
Hepatitis,RF,seed=7,V2b,f1,0.10440095851860556,-0.005826842904328694,0.21462875994153982,1.903345417286651,0.06287825968442759,corrected resampled t-test (berpasangan),1.0,0.9829631681132539,tidak berbeda
Hepatitis,RF,seed=7,V2b,average_precision,0.07138033362508735,0.0004144890331246598,0.14234617821705003,2.0213125272773653,0.04872764583752265,corrected resampled t-test (berpasangan),1.0,0.5795625699770589,tidak berbeda
Hepatitis,RF,seed=7,V2b,roc_auc,0.04357619047619049,0.018452027317958926,0.06870035363442206,3.4854746262721203,0.0010458045242975498,corrected resampled t-test (berpasangan),0.0376489628747118,0.0376489628747118,lebih tinggi
Hepatitis,RF,seed=7,V3,accuracy,0.005161290322580645,-0.03643406607688306,0.046756646722044354,0.24935478640112366,0.8041286938306391,corrected resampled t-test (berpasangan),1.0,0.9999999999999998,tidak berbeda
Hepatitis,RF,seed=7,V3,balanced_accuracy,0.012757142857142856,-0.05280171350579596,0.07831599922008167,0.39104462418669894,0.6974594521717759,corrected resampled t-test (berpasangan),1.0,0.9950810015599162,tidak berbeda
Hepatitis,RF,seed=7,V3,recall,0.02571428571428571,-0.10272253966420397,0.1541511110927754,0.40233625824780467,0.6891863809901841,corrected resampled t-test (berpasangan),1.0,0.9999999999999998,tidak berbeda
Hepatitis,RF,seed=7,V3,f1,0.017388568947392484,-0.0747313574133967,0.10950849530818166,0.3793276753503982,0.7060835011385989,corrected resampled t-test (berpasangan),1.0,0.9829631681132539,tidak berbeda
Hepatitis,RF,seed=7,V3,average_precision,0.01848955102194059,-0.05170690584195635,0.08868600788583754,0.5293165138314324,0.5989758922708743,corrected resampled t-test (berpasangan),1.0,0.9037048352846989,tidak berbeda
Hepatitis,RF,seed=7,V3,roc_auc,0.010883333333333332,-0.02052924392015475,0.04229591058682142,0.6962458686171314,0.4895644759780582,corrected resampled t-test (berpasangan),1.0,0.9812665546717477,tidak berbeda
Hepatitis,RF,utama,V1,accuracy,0.0032258064516129093,-0.015097777373885771,0.02154939027711159,0.35377908700348865,0.725022199758074,corrected resampled t-test (berpasangan),1.0,0.9743161451399626,tidak berbeda
Hepatitis,RF,utama,V1,balanced_accuracy,0.0068119047619047655,-0.03018854040763502,0.04381234993144455,0.3699694705428106,0.7129995636948496,corrected resampled t-test (berpasangan),1.0,1.0,tidak berbeda
Hepatitis,RF,utama,V1,recall,0.012857142857142855,-0.061340676904603667,0.08705496261888938,0.3482231143040251,0.7291642884537455,corrected resampled t-test (berpasangan),1.0,0.9461611727988325,tidak berbeda
Hepatitis,RF,utama,V1,f1,0.010484280425456896,-0.04457027454307581,0.0655388353939896,0.3826922278543611,0.7036030376890594,corrected resampled t-test (berpasangan),1.0,0.9557473895288231,tidak berbeda
Hepatitis,RF,utama,V1,average_precision,0.0019254916096834984,-0.01779782186390558,0.02164880508327258,0.19618510136332568,0.8452766726827811,corrected resampled t-test (berpasangan),1.0,0.9648759115401204,tidak berbeda
Hepatitis,RF,utama,V1,roc_auc,0.00042857142857142925,-0.009947439185064714,0.010804582042207573,0.08300362838246868,0.934186816189382,corrected resampled t-test (berpasangan),1.0,0.9995549423256764,tidak berbeda
Hepatitis,RF,utama,V2,accuracy,0.07422514812376557,,,,,deskriptif (tidak berpasangan),,,deskriptif
Hepatitis,RF,utama,V2,balanced_accuracy,0.15374285714285696,,,,,deskriptif (tidak berpasangan),,,deskriptif
Hepatitis,RF,utama,V2,recall,0.3009857142857143,,,,,deskriptif (tidak berpasangan),,,deskriptif
Hepatitis,RF,utama,V2,f1,0.32760361123458626,,,,,deskriptif (tidak berpasangan),,,deskriptif
Hepatitis,RF,utama,V2,average_precision,0.32262615730863997,,,,,deskriptif (tidak berpasangan),,,deskriptif
Hepatitis,RF,utama,V2,roc_auc,0.10008914285714299,,,,,deskriptif (tidak berpasangan),,,deskriptif
Hepatitis,RF,utama,V2b,accuracy,0.02258064516129032,-0.03445739311536644,0.07961868343794708,0.7955656727676886,0.430121717389802,corrected resampled t-test (berpasangan),1.0,0.9743161451399626,tidak berbeda
Hepatitis,RF,utama,V2b,balanced_accuracy,0.06150238095238096,-0.04613715489657555,0.16914191680133747,1.1482180840825669,0.25645332403389354,corrected resampled t-test (berpasangan),1.0,0.9162788504026079,tidak berbeda
Hepatitis,RF,utama,V2b,recall,0.1285714285714286,-0.08227039874593106,0.33941325588878823,1.2254397621546698,0.22626727917463937,corrected resampled t-test (berpasangan),1.0,0.7928427767023715,tidak berbeda
Hepatitis,RF,utama,V2b,f1,0.08242883913472147,-0.07192530449462485,0.23678298276406778,1.0731616906288082,0.28845536704583047,corrected resampled t-test (berpasangan),1.0,0.9557473895288231,tidak berbeda
Hepatitis,RF,utama,V2b,average_precision,0.07616912797354812,-0.023714043585695635,0.1760522995327919,1.5324662885528466,0.13183901059007963,corrected resampled t-test (berpasangan),1.0,0.7885671163907249,tidak berbeda
Hepatitis,RF,utama,V2b,roc_auc,0.03635714285714287,-0.005200085338412978,0.07791437105269872,1.7581156649498073,0.08497285371668925,corrected resampled t-test (berpasangan),1.0,0.43700324768583043,tidak berbeda
Hepatitis,RF,utama,V3,accuracy,0.008387096774193548,-0.027500296210130934,0.044274489758518026,0.4696496614854606,0.6406886984684814,corrected resampled t-test (berpasangan),1.0,0.9743161451399626,tidak berbeda
Hepatitis,RF,utama,V3,balanced_accuracy,0.01761190476190476,-0.0406342561257461,0.07585806564955562,0.6076357154246392,0.5462350507168009,corrected resampled t-test (berpasangan),1.0,1.0,tidak berbeda
Hepatitis,RF,utama,V3,recall,0.032857142857142856,-0.08034083021598584,0.14605511593027154,0.583304619060025,0.5623635425247544,corrected resampled t-test (berpasangan),1.0,0.9461611727988325,tidak berbeda
Hepatitis,RF,utama,V3,f1,0.02830638968874264,-0.06450930516613748,0.12112208454362278,0.6128685432483948,0.5427974541102198,corrected resampled t-test (berpasangan),1.0,0.9557473895288231,tidak berbeda
Hepatitis,RF,utama,V3,average_precision,0.03224149467634138,-0.03173143240832833,0.0962144217610111,1.012798885046137,0.316131392723017,corrected resampled t-test (berpasangan),1.0,0.9648759115401204,tidak berbeda
Hepatitis,RF,utama,V3,roc_auc,0.018171428571428574,-0.011688224050058704,0.04803108119291585,1.2229496871693217,0.22719805292147213,corrected resampled t-test (berpasangan),1.0,0.7137177502604152,tidak berbeda
Hepatitis,XGB,imputasi=KNN,V1,accuracy,-0.0012903225806451578,-0.06327377861637704,0.060693133455086715,-0.04183374836459451,0.9668012322129599,corrected resampled t-test (berpasangan),1.0,0.9770702541898557,tidak berbeda
Hepatitis,XGB,imputasi=KNN,V1,balanced_accuracy,-0.006452380952380955,-0.09573035400245355,0.08282559209769164,-0.14523789600512352,0.885118839924043,corrected resampled t-test (berpasangan),1.0,0.9792755177649853,tidak berbeda
Hepatitis,XGB,imputasi=KNN,V1,recall,-0.015238095238095242,-0.16864283431700317,0.13816664384081268,-0.1996163807919443,0.8426067068547052,corrected resampled t-test (berpasangan),1.0,0.9856082835288494,tidak berbeda
Hepatitis,XGB,imputasi=KNN,V1,f1,-0.0077324570853982595,-0.15233099516378787,0.13686608099299133,-0.10746273418160696,0.9148606961526207,corrected resampled t-test (berpasangan),1.0,0.9816767222466434,tidak berbeda
Hepatitis,XGB,imputasi=KNN,V1,average_precision,-0.0028293719593293254,-0.10629852333939874,0.1006397794207401,-0.05495199045115244,0.9564001626167404,corrected resampled t-test (berpasangan),1.0,0.9667708397699344,tidak berbeda
Hepatitis,XGB,imputasi=KNN,V1,roc_auc,0.005371428571428571,-0.04173030631052904,0.05247316345338618,0.22916968680712813,0.8196908968065075,corrected resampled t-test (berpasangan),1.0,0.9353435842342349,tidak berbeda
Hepatitis,XGB,imputasi=KNN,V2,accuracy,0.06766372613561544,,,,,deskriptif (tidak berpasangan),,,deskriptif
Hepatitis,XGB,imputasi=KNN,V2,balanced_accuracy,0.15390000000000015,,,,,deskriptif (tidak berpasangan),,,deskriptif
Hepatitis,XGB,imputasi=KNN,V2,recall,0.3137000000000001,,,,,deskriptif (tidak berpasangan),,,deskriptif
Hepatitis,XGB,imputasi=KNN,V2,f1,0.3324743411324492,,,,,deskriptif (tidak berpasangan),,,deskriptif
Hepatitis,XGB,imputasi=KNN,V2,average_precision,0.341434968583459,,,,,deskriptif (tidak berpasangan),,,deskriptif
Hepatitis,XGB,imputasi=KNN,V2,roc_auc,0.12285676190476191,,,,,deskriptif (tidak berpasangan),,,deskriptif
Hepatitis,XGB,imputasi=KNN,V2b,accuracy,0.011612903225806452,-0.05286083297749809,0.076086639429111,0.3619613829965134,0.7189372398072653,corrected resampled t-test (berpasangan),1.0,0.9770702541898557,tidak berbeda
Hepatitis,XGB,imputasi=KNN,V2b,balanced_accuracy,0.04884047619047619,-0.05992565448815391,0.1576066068691063,0.9023821182261165,0.37126850644309917,corrected resampled t-test (berpasangan),1.0,0.9748281474863134,tidak berbeda
Hepatitis,XGB,imputasi=KNN,V2b,recall,0.11238095238095237,-0.09300803363770245,0.3177699383996072,1.0995622652938208,0.27689592873953706,corrected resampled t-test (berpasangan),1.0,0.9331736362152121,tidak berbeda
Hepatitis,XGB,imputasi=KNN,V2b,f1,0.06449256436717737,-0.09474444879077776,0.2237295775251325,0.8138978343710926,0.4196411898970801,corrected resampled t-test (berpasangan),1.0,0.9816767222466434,tidak berbeda
Hepatitis,XGB,imputasi=KNN,V2b,average_precision,0.07612546132554841,-0.049220398029965376,0.20147132068106222,1.2204618691072764,0.2281307900647545,corrected resampled t-test (berpasangan),1.0,0.8674136569094228,tidak berbeda
Hepatitis,XGB,imputasi=KNN,V2b,roc_auc,0.046876190476190474,-0.019722915324086765,0.11347529627646771,1.4144518959556232,0.16355243794455848,corrected resampled t-test (berpasangan),1.0,0.6542097517782339,tidak berbeda
Hepatitis,XGB,imputasi=KNN,V3,accuracy,0.03096774193548387,-0.03464519434426857,0.0965806782152363,0.948471609261077,0.34754395111563274,corrected resampled t-test (berpasangan),1.0,0.9770702541898557,tidak berbeda
Hepatitis,XGB,imputasi=KNN,V3,balanced_accuracy,0.02803809523809524,-0.07304759280957711,0.1291237832857676,0.5573950467266314,0.5797950695241696,corrected resampled t-test (berpasangan),1.0,0.9748281474863134,tidak berbeda
Hepatitis,XGB,imputasi=KNN,V3,recall,0.0238095238095238,-0.16345746169868647,0.21107650931773408,0.2555016799290682,0.7994051316672718,corrected resampled t-test (berpasangan),1.0,0.9856082835288494,tidak berbeda
Hepatitis,XGB,imputasi=KNN,V3,f1,0.05512974607092254,-0.10315077715311778,0.21341026929496287,0.6999431776643119,0.48727276323645907,corrected resampled t-test (berpasangan),1.0,0.9816767222466434,tidak berbeda
Hepatitis,XGB,imputasi=KNN,V3,average_precision,0.05424791694047248,-0.07166837791974193,0.1801642118006869,0.8657757165363235,0.3908325535287045,corrected resampled t-test (berpasangan),1.0,0.8674136569094228,tidak berbeda
Hepatitis,XGB,imputasi=KNN,V3,roc_auc,0.012833333333333329,-0.05820388451627847,0.08387055118294512,0.3630427770582014,0.7181343976176906,corrected resampled t-test (berpasangan),1.0,0.9353435842342349,tidak berbeda
Hepatitis,XGB,seed=2024,V1,accuracy,-0.0012903225806451578,-0.02049017762575965,0.017909532464469337,-0.13505311870708717,0.8931231330449658,corrected resampled t-test (berpasangan),1.0,0.9999999999999994,tidak berbeda
Hepatitis,XGB,seed=2024,V1,balanced_accuracy,-0.001104761904761904,-0.035861249683436826,0.03365172587391301,-0.06387590650568574,0.9493289110232348,corrected resampled t-test (berpasangan),1.0,0.9493289110232348,tidak berbeda
Hepatitis,XGB,seed=2024,V1,recall,-0.0004761904761904745,-0.0759015628149476,0.07494918186256665,-0.012687250432839818,0.9899288271272924,corrected resampled t-test (berpasangan),1.0,0.9899288271272922,tidak berbeda
Hepatitis,XGB,seed=2024,V1,f1,-0.0010229770229770241,-0.05011505623046385,0.0480691021845098,-0.0418753763135095,0.9667682164540807,corrected resampled t-test (berpasangan),1.0,0.9893099123284912,tidak berbeda
Hepatitis,XGB,seed=2024,V1,average_precision,-0.0058974352211024,-0.06365737803195498,0.051862507589750174,-0.2051826783510079,0.8382794070125326,corrected resampled t-test (berpasangan),1.0,0.9590559947529717,tidak berbeda
Hepatitis,XGB,seed=2024,V1,roc_auc,-0.0042595238095238,-0.04294827454986322,0.034429226930815626,-0.2212486419059046,0.8258182558051756,corrected resampled t-test (berpasangan),1.0,0.9290455377808227,tidak berbeda
Hepatitis,XGB,seed=2024,V2,accuracy,0.09014851876234342,,,,,deskriptif (tidak berpasangan),,,deskriptif
Hepatitis,XGB,seed=2024,V2,balanced_accuracy,0.19498809523809524,,,,,deskriptif (tidak berpasangan),,,deskriptif
Hepatitis,XGB,seed=2024,V2,recall,0.38524285714285705,,,,,deskriptif (tidak berpasangan),,,deskriptif
Hepatitis,XGB,seed=2024,V2,f1,0.4034578770689667,,,,,deskriptif (tidak berpasangan),,,deskriptif
Hepatitis,XGB,seed=2024,V2,average_precision,0.38626455249573055,,,,,deskriptif (tidak berpasangan),,,deskriptif
Hepatitis,XGB,seed=2024,V2,roc_auc,0.15243695238095245,,,,,deskriptif (tidak berpasangan),,,deskriptif
Hepatitis,XGB,seed=2024,V2b,accuracy,0.021935483870967745,-0.027344749695396017,0.0712157174373315,0.8944966765279654,0.3754290543782075,corrected resampled t-test (berpasangan),1.0,0.9999999999999994,tidak berbeda
Hepatitis,XGB,seed=2024,V2b,balanced_accuracy,0.043064285714285715,-0.04079144358361735,0.12692001501218877,1.0320215778572934,0.30712908439973496,corrected resampled t-test (berpasangan),1.0,0.7883321754721451,tidak berbeda
Hepatitis,XGB,seed=2024,V2b,recall,0.07809523809523809,-0.09053035275957173,0.24672082895004793,0.9306906241939031,0.35657646111316976,corrected resampled t-test (berpasangan),1.0,0.9051404198383778,tidak berbeda
Hepatitis,XGB,seed=2024,V2b,f1,0.0679056139938493,-0.058009068391557325,0.1938202963792559,1.0837611434950427,0.2837747226494927,corrected resampled t-test (berpasangan),1.0,0.895048952706137,tidak berbeda
Hepatitis,XGB,seed=2024,V2b,average_precision,0.056902174855787656,-0.07124177048734848,0.1850461201989238,0.8923496234844965,0.376567014352584,corrected resampled t-test (berpasangan),1.0,0.8997349423134563,tidak berbeda
Hepatitis,XGB,seed=2024,V2b,roc_auc,0.04829761904761905,-0.00965067496068267,0.10624591305592077,1.674901751361049,0.10032505091332636,corrected resampled t-test (berpasangan),1.0,0.4514627291099686,tidak berbeda
Hepatitis,XGB,seed=2024,V3,accuracy,0.011612903225806447,-0.03920336848527371,0.0624291749368866,0.45924271768272995,0.648090785263967,corrected resampled t-test (berpasangan),1.0,0.9999999999999994,tidak berbeda
Hepatitis,XGB,seed=2024,V3,balanced_accuracy,0.023490476190476183,-0.07021044692954138,0.11719139931049376,0.5037931071209973,0.6166644019753765,corrected resampled t-test (berpasangan),1.0,0.8995778727649727,tidak berbeda
Hepatitis,XGB,seed=2024,V3,recall,0.04238095238095238,-0.14524204089955764,0.2300039456614624,0.4539300371969679,0.6518834366216835,corrected resampled t-test (berpasangan),1.0,0.9533034272888417,tidak berbeda
Hepatitis,XGB,seed=2024,V3,f1,0.03528596463735782,-0.10579676391783095,0.1763686931925466,0.5026114917571768,0.6174889927465166,corrected resampled t-test (berpasangan),1.0,0.980218239695997,tidak berbeda
Hepatitis,XGB,seed=2024,V3,average_precision,0.041438989032133514,-0.0796255751841057,0.16250355324837273,0.6878541763261494,0.4947880427097363,corrected resampled t-test (berpasangan),1.0,0.8997349423134563,tidak berbeda
Hepatitis,XGB,seed=2024,V3,roc_auc,0.021323809523809533,-0.0333752721027958,0.07602289115041487,0.7834098535060209,0.43715682369430386,corrected resampled t-test (berpasangan),1.0,0.8282971396313126,tidak berbeda
Hepatitis,XGB,seed=7,V1,accuracy,-0.001290322580645169,-0.03169368976084782,0.029113044599557485,-0.08528661602505612,0.9323810598898539,corrected resampled t-test (berpasangan),1.0,0.9999999999999998,tidak berbeda
Hepatitis,XGB,seed=7,V1,balanced_accuracy,0.003016666666666661,-0.041292738256137,0.047326071589470324,0.13681561814256138,0.8917371441134558,corrected resampled t-test (berpasangan),1.0,0.9950810015599162,tidak berbeda
Hepatitis,XGB,seed=7,V1,recall,0.010000000000000004,-0.0713165687666612,0.09131656876666122,0.2471298611056386,0.8058402601262016,corrected resampled t-test (berpasangan),1.0,0.9999999999999998,tidak berbeda
Hepatitis,XGB,seed=7,V1,f1,0.0039685837038778175,-0.06157395238830898,0.06951111979606461,0.12167926361734152,0.9036506817960707,corrected resampled t-test (berpasangan),1.0,0.9829631681132539,tidak berbeda
Hepatitis,XGB,seed=7,V1,average_precision,-0.0029261198682371346,-0.05127931843989111,0.04542707870341684,-0.12161052823924967,0.9037048352846988,corrected resampled t-test (berpasangan),1.0,0.9037048352846989,tidak berbeda
Hepatitis,XGB,seed=7,V1,roc_auc,0.0029428571428571425,-0.02442354984676603,0.030309264132480317,0.2161004488155066,0.8298065609407459,corrected resampled t-test (berpasangan),1.0,0.9812665546717477,tidak berbeda
Hepatitis,XGB,seed=7,V2,accuracy,0.06905174456879537,,,,,deskriptif (tidak berpasangan),,,deskriptif
Hepatitis,XGB,seed=7,V2,balanced_accuracy,0.15899523809523797,,,,,deskriptif (tidak berpasangan),,,deskriptif
Hepatitis,XGB,seed=7,V2,recall,0.3199238095238097,,,,,deskriptif (tidak berpasangan),,,deskriptif
Hepatitis,XGB,seed=7,V2,f1,0.3390943905303688,,,,,deskriptif (tidak berpasangan),,,deskriptif
Hepatitis,XGB,seed=7,V2,average_precision,0.36945903945649916,,,,,deskriptif (tidak berpasangan),,,deskriptif
Hepatitis,XGB,seed=7,V2,roc_auc,0.14432342857142866,,,,,deskriptif (tidak berpasangan),,,deskriptif
Hepatitis,XGB,seed=7,V2b,accuracy,0.01741935483870967,-0.04198898234707006,0.0768276920244894,0.589235547448209,0.5584103029760764,corrected resampled t-test (berpasangan),1.0,0.9999999999999998,tidak berbeda
Hepatitis,XGB,seed=7,V2b,balanced_accuracy,0.056783333333333325,-0.03204151028101904,0.14560817694768569,1.2846673943366698,0.20494870570288418,corrected resampled t-test (berpasangan),1.0,0.8140722435171753,tidak berbeda
Hepatitis,XGB,seed=7,V2b,recall,0.12333333333333334,-0.04293045375252531,0.289597120419192,1.490689082678482,0.14245292292460113,corrected resampled t-test (berpasangan),1.0,0.6410381531607051,tidak berbeda
Hepatitis,XGB,seed=7,V2b,f1,0.0792043642631878,-0.06635799863421832,0.22476672716059393,1.0934634868420419,0.2795369404508959,corrected resampled t-test (berpasangan),1.0,0.9829631681132539,tidak berbeda
Hepatitis,XGB,seed=7,V2b,average_precision,0.07687004597430871,-0.03070092503684238,0.1844410169854598,1.4360392884062028,0.1573449721198791,corrected resampled t-test (berpasangan),1.0,0.708052374539456,tidak berbeda
Hepatitis,XGB,seed=7,V2b,roc_auc,0.05429523809523808,-0.004922567313255258,0.11351304350373141,1.8425263326498806,0.0714527838678638,corrected resampled t-test (berpasangan),1.0,0.36747145989187097,tidak berbeda
Hepatitis,XGB,seed=7,V3,accuracy,0.0012903225806451602,-0.04961700147313586,0.05219764663442618,0.05093570229359031,0.9595838316695664,corrected resampled t-test (berpasangan),1.0,0.9999999999999998,tidak berbeda
Hepatitis,XGB,seed=7,V3,balanced_accuracy,0.0038261904761904765,-0.07731061938433739,0.08496300033671836,0.0947660825784016,0.924887106459837,corrected resampled t-test (berpasangan),1.0,0.9950810015599162,tidak berbeda
Hepatitis,XGB,seed=7,V3,recall,0.007619047619047625,-0.1427693849546724,0.15800748019276767,0.10181002051555156,0.919322958360302,corrected resampled t-test (berpasangan),1.0,0.9999999999999998,tidak berbeda
Hepatitis,XGB,seed=7,V3,f1,0.007601868719515776,-0.1218142424401248,0.13701797987915634,0.11804192675618892,0.9065170029645168,corrected resampled t-test (berpasangan),1.0,0.9829631681132539,tidak berbeda
Hepatitis,XGB,seed=7,V3,average_precision,0.015959510337791215,-0.08724243024089148,0.11916145091647393,0.31076776802416506,0.7572953277385803,corrected resampled t-test (berpasangan),1.0,0.9037048352846989,tidak berbeda
Hepatitis,XGB,seed=7,V3,roc_auc,0.014304761904761897,-0.04077597781337974,0.06938550162290352,0.5218974074454218,0.604093102615288,corrected resampled t-test (berpasangan),1.0,0.9812665546717477,tidak berbeda
Hepatitis,XGB,utama,V1,accuracy,-0.0032258064516129093,-0.03875003613284273,0.03229842322961691,-0.1824811069680145,0.8559580739064019,corrected resampled t-test (berpasangan),1.0,0.9743161451399626,tidak berbeda
Hepatitis,XGB,utama,V1,balanced_accuracy,-0.008664285714285722,-0.05531295999788947,0.037984388569318024,-0.37324820615721344,0.7105736509286505,corrected resampled t-test (berpasangan),1.0,1.0,tidak berbeda
Hepatitis,XGB,utama,V1,recall,-0.018095238095238095,-0.11051644646858144,0.07432597027810525,-0.39345668573691145,0.6956890420173026,corrected resampled t-test (berpasangan),1.0,0.9461611727988325,tidak berbeda
Hepatitis,XGB,utama,V1,f1,-0.01596927908692614,-0.09335995475927245,0.061421396585420174,-0.4146684014182903,0.6801945585476705,corrected resampled t-test (berpasangan),1.0,0.9557473895288231,tidak berbeda
Hepatitis,XGB,utama,V1,average_precision,-0.005242759586237038,-0.06200170382238422,0.051516184649910146,-0.18562219517418582,0.8535073127273224,corrected resampled t-test (berpasangan),1.0,0.9648759115401204,tidak berbeda
Hepatitis,XGB,utama,V1,roc_auc,-0.000264285714285708,-0.03837982136852054,0.03785124993994912,-0.01393400399972712,0.9889392132880168,corrected resampled t-test (berpasangan),1.0,0.9995549423256764,tidak berbeda
Hepatitis,XGB,utama,V2,accuracy,0.07669229756418683,,,,,deskriptif (tidak berpasangan),,,deskriptif
Hepatitis,XGB,utama,V2,balanced_accuracy,0.1613904761904762,,,,,deskriptif (tidak berpasangan),,,deskriptif
Hepatitis,XGB,utama,V2,recall,0.31808095238095235,,,,,deskriptif (tidak berpasangan),,,deskriptif
Hepatitis,XGB,utama,V2,f1,0.3384018808047168,,,,,deskriptif (tidak berpasangan),,,deskriptif
Hepatitis,XGB,utama,V2,average_precision,0.35527391029360544,,,,,deskriptif (tidak berpasangan),,,deskriptif
Hepatitis,XGB,utama,V2,roc_auc,0.13925599999999982,,,,,deskriptif (tidak berpasangan),,,deskriptif
Hepatitis,XGB,utama,V2b,accuracy,0.01741935483870967,-0.04276346865938461,0.07760217833680394,0.5816527382727263,0.563467073674898,corrected resampled t-test (berpasangan),1.0,0.9743161451399626,tidak berbeda
Hepatitis,XGB,utama,V2b,balanced_accuracy,0.04994761904761906,-0.04826900627655224,0.14816424437179038,1.0219603649433742,0.31181887125016794,corrected resampled t-test (berpasangan),1.0,0.9162788504026079,tidak berbeda
Hepatitis,XGB,utama,V2b,recall,0.10476190476190476,-0.09388060505008257,0.3034044145738921,1.059828178403012,0.2944191780163092,corrected resampled t-test (berpasangan),1.0,0.7928427767023715,tidak berbeda
Hepatitis,XGB,utama,V2b,f1,0.06726672295712544,-0.07467265487220692,0.2092061007864578,0.9523610898338811,0.3455883139330793,corrected resampled t-test (berpasangan),1.0,0.9557473895288231,tidak berbeda
Hepatitis,XGB,utama,V2b,average_precision,0.05917389391160576,-0.06056181584133089,0.17890960366454242,0.9931405758434417,0.32552064973771844,corrected resampled t-test (berpasangan),1.0,0.9648759115401204,tidak berbeda
Hepatitis,XGB,utama,V2b,roc_auc,0.04638095238095239,-0.013955352318843588,0.10671725708074836,1.5447749695731763,0.12883527355485783,corrected resampled t-test (berpasangan),1.0,0.5797587309968603,tidak berbeda
Hepatitis,XGB,utama,V3,accuracy,0.004516129032258054,-0.04408754256448026,0.053119800628996364,0.18672459838594868,0.8526475323080563,corrected resampled t-test (berpasangan),1.0,0.9743161451399626,tidak berbeda
Hepatitis,XGB,utama,V3,balanced_accuracy,0.0009809523809523857,-0.07499469619842139,0.07695660096032617,0.02594644004803291,0.9794054415378655,corrected resampled t-test (berpasangan),1.0,1.0,tidak berbeda
Hepatitis,XGB,utama,V3,recall,-0.0052380952380952465,-0.16032186101797047,0.14984567054178,-0.06787523125607539,0.9461611727988326,corrected resampled t-test (berpasangan),1.0,0.9461611727988325,tidak berbeda
Hepatitis,XGB,utama,V3,f1,0.0022815284131073575,-0.11445625788937137,0.11901931471558609,0.039275226479660065,0.9688305451564584,corrected resampled t-test (berpasangan),1.0,0.9714054529694702,tidak berbeda
Hepatitis,XGB,utama,V3,average_precision,0.011197364936899646,-0.09171318666645062,0.1141079165402499,0.21865539459414185,0.8278266723802534,corrected resampled t-test (berpasangan),1.0,0.9648759115401204,tidak berbeda
Hepatitis,XGB,utama,V3,roc_auc,0.019428571428571444,-0.042941795242091976,0.08179893809923486,0.6259892007773972,0.5342272485924947,corrected resampled t-test (berpasangan),1.0,0.9995549423256764,tidak berbeda
